SampleID,Muribaculaceae,Akkermansia_dash_muciniphila,Bacteroides_dash_acidifaciens,Bacteroides_dash_uniformis,Parasutterella,Faecalibaculum,Bacteroides,Clostridia_dash_UCG_dash_014,Lachnospiraceae_dash_NK4A136_dash_group,Alloprevotella,Lachnospiraceae,Escherichia_dash_Shigella,Parabacteroides_dash_goldsteinii,Desulfovibrionaceae,Helicobacter_dash_ganmani,Oscillospiraceae,Mucispirillum_dash_schaedleri,Lachnospiraceae_dash_bacterium_dash_10_dash_1,Muribaculum,Roseburia,Bacteroides_dash_vulgatus_dash_ATCC_dash_8482,Clostridia_dash_vadinBB60_dash_group,Colidextribacter,Ruminococcus_dash_sp_dot__dash_N15_dot_MGS_dash_57,Oscillibacter,Lachnospiraceae_dash_bacterium_dash_28_dash_4,Rikenellaceae_dash_RC9_dash_gut_dash_group,Parabacteroides,Desulfovibrio,Lactobacillus,Ruminococcaceae,Anaerotruncus,Gastranaerophilales,Helicobacter_dash_mastomyrinus,Alistipes,Bilophila,Lachnoclostridium,Peptococcaceae,Lachnospiraceae_dash_UCG_dash_006,Bacteroides_dash_caecimuris
sample411,8398359.991968779,202870.64410296,194215.753142936,118745.1039715278,232643.4690054421,2977974.88152502,1500065.70119134,61622.82363537009,713855.4063827706,5197088.923675144,1836567.861717069,2226037.954918144,81702.17066262552,3202655.85084724,1472023.854480863,872066.813132007,158211.4067492367,22156.52085766116,62661.41055057295,217410.8609158001,0.0,515831.5012174237,391547.2670314808,0.0,385315.7455402635,48467.38937613377,808713.0113046322,1303080.382941197,49852.1719297376,85856.51832343698,270378.7935911463,383584.7673482588,102127.7133282819,145748.3637668023,1077360.826703774,8308.695321622934,147479.3419588071,32542.39000968982,142286.4073827927,35311.95511689746
sample412,14737749.58595569,784364.8614130312,343539.6486033819,241187.1279280381,280709.3883868342,4417372.64974083,805646.0785831523,404343.1262322991,4475135.953488301,10147087.02497246,5232139.249968321,432718.0824591271,284762.9535620954,22128412.29175059,14743829.9337186,3149620.141177909,1396453.202877464,143901.5637217706,105392.6945567897,710387.2969645153,0.0,201664.8674692419,2206152.846635878,0.0,958668.1639492605,146941.7376032165,2199059.107579171,4185306.04345713,220919.3020517323,269562.0841548661,1271806.073738184,1843358.763450005,48642.78210313372,582699.9939437894,1485631.636733209,32428.52140208915,544191.1247788086,176330.0851238598,755989.9051862033,58776.69504128659
sample413,25677827.04969819,2938165.582760127,574247.3963572186,234250.1034091218,192754.3708052202,4286107.606377187,748261.758889709,1037393.315097539,2635648.30635749,3948787.457468052,5623341.053838404,287792.9841883496,278422.9800519847,29295987.21835451,21880298.23043145,4347681.919273301,4425319.09640318,123148.625792224,117794.3377143012,2744072.639935426,0.0,267714.4038961391,1916835.131896356,5354.288077922783,1436287.776902787,133857.2019480696,2820371.245045826,2580766.853558782,258344.3997597743,112440.0496363784,1927543.708052202,2133683.799052229,120471.4817532626,509995.9394221451,2746749.783974388,49527.16472078574,829914.6520780313,115117.1936753398,708104.598305288,41495.73260390157
sample414,17138791.10144236,966318.1464282545,213695.9625466945,90914.51038170776,465819.7078320491,7853326.623591024,172456.390827157,124655.9781522385,3938379.099215835,1939197.13381189,4704122.965008156,157460.1829291433,100287.1403179663,14257644.65903648,3307601.104505636,2265364.655593687,934451.2046449756,641087.8876400836,190264.3877060482,631715.2577038251,0.0,399274.0352846135,1026302.978020309,0.0,615781.7868121855,95600.82534983702,956945.5164919961,809795.2264927372,145275.7640120072,165895.549871776,1307481.876108065,992561.5102497786,25306.10082789804,687951.0373213763,981314.3543262681,25306.10082789804,638276.0986592061,61859.35757930631,282116.1610813818,25306.10082789804
sample426,80741424.39227346,3588428.562230533,169881980.9803538,1895773.58004632,45078074.78869539,41774724.96030641,58287910.61807828,217372.5345541833,3068159.872969701,7843228.664815694,4628965.940752197,2273502.902386376,131848.9144017177,32367126.74353519,6752802.507871759,1108243.577809033,481070.3633576187,160356.7877858729,1204457.650480557,1681964.529665156,0.0,242316.923765319,356348.4173019398,21380.90503811639,171047.2403049311,342094.4806098622,1336306.564882274,5990216.894845609,42761.81007623277,249443.8921113578,174610.7244779505,612919.2777593364,28507.87338415518,573720.951856123,726950.7712959572,71269.68346038795,737641.2238150154,138975.8827477565,288642.2180145712,11980433.78969122
sample427,57873392.44972017,2857466.96893886,74199699.48750475,799122.118432054,21554502.95807185,23591053.56898506,21317187.9047193,94441.70490560638,435884.7918720295,16592681.07726192,355972.580028824,16444964.56446085,82333.79402027224,2893790.701594862,2106776.494048142,70225.88313493808,31480.5683018688,53274.80789547027,864504.8372128584,680464.5917557793,0.0,75069.04748907175,50853.22571840344,0.0,0.0,89598.54055147273,656248.7699851111,1765333.407081719,12107.91088533415,341443.0869664231,31480.5683018688,222785.5602901484,14529.49306240098,72647.46531200492,324492.0117269552,19372.65741653464,62961.13660373759,9686.328708267321,87176.95837440589,5104695.229256879
sample428,99732558.5615879,1055338.144189097,93360178.53211667,1136040.472862381,14538834.90406391,24744575.54551612,35630078.10925484,251418.7931744614,1747515.809348417,2706631.946273214,10984828.50672122,496629.7149125163,117949.5572917226,19231985.70998719,13377962.94545591,1570591.473410833,940492.5226155777,164508.593064771,1204327.058662852,7474277.20943337,0.0,148988.9144737549,412823.4505210292,49662.97149125164,505941.522067126,273146.343201884,766672.122396197,4227560.448192795,176924.3359375839,1291237.258772542,403511.6433664195,1787866.973685059,9311.80715460968,558708.4292765809,713905.2151867423,102429.8787007065,2539019.41749024,316601.4432567292,834958.708196668,7735007.809762442
sample429,350543152.6417425,6781728.898912996,49418338.1006589,922957.187426029,30684982.43413494,72478891.59518752,7858512.284243363,314340.4913697345,5363852.639968663,10834714.80891425,3317295.398284858,561800.0271288872,153826.1979043382,34095911.17027462,6454012.216421145,1544950.07460444,896204.8051817964,1578390.552409731,3477809.691750254,5484238.360067709,0.0,327716.6824918509,127073.8156601055,0.0,167202.3890264545,334404.7780529091,1083471.480891425,3277166.824918509,113697.6245379891,441414.30702984,220707.15351492,1023278.620841902,0.0,3036395.384720414,876140.5184986219,127073.8156601055,675497.6516668764,227395.2490759782,575176.2182510035,2855816.804571844
sample441,301667682.4268375,56047821.62383988,30080251.47104964,11209564.32476798,4530636.736781688,2888071.941989065,17821619.0457907,13362034.7301578,9792695.455977391,26164009.19949573,6649670.708689727,1295661.797419118,62693.31277834439,19526877.15336167,7794868.55544082,2231881.93490906,150463.9506680265,271671.0220394924,2980022.13406397,568419.3691903225,0.0,351082.5515587286,973836.1251569496,0.0,1295661.797419117,292568.7929656072,1767951.420349312,1111761.413269307,29256.87929656072,37615.98766700664,505726.0564119781,823372.1744889229,8359.10837044592,2194265.947242054,1115940.96745453,100309.300445351,133745.7339271347,902783.7040081592,238234.5885577087,1642564.794792623
sample442,158034007.1743825,36373232.44334443,12379692.45550743,3529928.898785362,6963026.830272372,6387909.56995489,3169013.475218779,10404927.57696833,2737675.529980667,11434856.95641443,9794599.05581508,214201.836750899,73356.79340784211,7670186.318723971,20745301.17573775,3670773.942128418,909624.2382572423,231807.4671687811,2517605.149757141,2227112.247862086,0.0,401995.2278749748,2150821.182717931,0.0,1757628.770051897,349178.3366213284,167253.48896988,563380.1733722275,0.0,55751.16298996001,762910.6514415579,1590375.281082017,23474.17389050948,487089.1082280716,305164.2605766232,49882.61951733263,604459.977680619,146713.5868156842,381455.325720779,610328.5211532464
sample443,135909203.4938042,49284613.72396643,49749415.92926623,7901637.490096411,9111681.220094744,10147748.70565126,10116588.78127362,30617222.36139559,1246396.975105579,8883175.107992053,3440574.983364359,176572.9048066237,72706.4902144921,6922696.53256557,2778426.59033952,1152917.201972661,88286.45240331185,83093.13167370527,4497415.751839299,810158.0338186263,0.0,160992.942617804,368725.7718020672,0.0,451818.9034757724,179169.565171427,594635.2235399534,849107.9392906758,0.0,225909.4517378862,215522.810278673,693308.3174024783,10952713.41874028,2251304.536284452,880267.8636683152,36353.24510724605,311599.2437763948,498558.7900422317,132429.6786049678,2199371.328988386
sample444,122007715.8260523,19905300.66567691,7051848.720236166,194353.7080443534,13497429.90343845,8864849.728112597,1009478.961185597,139238.4774049099,2851487.985188051,2633927.864242879,5792900.820366775,162444.8903057282,58016.03225204579,9244854.739363497,5082204.425279211,490235.4725297869,1218336.677292962,1038486.97731162,2407665.338459901,855736.4757176754,0.0,159544.0886931259,116032.0645040916,0.0,388707.4160887068,104428.8580536824,104428.8580536824,397409.8209265137,43512.02418903435,31908.81773862519,400310.622539116,786117.2370152205,0.0,385806.6144761045,174048.0967561374,37710.42096382976,153742.4854679214,284278.5580350244,240766.5338459901,380005.0112509
sample456,263490101.9659315,2629045.047046731,24889931.14633962,19418896.59360685,10630842.5889927,4357171.230619504,9774969.66869244,15123151.6491333,2018877.271330278,14246803.30011772,8714342.46123901,1695365.497628266,110567.315062713,10553035.9598745,20688373.17395652,1904214.870524501,266180.5732991238,163803.4297225378,18014282.18373609,323511.7737020121,0.0,298941.2592436314,503695.5463968036,0.0,687974.4048346586,307131.4307297583,462744.6889661691,1298142.180551112,45045.94317369789,45045.94317369789,470934.8604522961,1404614.409870761,7842089.197966495,339892.1166742658,999200.9213074804,24570.51445838067,364462.6311326465,773971.205438991,348082.2881603928,884538.520501704
sample457,136885520.9682362,6364180.583105896,16361978.72845584,3776993.520236014,15970369.76856735,7339993.073319846,2816160.607722716,9131122.57838361,3049414.031918595,21743927.00233322,14095782.61631424,199014.3894515294,32099.09507282731,12159137.21358699,18191627.147607,2542248.329767923,793917.6181345956,256792.7605826185,12734780.98522636,1846767.936523331,0.0,748978.8850326373,1793269.444735286,0.0,898774.6620391647,276052.2176263149,136956.1389773965,697620.3329161135,42798.79343043642,102717.1042330474,712599.9106167663,1902406.367982899,421568.1152897987,701900.2122591572,481486.4260924097,85597.58686087283,843136.2305795974,507165.7021506716,263212.579597184,530705.0385374116
sample458,212114816.7164088,3975145.402790808,102220183.874807,1114703.321124799,9828282.502527464,6068520.453309921,4957595.78751097,27531282.70411961,4523050.42503859,21980438.03045069,3714418.185307381,253169.906831734,83130.41716862906,5309010.732814719,6718449.169355567,627256.7840905648,117138.31510125,132252.9364046371,9866069.05578593,631035.4394164116,0.0,411873.4305172985,343857.6346520565,0.0,154924.8683597178,117138.31510125,963557.1080909278,661264.6820231858,15114.6213033871,71794.45119108872,268284.5281351211,411873.4305172985,14974811.05633077,234276.6302025001,1156268.529709113,15114.6213033871,230497.9748766533,362750.9112812905,64237.14053939519,2229406.642249597
sample459,141772971.2269335,6729017.460926587,8948017.867773948,1026231.425479105,29774214.38396614,15168420.63098501,1291791.311896943,13084450.67485859,21150269.59792243,3591809.989176867,5554252.539654455,130529.4356969037,0.0,4523520.099151318,7255636.218738233,661649.2085325808,436598.4573310227,337576.1268023371,24418006.50536905,418594.3972348981,0.0,211547.7061294646,153034.5108170595,0.0,540121.8028837395,175539.5859372153,94521.31550465438,711160.3737969236,40509.13521628045,99022.33052868555,301568.0066100878,738166.4639411104,0.0,306069.021634119,243054.8112976827,27006.09014418697,288064.9615379943,238553.7962736516,216048.7211534957,256557.8563697762
sample471,371753695.6874902,14186919.65990281,4707280.682261331,655114.6387294569,6173696.231205412,11540430.05973745,898071.0610397191,22889965.7876597,676807.1764357304,40031409.08315695,4173644.254687004,312372.5429703371,121478.2111551311,21644814.12331961,5904708.763647622,2269039.444076199,390465.6787129214,160524.7790264232,2885107.514934364,264648.9600165356,0.0,212586.8695214794,516282.3974093072,0.0,485912.8446205244,65077.61311882023,2117191.680132285,1830850.182409476,73754.62820132959,164863.2865676779,468558.8144555057,585698.5180693822,906748.0761222286,212586.8695214794,2464272.283432659,34708.06033003746,151847.7639439139,234279.4072277528,65077.61311882023,95447.165907603
sample472,241671526.0470128,3508322.20713883,1290025.091730037,50053.88362973687,5098670.600647287,13209674.92519329,222967.2998051915,13828522.94097912,200215.5345189475,31891149.40172826,814513.1972475364,227517.6528624403,59154.58974423448,3014608.900427334,939647.9063218784,125134.7090743422,52329.06015836127,88731.88461635173,1060232.262338972,0.0,0.0,147886.4743605862,127409.8856029666,0.0,100107.7672594737,0.0,177463.7692327034,941923.082850503,13651.05917174642,213866.5936906939,38678.00098661485,241168.7120341867,138785.7682460886,104658.1203167225,1067057.791924845,0.0,59154.58974423449,54604.23668698568,27302.11834349284,27302.11834349284
sample473,352728549.4965814,7238188.363967534,12307902.40347393,800929.6129640356,4639427.385733164,11971341.55547309,1831913.476460294,24159956.56978216,1235476.530636012,48520145.54280533,3344307.160514723,93725.80577238715,144848.9725573256,12474052.69552498,7268010.211258749,826491.1963565048,127807.9169623461,183191.3476460294,1077846.766382452,217273.4588359884,0.0,264136.361722182,894655.4187364227,0.0,511231.6678493844,68164.22237991792,583656.1541280472,2142912.74106867,63903.95848117305,106506.5974686218,494190.6122544049,771107.7656728216,984120.960610065,238574.7783297127,1895817.434941467,46862.90288619357,792409.0851665458,477149.5566594254,102246.3335698769,178931.0837472845
sample474,112335577.6756338,6067701.182416984,2815820.078208333,205320.2140360243,20176133.03260665,8191298.824732436,420417.5811213831,12718120.6865743,260072.2711122974,8944139.609531194,1138060.614942535,72350.93256507523,41064.04280720485,3541284.834468952,1816595.036566348,254205.9792826967,166211.6018386863,66484.64073547453,7473655.790911283,275715.7159912326,0.0,260072.2711122974,48885.76524667245,0.0,152523.587569618,0.0,74306.36317494212,557297.7238120659,58662.91829600694,35197.75097760416,123192.1284216146,307002.605749103,119281.2672018808,598361.7666192708,350022.0791661747,0.0,150568.1569597511,129058.4202512153,27376.02853813657,84083.51622427661
sample486,236563051.8978089,11485273.37379519,9979438.079926204,724060.1761460652,3609807.254989079,5173357.490434931,1353677.720620905,17786695.63141421,388264.1524261509,42934669.72031342,3294998.482751659,110183.0702830969,120676.6960243442,13022589.54488793,3174321.786727315,215119.3276955701,309561.959366796,94442.6316712259,5105148.923116823,110183.0702830969,0.0,414498.2167792692,246600.2049193121,0.0,257093.8306605594,73455.38018873126,1663239.679987701,1280222.340432173,162651.1989893335,125923.5088949679,251847.0177899358,561408.9771567318,7996142.81483046,152157.5732480862,1804903.62749454,36727.69009436563,152157.5732480862,209872.5148249465,0.0,125923.5088949679
sample487,185323212.053265,5627227.40415218,2676653.587026775,116470.0190970555,8047215.578724333,4197234.391904999,437840.9977167086,15154043.59585022,524115.0859367497,15408552.15609934,7143494.504619402,213528.3683446017,92744.64483654418,8510938.802907053,31235533.64006588,741957.1586923534,420586.1800727003,183332.4374675873,2607634.316450742,69019.27057603288,0.0,375292.2837571788,1552933.58796074,0.0,476664.337415727,28039.07867151335,297645.6043591418,513330.8249092445,116470.0190970555,112156.3146860534,427056.7366892034,700976.9667878338,5471934.045356106,461566.3719772199,562938.4256357681,0.0,148822.8021795709,252351.7080436202,84117.23601454007,62548.71395952979
sample488,161210348.5185528,6355820.511624574,11439479.14690357,618619.8928111831,4377733.515659783,3210337.911483841,1431805.71965169,25972057.75786306,139688.3628928478,26538294.51458942,1095056.98767786,182093.7587710337,79821.92165305588,1232250.91551905,2412118.694953282,573720.0618813391,77327.48660139789,72338.61649808189,3275193.222826949,0.0,0.0,229488.0247525357,164632.7134094278,0.0,251937.9402174576,22449.91546492197,586192.2371396291,820669.131995481,29933.22061989595,59866.44123979191,152160.5381511378,204543.6742359557,8580856.577703508,1818443.152658679,1342006.057792002,0.0,54877.57113647591,49888.70103315992,29933.22061989595,204543.6742359557
sample489,103585560.2877346,18583571.14102094,12601615.93971506,501384.4259109218,21076630.10672548,15820180.48024001,1601195.424683266,12398289.53658067,5757834.052396392,5295728.590727339,4535565.10628175,233363.2581428714,101663.2015671915,26032711.18312606,32888045.70698645,1548053.296591325,2603964.27650511,972731.9968133551,5771697.216246463,284194.8589264672,0.0,1088258.362230618,711642.4109703406,0.0,700089.7744286143,62384.23732532206,378926.478568623,1189921.56379781,566079.1905445892,233363.2581428714,478279.1528274692,783268.7575290437,5958849.92822243,628463.4278699112,640016.0644116374,11552.63654172631,935763.559879831,445931.7705106355,214879.0396761093,258779.0585346693
sample501,237236854.9407656,19748505.54411768,6220683.099826749,100953.898837992,10210765.76818548,5711106.277120693,807631.1907039365,18142857.819742,216329.7832242687,26997956.94638873,5384207.938026244,163449.1695472252,57687.94219313832,10691498.61979497,15532478.43550249,235559.0972886481,552842.7793509089,235559.0972886481,6244719.742407223,67302.59922532804,0.0,384586.2812875888,447081.5519968219,0.0,134605.1984506561,0.0,495154.8371577705,903777.7610258335,562457.4363830986,163449.1695472252,240366.425804743,1072034.259089154,3086304.9073329,322091.0105783556,1355666.64153875,43265.95664485374,399008.2668358734,230751.7687725533,91339.24180580235,134605.1984506561
sample502,249698006.176249,17117854.62026452,5545906.557866188,215712.8021252846,10544412.88668327,4752640.124244174,874448.6709809925,33792686.17379864,459259.5142022188,41342634.24818359,2943435.977386947,266741.6370366423,81182.23735897808,5258289.488365809,4112460.195356233,475495.9616740145,122933.1022864525,164683.967213927,5678117.630136524,55667.81990329926,0.0,517246.826601489,658735.8688557078,0.0,315450.9794520291,41750.86492747444,649457.8988718246,1189899.650433021,480134.9466659561,160044.9822219854,477815.4541699853,524205.3040894013,463898.4991941605,361840.8293714452,1628283.732171503,11597.46247985401,456940.0217062481,129891.5797743649,102057.6698227153,113655.1323025693
sample503,309232210.9812986,17640488.92035366,15636377.66993479,155157.000032429,5146040.501075562,2422173.167172919,2288565.750478328,9486126.585316008,1021450.250213491,37802279.0912343,15860493.33664829,443921.4167594496,120677.6666918892,15636377.66993479,21769389.0878833,2831615.250591829,702516.4168134979,344793.3334053978,6447635.334680939,189636.3333729688,0.0,241355.3333837784,2422173.167172919,0.0,1525710.500318885,51719.00001080966,866293.2501810619,1331764.250278349,780094.9168297125,112057.8333567543,1318834.500275646,2034280.667091847,1400722.916959428,344793.3334053978,2417863.250505352,81888.41668378196,418061.9167540448,577528.8334540413,99128.08335405187,181016.5000378338
sample504,221302435.3672831,21584008.16881368,5803078.301286231,129116.6989161337,41704693.74991118,28075708.86431929,817739.0931355134,46507117.63459738,326378.3222602268,26260901.92955364,702968.6940989501,301272.2974709786,86077.79927742247,4605162.261342102,4906434.55881308,835671.9679849764,294099.1475311934,136289.8488559189,9131419.873346565,208021.3482537709,0.0,964788.6669011102,545159.3954236757,0.0,258233.3978322674,60971.77448817424,1448976.287836612,1316273.013950585,455495.0211763605,154222.7237053819,208021.348253771,380176.9468086159,0.0,520053.3706344274,1190742.890004344,0.0,616890.8948215276,233127.3730430191,64558.34945806685,118356.9740064559
sample516,69975208.56990151,234513.4600177158,6440100.402024964,360789.9384887935,414908.4292621125,10471927.96463723,1497278.244728493,559224.4046576299,32768746.16324467,1380021.514719635,36520961.52352811,171375.2207821769,721579.8769775869,7053443.297455912,396868.9323376729,31677356.59931606,53947115.55253685,3445543.912567978,1217666.042399678,9912703.5599796,0.0,21097191.6531322,17182620.82052879,369809.6869510133,16921048.11512441,5285572.598860824,17462233.0228576,288631.9507910348,0.0,2570628.311732654,5601263.795038519,2805141.771750369,72157.9876977587,0.0,12853141.55866327,24010570.40642921,9010728.713757617,929034.0916086432,1506297.993190713,153335.7238577372
sample517,28045920.38067243,196218.873707996,3344639.892749932,187299.8339939962,258652.1517059947,4290058.102433912,829470.693401983,392437.747415992,30645820.45730338,276490.2311339944,38035244.86035223,200678.3935649959,338923.5091319931,6212111.160800874,312166.3899899937,44381141.61686309,24322221.30007751,3919917.95430292,258652.1517059947,12700712.55273574,0.0,17467939.27986864,16803470.82117566,508385.2636979896,14578170.4125327,2216381.368928955,8499844.847441826,120407.0361389975,124866.5559959974,138245.1155669972,7969161.984458838,5917782.850238879,191759.3538509961,0.0,17459020.24015465,26654550.18528846,5636833.099247884,1034608.606823979,3447208.84946093,182840.3141369963
sample518,121610944.0484306,387784.8478259927,6479238.499092627,444336.8048006166,5251253.147643652,10963000.80208067,1421877.775361974,953304.4175722321,29423175.3287972,88867.36096012333,16424304.07563006,226207.8278984957,1179512.245470728,807885.0996374849,282759.7848731197,7618356.489581482,5138149.233694403,125367609.7617449,210050.1259057461,3053805.676629693,0.0,1405720.073369223,2859913.252716696,58111175.21692427,1454193.179347473,767490.8446556106,21360482.0344151,1122960.288496104,0.0,492809.9107788658,1736952.964220593,1890451.133151714,646308.079709988,0.0,1195669.947463477,2633705.424818201,1502666.285325722,436257.9538042418,848279.354619359,72709.65896737363
sample519,99900887.10152146,173798.7999089702,1223276.16859006,227275.3537271149,12185969.70130972,8382449.810994178,487973.5535905701,494658.1228178383,4010741.536360851,60161.12304541276,20174029.92789508,73530.26149994892,842255.7226357786,848940.2918630466,80214.830727217,6323602.488995606,4017426.105588119,9124436.995220933,327543.8921361361,1898417.660544136,0.0,1002685.384090213,2179169.568089395,46725138.89860391,889047.7072266552,795463.738044902,16330402.62221593,340913.0305906723,46791.98459087659,1557504.629953464,815517.4457267063,1390390.399271762,421127.8613178893,0.0,1123007.630181038,3228646.936770485,1370336.691589957,334228.4613634042,240644.492181651,0.0
sample531,140691129.2937473,34223079.2125796,42816837.14015879,1857197.194565247,5512498.945686847,9995097.628932966,4161810.076912121,962365.8190019917,21129838.99089461,18394694.03162579,41483031.88224376,2076684.13574114,8568432.511289662,877947.7647035713,523391.936650206,27486518.47956565,20572679.83252503,2625401.488680872,253254.162895261,4263111.742070226,447415.6877816277,12831544.25335989,10847719.97734701,413648.4660622596,11734109.54748042,8779477.647035714,202603.3303162088,11067206.9185229,4980665.203606799,2093567.746600824,9817819.71490628,3562441.891393337,0.0,953924.0135721496,801971.5158349931,253254.162895261,3984532.16288544,1266270.814476305,5605358.805415109,109743.4705879464
sample532,137559420.4515153,52101458.57703733,19136835.87777642,1502208.959688934,8761330.516446643,8975931.796402205,2724503.206392353,3200358.218467729,45868690.96789318,5868878.482262979,26675872.14751966,10692742.0360467,4422652.465171149,550498.9355381809,410541.579045423,17690609.86068459,6167454.176114196,2659189.7733624,149287.8469256084,2957765.467213616,0.0,8444093.841729725,8388110.89913262,401211.0886125725,4637253.745126709,2939104.486347915,121296.3756270568,3638891.268811705,6503351.831696815,6148793.195248495,5738251.616203072,1716810.239644496,0.0,289245.2034183662,261253.7321198147,149287.8469256084,3470942.441020395,858405.1198222481,4385330.503439747,0.0
sample533,118395963.0566307,53096296.63787785,43732621.07849257,1609381.736769344,5287018.515419953,9855800.553273419,4003503.328657624,851243.2326713884,50456112.5490455,36297543.46812843,15960810.61258853,219461.1459230923,9363675.559385272,252712.8346993184,864543.9081818787,11910754.91964419,1908646.935755379,3125658.744965254,106405.4040839236,1323417.213293799,246062.4969440732,7634587.743021515,3657685.765384872,206160.4704126019,3744140.15620306,1868744.909223907,172908.7816363758,984249.9877762928,4941200.9521472,571929.0469510892,4262866.501112187,2966050.638839369,0.0,7800846.186902645,1662584.438811305,86454.39081818788,2221212.810251904,618481.4112378056,2520478.009237939,86454.39081818788
sample534,42935273.69830906,8126714.712847886,11452634.1622398,340785.6994617697,325887.9639661732,2027954.244338072,1024219.315322259,63315.37585628509,21285139.58933348,4104326.129036833,9117414.12330505,109870.7992800241,1851043.635327864,150839.5718929144,119181.8839647719,4225370.229938555,1085672.474241594,1162023.368656526,61453.15891933552,661087.0126170941,83799.76216273024,1433907.041451162,1495360.200370498,80075.32828883114,1026081.532259208,294230.2760380307,0.0,260710.3711729386,2636899.182720579,65177.59279323464,409687.7261289035,921797.3837900328,0.0,400376.6414441557,679709.1819865899,61453.15891933552,1063325.870998199,219741.5985600482,1150850.067034829,40968.77261289035
sample276,26756731.57571327,10330027.095816,3650378.773310506,1029733.713665202,9761585.028131329,6592475.098068228,457659.4282956455,152553.1427652152,2488069.114146962,5486464.813020417,8463067.205784556,107150.4217041392,9360224.973951418,1816.108842443038,0.0,2731427.699034329,98069.87749192405,207036.4080385063,0.0,3775690.283439075,0.0,2262871.617684025,2477172.461092303,99885.98633436707,693753.5778132405,1489209.250803291,5448.326527329114,2729611.590191886,1552773.060288797,877180.5708999874,1173206.312218203,2428137.522346342,0.0,145288.707395443,32689.95916397468,14528.8707395443,1712590.638423785,250623.0202571393,1550956.951446354,0.0
sample277,55264422.22156968,1959911.220758067,6618664.591783307,478877.9843599807,15447779.21733421,11508928.51153887,540719.8432673953,3379102.598248738,1996382.060626542,6548894.289426226,914942.3740917512,8098112.13949146,22443837.71732174,0.0,12685.50951946969,661232.1837023575,47570.66069801132,74527.36842688441,33299.46248860793,250538.8130095263,0.0,2094694.759402432,505834.6920888537,31713.77379867421,187111.2654121779,1146452.922822073,38056.52855840906,371051.1534444884,1174995.31924088,3737468.242173756,648546.6741828878,91969.94401615523,0.0,499491.9373291189,25371.01903893937,0.0,344094.4457156152,36470.83986847535,234681.9261101892,0.0
sample279,22979427.87727652,1838905.371849765,9287796.987619307,521464.8086167634,8183393.876687055,3986238.100015543,498147.2765241439,925282.0689480376,2211985.885331677,2478017.728752018,1692640.852359698,29492438.5458741,15789148.89017058,19077.98080305232,0.0,538423.0137750322,30736.74684936207,78431.69885699288,0.0,209857.7888335755,0.0,4808711.050191577,490728.0617674014,54054.27894198158,104928.8944167878,86910.80143612724,20137.86862544412,987815.4504691536,473769.8566091326,2055122.487617692,469530.3053195655,93270.12837047802,0.0,85850.91361373545,34976.29813892925,14838.42951348514,125066.7630422319,26497.19555979489,184420.4810961724,0.0
sample280,32864842.56924566,530431.1175825286,5095743.600465167,325725.904729077,6396072.311043695,2833686.625726081,345037.7172624215,1078886.593529512,2304542.962312442,1122660.03527176,1888695.265761091,5017208.896162898,6053609.502119052,7724.725013337796,0.0,1505033.923431981,849719.7514671575,88834.33765338466,0.0,405548.0632002342,0.0,732561.4220982009,762172.8679826624,38623.62506668898,320576.0880535185,2027740.316001171,18024.35836445486,211142.4836978997,757023.051307104,3902273.585904476,249766.1087645887,239466.4754134717,0.0,239466.4754134716,15449.45002667559,0.0,430009.6924091373,25749.08337779265,356624.8047824282,0.0
sample291,241904992.6076681,67470627.98805596,153830491.6092458,345749.9238040934,37072859.17687158,34179849.61034753,804397.7819115645,119954.0551973386,6399901.650822709,2970626.896357619,8897768.447284935,254020.3521825993,4932228.504878802,0.0,0.0,1319494.607170724,49392.84625772764,296357.0775463659,70561.20893961091,12256481.99281042,0.0,1446504.783262024,1629963.926505012,141122.4178792218,324581.5611222102,698555.9685021482,84673.4507275331,1065474.254988125,966688.5624726696,2547259.642719954,522152.9461531208,225795.8686067549,0.0,296357.0775463659,0.0,0.0,896127.3535330587,959632.4415787084,1707581.256338584,56448.96715168874
sample292,138460680.6179168,4844573.412214293,186661997.2561603,995910.0463362215,34025102.57208036,36542237.85402905,1824011.073875864,98496.59798929664,13289744.68425954,3418196.752443368,11750279.33790831,9068983.059310794,5938980.056539812,7296.044295503454,0.0,1302343.906747367,36480.22147751728,539907.2778672556,0.0,671236.0751863178,0.0,437762.6577302072,777028.7174711179,186049.1295353381,744196.5181413523,1656202.055079284,65664.39865953109,134976.8194668139,3254035.755794541,2473359.016175671,766084.6510278627,634755.8537088005,0.0,893765.4261991731,58368.35436402763,0.0,780676.7396188697,1586889.634272001,499779.0342419866,51072.31006852418
sample294,63801900.2401414,9916689.959255477,292710902.3082523,950915.4755450459,21528927.61829234,31339960.30248725,1207511.714977836,8618614.865654306,5554553.888898046,11270109.33979314,4417480.357293917,79217799.80135843,6218685.332135856,45281.68931166885,55344.28693648415,382378.7097429814,45281.68931166885,256596.2394327901,0.0,186158.0560590831,0.0,825133.0052348545,327034.4228064973,145907.6655598218,90563.3786233377,171064.1596218601,90563.3786233377,286784.032307236,412566.5026174273,1615046.918782856,166032.8608094525,201251.952496306,0.0,155970.2631846372,0.0,45281.68931166885,206283.2513087136,125782.4703101912,241502.3429955672,30187.7928744459
sample295,95497662.17455758,3630482.691020268,183335173.9489645,1016871.309290399,18114595.92706988,47103832.13696436,1479085.540786035,684917.4521253515,1500095.278581292,2664034.752438484,3672502.16661078,20745015.09903595,5840707.10708122,50423.37070861484,58827.26582671731,558859.0253538145,302540.224251689,0.0,0.0,88240.89874007597,0.0,92442.84629912721,302540.224251689,29413.63291335866,155472.0596848958,466416.1790546873,58827.26582671731,373973.3327555601,806773.9313378376,4315400.14314562,210097.3779525618,672311.6094481979,0.0,2159801.045352336,0.0,0.0,558859.0253538145,176481.7974801519,268924.6437792791,0.0
sample306,178577273.4953317,39055270.21556381,78831545.29051642,539493.1465356736,33176307.51593208,65581190.25223837,549577.1305830693,5152915.848219238,1815117.128531238,7956263.41339526,6347867.957835635,257141.5932085921,2894103.421602585,0.0,0.0,2127720.634000507,1431925.734730199,0.0,0.0,1976460.87328957,0.0,1275623.981995564,892432.5881945255,0.0,544535.1385593713,1063860.317000253,30251.95214218731,1028566.372834368,700836.8912940059,3912585.810389558,443695.2980854138,363023.4257062476,0.0,5092411.943934863,0.0,0.0,983188.4446210873,242015.6171374984,60503.90428437461,0.0
sample307,86374071.99781393,67064582.21136712,162323639.9675758,3821499.250922462,30031524.82760638,28530221.55045827,3854254.958787512,7266307.861396854,12212419.74901936,4877870.829570314,11781136.26212953,1771537.86703477,824351.9812704169,0.0,0.0,737003.4269636178,76429.98501844924,0.0,0.0,843459.4775250292,0.0,152859.9700368985,633277.0187242938,0.0,881674.4700342538,212912.1011228229,46403.91947548704,90078.19662888661,1086397.644190814,1700567.166660496,169237.8239694233,428553.8445677334,0.0,1001778.732206103,10918.56928834989,0.0,335746.0056167592,870755.900745904,270234.5898866598,0.0
sample309,20310084.21248538,33227702.64699449,148362390.3798104,1183213.361064194,9675125.182507219,3919612.402581387,1385651.045258068,5361108.326237767,1148310.312065251,540997.2594836287,3951025.146680437,9011967.251527287,638725.7966806714,0.0,0.0,383933.5389883817,45373.96369862693,0.0,0.0,0.0,0.0,841163.4808745454,565429.3937828895,20941.82939936627,984265.9817702149,62825.48819809882,0.0,34903.04899894379,834182.8710747566,575900.3084825726,181495.8547945077,600332.4427818332,0.0,1047091.469968314,0.0,0.0,188476.4645942965,910969.5788724329,122160.6714963033,0.0
sample310,78540020.3091947,49383371.2162705,151946270.1907085,20685094.48296066,18751596.52967827,16684753.88996262,14172039.95498573,15968026.20038381,4033676.764606349,3425291.632754565,6938090.71598096,5212943.835250561,1079258.555819261,0.0,0.0,825070.2473058441,458372.3596143578,0.0,0.0,237520.2227092581,0.0,350029.8018873278,329194.6946321297,0.0,500042.5741247541,195850.008198862,16668.08580415847,137511.7078843073,225019.1583561393,654222.3678132198,258355.3299644562,708393.6466767349,0.0,495875.5526737144,12501.06435311885,0.0,383365.9734956448,416702.1451039617,325027.6731810901,0.0
sample321,156390122.2973486,51385671.57998467,60456374.72333347,594573.5292134117,21978479.64383065,11213933.30679249,563462.1236150354,11193192.3697269,8268720.243479538,4694365.42251054,8403536.334405832,273089.0046968576,1337790.440730176,0.0,24197.75990984815,2219280.266017502,93334.21679512857,0.0,0.0,639512.2261888438,0.0,902230.7623529095,459757.4382871148,0.0,604943.9977462037,936798.9907955497,27654.58275411217,515066.6037953392,608400.8205904677,3695343.620518239,359509.5758034581,342225.4615821381,0.0,556548.4779265075,0.0,0.0,224693.4848771614,432102.8555330026,176297.9650574651,0.0
sample322,135737383.0702838,85175546.93123646,44283046.63241026,31434131.78602806,18248673.82209012,17299320.84868658,9870257.10443355,5344505.628049513,5399758.97570792,10779425.8249946,783592.9304283119,316450.9911345107,1074928.763536274,35161.22123716785,0.0,261197.643476104,25115.15802654846,0.0,0.0,25115.15802654846,0.0,296358.8647132718,210967.3274230071,0.0,175806.1061858392,0.0,0.0,185852.1693964586,210967.3274230071,1808291.377911489,50230.31605309693,221013.3906336265,0.0,642948.0454796407,0.0,0.0,0.0,0.0,35161.22123716785,0.0
sample324,437292.1600566863,160229.1884177171,313782.1606513627,33381.08092035772,69175613.99125731,34228960.37573481,46733.51328850082,80114.59420885854,357177.5658478276,40057.29710442927,96805.1346690374,273751568.4116696,176919.7288778959,46733.51328850081,0.0,110157.5670371805,70100.26993275122,0.0,0.0,33381.08092035772,0.0,76776.48611682277,0.0,0.0,0.0,103481.350853109,0.0,0.0,110157.5670371805,5314268.08252095,30042.97282832195,43395.40519646504,0.0,7290428.073006127,0.0,0.0,0.0,0.0,0.0,0.0
sample325,135809900.8258037,67491605.17073107,49616279.78775396,46557029.97144827,11573666.78078108,14880428.7181471,11623169.20499315,1366266.908253028,43740342.0337817,5940290.905447946,24231436.65180641,2618678.240818303,990048.4842413242,0.0,0.0,2168206.1804885,2752334.786190881,0.0,0.0,930645.5751868449,0.0,292064.3028511907,1133605.514456316,44552.18179085959,4133452.421707529,232661.3937967112,0.0,183158.969584645,3346363.876735676,1985047.210903855,861342.1812899521,2321663.695545905,0.0,1732584.847422317,0.0,0.0,108905.3332665457,975197.7569777044,920745.0903444315,0.0
sample336,134672995.1375991,91349531.46706867,70332444.83712606,553733.7020079256,21360070.93790274,13178035.63957668,623983.5000238565,1541363.215290718,39608489.05780572,7529125.410883884,8450637.467210507,326454.9437210904,1644671.741784734,66117.45695617022,61985.11589640957,1805833.043115399,929776.7384461436,0.0,0.0,140499.5960318617,0.0,1033085.26494016,1057879.311298724,0.0,1954597.321266782,144631.9370916224,28926.38741832447,855394.5993704521,1739715.586159229,3194299.639194974,512410.2914103192,727292.0265178723,0.0,2107493.940477926,0.0,0.0,0.0,293396.2152430053,235543.4404063564,0.0
sample337,145258055.6991646,126619824.3873306,36703602.52894816,41666700.16373272,15961504.49756813,17530532.81009706,7416763.881194911,1503124.053844355,8534601.499652518,14876619.00845281,2694470.268527064,3830051.341245902,2598148.659680377,30417.35016211173,0.0,190108.4385131983,288964.8265400614,0.0,0.0,344729.9685039329,0.0,950542.1925659917,164760.6467114385,0.0,182504.1009726704,190108.4385131983,17743.45426123184,456260.252431676,653973.0284854022,993633.4386289832,131808.5173691509,119134.621468271,0.0,539907.9653774833,60834.70032422346,0.0,76043.37540527932,38021.68770263966,200247.5552339022,0.0
sample339,122272778.9447934,147348978.8700193,24444896.50160271,152744380.807432,15865379.48220024,28884718.93987009,11573896.09975686,227683.20196243,1742121.469561017,17386717.24076738,6833945.804357179,8558818.546496801,3542888.612354782,0.0,89693.38259126029,489863.8587676524,362223.2758493204,0.0,0.0,13312567.8238336,0.0,148339.0558240074,545059.7865161203,10349.23645283773,362223.2758493205,548509.5320003995,34497.45484279242,783092.224931388,4529515.820858645,5257412.118041565,210434.4745410337,524361.3136104449,0.0,431218.1855349052,72444.65516986408,0.0,186286.2561510791,331175.5664908073,355323.7848807619,0.0
sample340,131634735.3760861,86677170.595866,51277436.49420878,192193670.7095117,9970702.95617437,26898466.33824151,17132574.03946492,4863440.372493269,30409506.17934627,20094201.16469311,20347776.26432845,13839348.70702129,1501944.820917039,35760.59097421521,39011.55379005295,1531203.486259578,2831588.612594678,0.0,0.0,1566964.077233794,0.0,412872.2776113938,1004547.510093864,35760.59097421521,2395959.595272419,864756.1090128405,0.0,588424.269666632,2252917.231375558,1466184.229942824,1027304.249804728,858254.1833811651,0.0,897265.737171218,0.0,0.0,104030.8101068079,1150840.836806562,887512.8487237048,0.0
sample351,178764761.4922813,73104440.16029303,40525337.96065796,1072811.49082191,33665846.3072209,41435602.2559008,515506.8202650737,8772904.3556822,7992677.816902629,3622480.358619437,464420.5587973637,157902.9899911037,1551164.666383195,0.0,0.0,130037.7564632618,46442.05587973637,0.0,0.0,0.0,51086.26146771001,1017081.023766227,78951.49499555184,0.0,46442.05587973637,120749.3452873146,0.0,887043.2673029647,199700.8402828664,2591466.718089289,106816.7285233937,65018.87823163092,0.0,896331.6784789121,0.0,0.0,0.0,55730.46705568365,83595.70058352547,0.0
sample352,267526137.3503538,156813050.42172,31099181.72152635,188727605.6472057,17399861.50436324,27194797.05833641,15617538.65275979,27477041.73278387,757879.2184237514,30273354.71110599,5049043.620671337,4411379.726549285,12481486.71445461,0.0,0.0,872867.7894949415,899001.5556474845,0.0,0.0,1761415.838681409,0.0,459954.2842847595,506995.0633593373,0.0,533128.8295118804,266564.4147559402,36587.27261356042,1986166.22759328,2435667.005417022,162029.3501457676,167256.1033762762,167256.1033762762,0.0,2372945.966650919,20907.01292203453,0.0,0.0,0.0,99308.311379664,0.0
sample354,197395555.9235757,97373962.75812753,17075878.94014403,251083616.9609119,9500714.163643176,35923530.75387388,13906745.57380564,1932235.32251434,695337.2786902818,17844761.50792656,7053661.817483145,13752969.06024913,5937110.610355482,0.0,0.0,554932.6358778209,4031619.02932923,0.0,0.0,3149075.560222333,0.0,127032.7720684168,922659.0813390276,33429.67686010969,106974.965952351,340982.7039731189,0.0,989518.4350592471,3363025.492127035,220635.867276724,173834.3196725704,1210154.302335971,0.0,2126127.448302977,20057.80611606582,0.0,528188.8943897332,514817.0236456893,120346.8366963949,0.0
sample355,274846780.959715,141208122.2840216,31000863.62787142,196771624.8072746,20229502.15793037,27946518.66310731,15566830.61751753,5134840.810328059,2050985.266194254,36917734.79149657,24882336.83855331,6625125.068497985,10825464.1987855,0.0,0.0,1947698.238400298,8528557.43784373,0.0,0.0,8774478.932591243,0.0,290187.3638020647,1091891.436678955,0.0,1514876.407644677,555782.5781293781,0.0,2060822.125984154,4062623.093228905,565619.4379192786,486924.5596000745,2867444.628755995,0.0,309861.0833818656,59021.15873940298,0.0,378719.1019111691,1534550.127224478,408229.6812808706,0.0
sample366,303732867.5985122,153373048.9869987,39609460.11729935,1666893.399204638,17366615.61841031,47966554.62552894,878701.7240151146,114962847.0166384,2383431.285740568,4193632.262252393,2296692.488949378,260216.3903735747,803276.6833271219,0.0,0.0,863616.7158775161,64111.28458479376,0.0,0.0,56568.7805159945,0.0,520432.7807471494,403523.9676807608,0.0,362040.1953023648,188562.6017199817,0.0,1116290.602182292,177248.8456167828,3918330.863741219,237588.8781671769,67882.5366191934,0.0,1263369.431523877,49026.27644719523,0.0,162163.8374791842,158392.5854447846,196105.1057887809,0.0
sample367,79231667.94134751,70031107.1600253,7686260.598245795,50078751.26349778,6794564.671625894,7161268.026064256,3510063.403454961,4873988.82967534,164884.6018158099,7373639.393203019,860038.0830712644,204456.9062516043,2733127.159698865,9233.537701685354,0.0,201818.7526225513,54082.14939558565,0.0,0.0,162246.448186757,0.0,25062.45947600311,118716.9133073831,0.0,183351.6772191806,44848.6116939003,0.0,447167.0401244764,160927.3713722305,55401.22621011213,36934.15080674142,85739.99294422116,0.0,122674.1437509626,17147.99858884423,0.0,110802.4524202243,35615.07399221494,21105.22903242367,0.0
sample369,80638153.80724655,66997717.29466362,11617518.52350494,56459972.70106654,3933083.17220737,10935695.6734157,4596334.971905071,1192526.735856467,395298.0726198301,6708128.702142553,4047162.481755375,1205791.771850422,3785841.27267448,0.0,0.0,267953.7270778714,128670.8491413541,0.0,0.0,786616.6344414742,0.0,26530.07198790806,432440.1734029014,7959.021596372419,23877.06478911726,96834.76275586443,5306.014397581613,500091.856972067,386012.5474240623,33162.58998488507,57039.65477400234,108773.2951504231,0.0,256015.1946833128,31836.08638548967,0.0,175098.4751201932,92855.25195767822,63672.17277097936,0.0
sample370,80068013.07331188,40837496.94301324,15562095.34863591,72719375.21188381,7638981.254643189,12200633.06889963,5778920.3719069,4912548.107660782,638134.4096866564,8710301.796452904,4639283.737575985,625713.3019555295,2786986.047171651,0.0,0.0,1071320.541809715,2360010.468914155,0.0,0.0,630371.2173547021,0.0,63658.17712202657,1049583.603280243,0.0,810477.2794560456,217369.3852947248,0.0,571370.9556318482,555844.5709679393,108684.6926473624,220474.6622275066,312080.3317445693,0.0,1842981.859605988,18631.6615966907,0.0,290343.3932150968,341580.4626059962,79184.56178593548,0.0
sample381,60862702.28823522,64028660.90998869,22815342.95060903,10071884.12888903,18779458.76161704,20369568.60993014,4144030.67344378,28896502.96093648,833084.4571505853,149741.2861640138,666705.2503016808,165190.7839428407,610849.3737166914,74870.64308200694,253134.0789915472,499137.6205467128,53479.03077286209,35652.68718190806,38029.53299403527,117653.8677002966,0.0,493195.5060163948,111711.7531699786,0.0,167567.6297549679,60609.5682092437,46348.49333648047,449223.8584920416,154494.9777882683,105769.6386396606,168756.0526610315,42783.22461828968,0.0,1416600.104027814,155683.4006943319,0.0,72493.79726987972,83189.60342445214,185393.9733459219,71305.37436381611
sample382,82888884.87594777,48164924.46763933,10261523.41406263,90063572.71208012,6885113.260488377,4755196.71171646,6855714.826412852,9266386.420606049,555630.4040274565,3757119.874852325,5494567.32871596,880483.1005620277,2004973.203950928,82315.61541147504,111714.0494870018,1109790.886351137,737900.6952957227,72026.16348504066,55857.02474350092,1278831.882285416,0.0,194029.6648984768,401288.6251309408,29398.4340755268,1245023.68309856,74966.00689259334,58796.8681510536,721731.556554183,135232.7967474233,32338.27748307948,310153.4794968078,689393.2790711034,0.0,395408.9383158354,113183.9711907781,0.0,0.0,370420.2693516377,89665.22393035673,63206.63326238262
sample384,58054452.65376668,51383762.8909282,9115538.605826357,38874881.16470662,3995632.525145892,3049815.08953744,4961972.414545846,3910865.868180984,119565.6003505023,1568629.29415062,514845.9059868645,5180581.161455347,739700.6170937794,41044.90758300827,54429.11657746749,109750.5137545656,25876.13738928782,19630.17319187352,33906.66278596335,183809.8035239066,0.0,160610.5079335106,82089.81516601653,9815.08659593676,119565.6003505024,39260.34638374704,55321.39717709809,405987.6728319296,125811.5645479167,19630.17319187352,33014.38218633273,48183.15238005319,0.0,153472.2631364657,82089.81516601655,0.0,33014.38218633274,8922.805996306146,20522.45379150413,66028.76437266548
sample385,34335948.4016603,32212528.22043733,8731894.299245086,68585007.42579006,2346013.193323561,1716309.277512618,6131070.684174768,287027.8313928951,834723.7953772972,4284915.482936792,3895377.71176072,87865.66267129444,849368.0724891796,48814.25703960803,84936.80724891795,640443.0523596574,1110036.205080686,64434.81929228259,24407.12851980401,263596.9880138833,0.0,175731.3253425889,459830.3013131075,11715.42168950593,790790.9640416498,58577.10844752962,56624.53816594531,326079.2370245816,106415.0803463455,8786.566267129445,149371.6265412005,507668.2732119234,0.0,414921.1848366682,67363.67471465906,0.0,67363.67471465908,253834.1366059617,166944.7590754594,56624.53816594531
sample396,107319461.8624303,62652267.41257848,11837159.35065188,4910098.38936628,8403030.656771753,4633721.593797159,2158091.148380149,13063213.85865532,2111048.289559873,3986882.285018369,3243017.079922759,149949.1124896289,338120.5477707318,91145.53896428423,482189.3029078263,1846432.208695823,41162.50146774126,147008.9338133617,38222.32279147403,934976.8190529802,0.0,1111387.539629014,505710.7323179642,17641.0720576034,1217233.971974635,220513.4007200425,38222.32279147403,358701.7985046025,670360.7381889292,267556.2595403183,264616.080864051,129367.8617557583,0.0,3551735.840930818,129367.8617557583,0.0,0.0,208752.6860149736,802668.7786209547,52923.2161728102
sample397,52285245.49415557,39499037.3018559,6015579.15054557,76553959.81746407,3758267.365063975,4279486.92664219,5425124.910361728,2736729.276958299,161983.0216433552,2773306.088297122,1929426.798122868,165901.9657153718,483336.4355487211,36576.81133882214,61396.79046159431,611355.2752345987,20901.03505075551,44414.69948285545,35270.49664814992,70540.99329629984,0.0,100586.2311817609,161983.0216433552,0.0,73153.62267764428,19594.72036008329,56171.53169890543,309596.581689316,100586.2311817609,296533.4347825938,88829.3989657109,47027.3288641999,0.0,198559.8329821773,118874.636851172,0.0,0.0,335722.8755027604,45721.01417352767,49639.95824554433
sample399,107768324.4454361,142625051.7398549,17214817.85047081,154660963.6536731,16078148.88515353,5057840.603068586,13414711.54630358,1099676.78005547,1143394.817183058,13212935.9903301,8158458.313194408,5404221.974156395,1557034.706928694,242130.667168177,181598.0003761327,635593.0013164646,359833.0748193741,107613.6298525231,0.0,8222353.905919344,0.0,174872.14851035,413639.8897456357,0.0,817191.0016925973,158057.5188458933,80710.22238939232,803739.2979610319,1782350.744432414,181598.0003761327,161420.4447787846,413639.8897456356,0.0,403551.1119469617,295937.4820944385,0.0,174872.1485103501,675948.1125111608,195049.7041076981,191686.7781748068
sample400,65829486.42350585,83180188.95181362,6466261.618761686,71012883.28738068,9521938.126690565,7276491.990269173,5744325.582610781,3092032.998958064,150619.748549469,2981232.264392938,737517.3894491238,1355577.736945221,403383.924276164,60594.15171530361,55400.3672825633,22506.39920854134,10387.56886548062,29431.44511886175,43281.53693950258,10387.56886548062,0.0,148888.4870718889,88294.33535658524,0.0,25968.92216370154,48475.32137224288,58862.8902377235,365296.1717694017,244107.8683387945,164469.8403701098,51937.84432740309,43281.53693950258,0.0,53669.10580498319,147157.2255943088,0.0,0.0,45012.79841708267,22506.39920854134,65787.93614804391
sample31,28426.4015382479,19171.29406067882,16526.97763851622,0.0,2443348.374078238,2040090.119698442,24054685.4133076,97839.70762001604,1560807.768181472,1983.237316621947,3963830.31682173,67430.06876514619,20892082.97240113,3305.395527703245,0.0,1558163.45175931,3952591.97202754,0.0,0.0,175185.962968272,1501971.727788354,969803.0478281319,540762.7083322508,0.0,530846.521749141,7153537.001055362,5949.71194986584,79990.57177041851,0.0,16526.97763851623,752308.0221052584,1258694.616949396,0.0,0.0,0.0,0.0,118333.1598917762,1434541.659023208,52886.32844325191,0.0
sample32,295.5420268174155,28.546673044864,60.45177821265318,0.0,10750.34122548349,10703.32317576254,27008.51113256427,1010.888069000478,7323.061244038347,45.33883365948989,5974.650746683889,591.0840536348311,28214.18826469441,13.43372849170071,0.0,5816.804436906406,261.9577055881638,0.0,0.0,177.9969025150343,4908.348547655145,9702.510403130835,982.3413959556141,6.716864245850353,2040.247514677045,15971.02396057068,0.0,10.07529636877553,0.0,68.84785851996612,1586.859178082146,1257.732830035479,0.0,15.1129445531633,0.0,0.0,302.2588910632659,5326.473346959331,866.4754877146955,0.0
sample33,17986.06728143852,6652.381049299177,4188.536216225408,2463.844833073769,2794985.578638884,1850101.085155093,14679094.7464869,220514.1125601023,323256.4420992786,3449.382766303277,608816.0582525284,12319.22416536885,6610495.687136923,0.0,0.0,329662.4386652703,51987.12597785653,0.0,0.0,18725.22073136065,420824.6974889998,1076207.423086622,90915.8743404221,1231.922416536885,529973.0235941678,1489640.586076401,739.1534499221308,12565.60864867622,0.0,0.0,335575.6662646474,97814.63987302863,0.0,0.0,0.0,0.0,26609.52419719671,1212458.042355602,42624.51561217621,0.0
sample34,135570.434749285,71091.81334413726,57865.42946615824,0.0,6823160.78305243,23442112.12573307,54492701.57727358,99197.87908484269,5758436.880875118,16532.97984747378,8165638.746667302,46292.34357292659,41970622.64079694,1653.297984747378,6613.191938989514,2774234.018406101,1395383.499126787,0.0,0.0,234768.3138341277,3723227.061651096,3313209.161433746,1195334.442972354,0.0,1069683.796131554,30169381.62567015,0.0,19839.57581696854,0.0,11573.08589323165,2212112.703591992,788623.1387244994,0.0,0.0,0.0,0.0,429857.4760343183,8279716.307614869,208315.5460781697,0.0
sample35,29877.11143250547,12548.3868016523,0.0,9560.675658401753,3731651.217919934,3259592.857286347,17867110.17886693,98594.46772726806,956665.1080688252,10158.21788705186,3515938.473377245,26889.40028925493,13426176.33553931,4780.337829200877,4780.337829200877,3070769.513032912,1605595.968382844,0.0,0.0,180457.7530523331,3719700.373346931,5753136.577443253,501337.9298374419,4182.795600550766,650723.4869999692,5578056.704448773,0.0,61546.84955096128,0.0,13145.92903030241,916032.2365206179,1524330.225286429,0.0,0.0,0.0,0.0,108155.1433856698,2302330.206988872,76485.40526721402,0.0
sample46,101785.5137069731,36897.24871877775,7633.913528022983,34352.61087610342,8145385.734400523,16133003.92255524,46681381.22386055,225200.449076678,18531325.08927579,29263.33519075477,4375504.770478506,50892.75685348656,39588203.23740585,31807.97303342909,12723.18921337164,2856355.978401933,7135164.510858815,31807.97303342909,0.0,830824.2556331679,2535731.610224967,178124.6489872029,258280.7410314442,20357.10274139462,306628.8600422565,2648967.994223975,10178.55137069731,151405.9516391225,0.0,0.0,348615.3844463829,321896.6870983025,0.0,0.0,0.0,0.0,159039.8651671455,1657831.554502324,211204.9409419692,0.0
sample47,27471.42977637969,0.0,15697.95987221696,0.0,11594415.04937025,8682934.05432001,14191446.28573014,22565.81731631188,3993659.103741197,5886.734952081361,2912462.117542253,28452.55226839325,9603717.513074733,5396.173706074581,4415.051214061021,331128.8410545766,1314213.578052164,20113.01108627798,0.0,135394.9038978713,2879103.952813792,24037.50105433222,41207.14466456953,7358.4186901017,103998.9841534374,973273.5120774517,2943.367476040681,23546.93980832545,0.0,0.0,236450.520575268,109885.7191055187,0.0,0.0,0.0,0.0,1191573.266550469,258525.7766455731,117244.1377956205,0.0
sample48,122959.8027633134,30967.65402927895,37343.3475058952,11840.57359943018,24334200.37353664,18693533.27343886,51886304.32605686,62846.12141236023,2766140.155497652,21859.52049125573,10110028.22720578,42808.22762870913,18298240.27788865,7286.506830418575,0.0,311498.1670003941,856164.5525741825,15483.82701463947,0.0,89259.70867262754,881667.3264806475,108386.7891024763,81062.38848840665,9108.133538023218,117494.9226404995,1782461.733391144,2732.440061406966,58292.0546433486,0.0,11840.57359943018,256849.3657722548,58292.05464334861,0.0,0.0,0.0,0.0,310587.3536465918,333357.6874916498,62846.12141236022,0.0
sample49,72561.51836955694,5149.52711009759,11703.47070476725,5617.66593828828,12608851.19848804,13833970.51186308,15909698.0760606,17789.27547124622,9616975.947521338,7958.36007924173,1331386.827374323,18725.5531276276,11133745.75085918,0.0,0.0,315057.4313723344,826733.1705847585,12171.60953295794,0.0,83796.85024613349,1007902.897094555,127801.9000960584,77242.90665146385,4213.249453716209,54772.24289831072,620283.9473526642,0.0,22002.52492496243,0.0,2340.69414095345,124993.0671269142,41196.21688078072,0.0,0.0,0.0,0.0,564107.2879697816,190532.5030736108,32301.57914515761,0.0
sample50,42967.12766162238,5035.210272846373,3021.126163707824,0.0,13784055.96225937,12260065.6530112,13068720.42283034,46995.29587989948,1162126.530972943,4028.168218277099,1543124.108284984,27861.49684308326,8933805.74676889,2349.764793994974,0.0,106410.7770994867,172875.5527010588,8056.336436554197,0.0,39610.32081305813,1538760.259381852,33232.38780078605,26518.77410365756,9399.059175979895,29875.58095222182,427321.5118222288,2685.445478851399,55722.99368616653,0.0,4363.848903133523,39946.00149791456,62436.60738329503,0.0,0.0,0.0,0.0,15441.31150339554,361192.4169055131,37596.23670391958,0.0
sample61,54155.5603371227,13172.97413605687,0.0,17563.9655147425,6974357.973145667,9162535.343524002,24174603.03535371,2428950.064309597,24960590.49213843,13904.80603250448,2061570.452292901,38055.25861527541,11599535.55869452,0.0,5854.655171580832,626448.1033591491,38787.09051172301,13904.80603250448,0.0,1647353.598903557,292000.926682594,145634.5473930732,130997.9094641211,2927.327585790416,168321.3361829489,195399.1163515103,0.0,35127.93102948499,0.0,32932.43534014218,322006.0344369458,197594.6120408531,0.0,0.0,2927.327585790416,0.0,9513.814653818852,279559.7844429847,68060.36636962717,0.0
sample62,76505.22615488071,4722.544824375352,0.0,0.0,11281215.07646784,10367874.90743365,33040812.60925971,80283.26201438098,7982045.262159219,5667.053789250423,10743789.47545393,40613.88548962802,10421711.91843153,10389.59861362577,7556.071719000563,887838.4269825661,17001.16136775127,15112.14343800113,0.0,376859.0769851531,6400937.254958352,489255.6438052865,316410.5032331486,7556.071719000563,448641.7583156584,1267531.030862344,0.0,44391.92134912831,0.0,0.0,555371.2713465415,282408.180497646,0.0,0.0,0.0,0.0,322077.557022399,301298.3597951475,99173.44131188239,0.0
sample63,107189.6395149195,13049.17350616412,8388.754396819788,0.0,20546855.76927727,10947324.48784982,37745666.45040158,69906.28664016491,24813003.42197107,23302.09554672163,2904373.188943385,28894.59847793483,11022823.2774212,25166.26319045937,0.0,408252.713978563,263779.7215888889,15845.42497177071,0.0,65245.86753082059,249798.4642608559,301995.1582855124,451128.5697845308,0.0,315044.3317916765,411981.0492660385,1864.167643737731,35419.18523101688,0.0,15845.42497177071,288945.9847793482,135152.1541709855,0.0,0.0,0.0,0.0,63381.69988708284,149133.4114990185,89480.04689941107,0.0
sample64,64011.39910245966,11164.77891321971,4465.911565287883,14886.37188429294,15628457.52272495,16524617.11015938,23467620.95699361,59545.48753717178,4357985.369126759,9676.141724790414,2177131.888077844,25306.832203298,9516857.54562848,0.0,0.0,253812.6406271947,66244.3548851036,8931.823130575765,0.0,31261.38095701518,497204.8209353843,1633034.995706936,49869.34581238136,0.0,40937.5226818056,101971.6474074067,0.0,0.0,2232.955782643941,17119.32766693689,100483.0102189774,14142.0532900783,0.0,0.0,0.0,0.0,67732.99207353289,404164.9966585535,30517.06236280054,0.0
sample65,59089.64294678632,0.0,7303.214296793816,0.0,18123258.24178007,15967482.16708102,22137370.39072693,1373004.287797237,1788623.574142049,7967.142869229617,1634592.145336944,23901.42860768885,9577833.585958872,0.0,3319.642862179007,240342.1432217601,7303.214296793816,9958.928586537022,0.0,61745.35723652953,3821572.862940473,1050335.001593438,179924.6431301022,0.0,99589.28586537023,441512.500669808,5975.357151922212,49130.71436024931,0.0,10622.85715897282,131457.8573422887,55770.00008460732,0.0,0.0,0.0,0.0,23901.42860768885,381095.00057815,45147.14292563449,0.0
sample76,94139.00992955762,42690.94636340404,24082.07230756125,0.0,7229000.250869749,318540.1382500147,33370089.74072749,6507632.721293257,25315731.19349859,15324.9551048117,9193878.42323668,54731.98251718465,12356292.37307961,6567.837902062159,0.0,593294.6904862818,13135.67580412432,17514.23440549909,0.0,1286201.589153839,367798.9225154809,510102.077060161,565928.6992276893,0.0,581253.654332501,200319.0560128958,4378.558601374772,49258.78426546619,0.0,0.0,311972.3003479525,413773.7878299161,0.0,0.0,0.0,0.0,0.0,1648527.313417602,70056.93762199636,0.0
sample77,69782.27086988279,14483.11282205115,15141.43613214438,22382.99254316995,11348177.21938716,2056602.020731262,23791146.10345938,2810382.210788016,7078950.553432543,15141.43613214438,1341662.905970011,407502.1289477118,12171081.35700371,5266.586480745871,8558.20303121204,2593135.518457248,5266.586480745871,13166.46620186468,0.0,167872.4440737746,4578638.621698442,1009209.634372927,138906.2184296724,0.0,308095.3091236334,106648.3762351039,4608.263170652637,51349.21818727224,0.0,5266.586480745871,210663.4592298349,120473.1657470618,0.0,0.0,0.0,0.0,39499.39860559403,193547.0531674107,80315.44383137453,0.0
sample78,100800.1082816967,29568.03176263103,9408.010106291691,20160.02165633934,16110545.30630264,1712257.839345088,46603250.06223777,1813057.947626784,18978644.38727785,9408.010106291691,3546819.810071968,38976.04186892272,16462673.68456671,0.0,0.0,379008.4071391796,1253953.347024307,0.0,0.0,0.0,1689409.814801237,307776.3306201139,439488.4721081977,0.0,268800.2887511912,73920.07940657758,5376.005775023825,116928.1256067682,0.0,8064.008662535736,201600.2165633934,26880.02887511912,0.0,0.0,0.0,0.0,5376.005775023825,56448.06063775016,65856.07074404185,0.0
sample79,66315.53807369895,14028.28690020555,17216.53392297954,0.0,12867764.98391582,2941476.703211281,24853660.84133235,6324206.794374484,18394910.02259681,9564.741068321966,1827503.193454051,27418.9243958563,9451877.123715768,0.0,7651.792854657572,397255.5790376389,43360.15950972624,9564.741068321966,0.0,64402.58986003456,432326.2962881527,481425.3004388722,149847.6100703774,0.0,332852.9891776044,54200.1993871578,3188.247022773989,31244.82082318508,0.0,0.0,161962.9487569186,48461.35474616462,0.0,0.0,0.0,0.0,20404.78094575352,563682.0736264411,67590.83688280855,0.0
sample80,99894.90452884595,0.0,29302.50532846148,0.0,16269550.11759804,2012549.34324115,38984319.47539722,4721699.154063451,18172881.03188765,18647.04884538458,1987242.634093842,47949.55417384605,14944277.71751535,0.0,22642.84502653842,3176657.964017301,47949.55417384605,13319.32060384612,0.0,67928.53507961525,7203088.582559985,1029583.482677306,582054.3103880758,0.0,586050.1065692295,259726.7517749995,11987.38854346151,94567.17628730749,0.0,0.0,480827.4737988452,59936.94271730757,0.0,0.0,0.0,0.0,13319.32060384612,165159.575487692,63932.73889846141,0.0
sample81,84903.56530943605,8086.053838993907,28301.18843647868,0.0,20027807.68354808,9975495.086038817,30767434.85737181,4185880.53731918,8153437.620985523,0.0,8118398.054349883,32344.21535597563,9560410.988970462,6738.37819916159,0.0,447428.3124243296,12129.08075849086,24258.16151698172,0.0,29648.86407631099,1070054.45802686,495944.635458293,309965.3971614331,0.0,132072.2127035672,153635.0229408843,0.0,0.0,0.0,10781.40511865854,123986.1588645733,70079.13327128053,0.0,0.0,0.0,0.0,16172.10767798781,172502.4818985367,32344.21535597563,0.0
sample82,107403.9514081544,10564.32308932666,37855.49107008721,0.0,16905558.023695,15555085.38877607,32254639.11222919,1824106.453423737,6963649.63638116,10564.32308932666,2812751.022533224,50180.53467430166,15513708.45667621,3521.441029775554,5282.161544663332,1280924.174580858,14085.76411910222,22009.00643609722,0.0,15846.48463399,6332431.331793891,596003.8942895127,597764.6148044005,15846.48463399,1066116.271764549,96839.62831882774,7042.882059551109,136455.8399038028,7923.242316994999,0.0,815213.5983930408,60744.85776362832,0.0,0.0,0.0,0.0,52821.61544663332,131173.6783591394,89796.74625927664,0.0
sample83,46308.57051597768,8419.740093814125,0.0,0.0,29469090.32834944,22218290.81755984,37991270.59330496,19058081.70234827,6410228.791423821,12629.61014072119,2016527.752468483,75777.66084432713,13381773.58910191,9823.030109449812,14032.90015635687,342402.7638151078,7016.450078178437,22452.640250171,0.0,0.0,2276136.405361085,436423.1948626988,165588.2218450111,0.0,140329.0015635687,115069.7812821264,7016.450078178437,77180.9508599628,0.0,0.0,109456.6212195836,14032.90015635687,0.0,0.0,0.0,0.0,4209.870046907063,70164.50078178437,42098.70046907062,0.0
sample84,59680.01046830245,23666.21104777511,47332.42209555022,0.0,20345738.74120249,11128264.02094295,36595165.03974442,5766323.770075291,13724344.4763141,4115.86279091741,1311931.264604924,42187.59360690345,13653345.84317078,0.0,14405.51976821094,579307.6878216255,13376.55407048158,13376.55407048158,0.0,7202.759884105468,879765.6715585964,597829.0703807538,239749.0075709392,0.0,438339.3872327042,84375.1872138069,10289.65697729353,73056.56453878403,0.0,0.0,83346.22151607757,47332.42209555022,0.0,0.0,0.0,0.0,0.0,170808.3058230726,67911.73605013726,0.0
sample85,158747.3596075979,37796.9903827614,29157.67829527308,0.0,22361779.42445258,11100436.11841155,35657680.7270971,4981643.332447952,15196549.96189195,4319.656043744159,2073434.900997197,48596.1304921218,12322898.77879115,10799.1401093604,0.0,2464363.772956043,36717.07637182536,241900.7384496729,0.0,26997.850273401,7909290.216095556,748380.4095786758,551836.0595883164,0.0,538877.0914570839,143628.5634544933,0.0,55075.61455773804,0.0,4319.656043744159,355291.7095979571,37796.9903827614,0.0,0.0,10799.1401093604,0.0,2159.82802187208,64794.84065616239,57235.44257961011,0.0
sample96,159734880.6348141,76052041.66329297,0.0,0.0,51516300.62721644,22683605.76708915,43824887.98291246,1006888.082594961,3933261.807595032,23572.6306962031,7068421.690190044,47145.2613924062,5950405.49145584,0.0,0.0,191948.564240511,23572.6306962031,228991.2696202587,0.0,0.0,2872493.426265893,138068.2655063324,336751.8670886158,0.0,121230.6721519017,158273.3775316494,37042.70537974773,3367.518670886157,0.0,0.0,191948.564240511,70717.89208860931,0.0,0.0,37042.70537974773,0.0,0.0,235726.306962031,205418.6389240556,0.0
sample97,59485855.02750023,51345044.26030743,50508.67994243708,0.0,25004767.67032649,21093316.07360776,32591468.50756256,90618.5140143724,6289816.202243489,19312.14233093182,7222741.231768501,51994.22935250875,5527729.354876717,0.0,0.0,414468.2854099984,525884.4911653743,234716.8067913252,0.0,11884.39528057343,6745879.871135493,84676.31637408568,1215179.417438633,0.0,967092.6659566627,148554.9410071679,11884.39528057343,32682.08702157693,0.0,8913.296460430072,589763.1157984565,22283.24115107518,0.0,0.0,35653.18584172029,0.0,75763.01991365562,343161.9137265577,193121.4233093182,0.0
sample98,126072139.7671618,62632785.29420374,32262.76715017363,0.0,38385523.40489547,27003936.10469533,42748166.47398005,10309746.48043326,2760258.967292633,17923.75952787424,2394614.272923999,136220.5724118442,5624475.739846936,0.0,10754.25571672454,78864.54192264665,78864.54192264665,175652.8433731675,0.0,0.0,2473478.814846645,78864.54192264666,250932.6333902394,0.0,53771.27858362271,136220.5724118442,32262.76715017363,10754.25571672454,0.0,39432.27096132332,229424.1219567903,0.0,0.0,0.0,50186.52667804787,0.0,103957.8052616706,172068.0914675927,132635.8205062694,0.0
sample99,148731596.3513757,22569832.61189889,0.0,0.0,24332212.48839477,12725140.72115038,36086149.24534716,41591217.56924021,625360.6013372489,9475.160626321953,8598708.268387172,99489.1865763805,3373157.182970616,0.0,0.0,852764.4563689758,23687.90156580488,255829.3369106927,0.0,0.0,994891.8657638051,194240.7928396001,142127.4093948293,14212.74093948293,265304.4975370147,156340.1503343122,0.0,0.0,0.0,0.0,663261.2438425368,322155.4612949464,0.0,0.0,47375.80313160977,0.0,265304.4975370147,1719741.653677434,217928.6944054049,0.0
sample100,46813257.44069744,38651527.71817064,22978.65133915692,11489.32566957846,16543192.79848429,16518777.98143643,13669425.21538097,440902.8725700734,5603918.595336894,10053.15996088115,5012218.323353603,43084.97126091923,2954192.862790362,0.0,0.0,330318.1130003807,0.0,168031.387917585,0.0,0.0,5499078.498601991,47393.46838701115,453828.3639483491,8616.994252183846,202499.3649263203,94786.9367740223,11489.32566957846,4308.497126091923,4308.497126091923,0.0,265690.656109002,44521.13696961653,0.0,0.0,18670.154213065,0.0,145052.7365784281,244148.1704785423,137871.9080349415,0.0
sample111,72581199.10962965,49743186.04989336,0.0,0.0,22254560.17134887,14382198.75019144,16886113.18665292,995101.8650339438,24130794.96986586,0.0,7013341.862452907,64639.09550647841,978091.5767427653,23814.40360764994,13608.23063294282,166700.8252535496,20412.34594941423,370824.2847476919,0.0,0.0,7654629.731030338,88453.49911412834,175205.9693991388,0.0,64639.09550647841,146288.4793041353,13608.23063294282,8505.144145589264,267061.5261715029,79948.35496853909,69742.18199383197,40824.69189882847,0.0,0.0,25515.43243676779,0.0,141185.3928167818,93556.5856014819,411648.9766465204,0.0
sample112,121143842.0258894,38597494.02002031,36011.84364622159,0.0,23317668.76092848,12946257.79081666,34495745.02871567,2351573.39009827,19208717.4008946,21607.10618773296,8135075.479681458,126041.4527617756,583391.8670687899,0.0,0.0,604998.9732565227,262886.4586174177,363719.6208268381,0.0,0.0,12996674.37192137,226874.614971196,1941038.372531344,0.0,842677.1413215853,259285.2742527955,0.0,0.0,396130.2801084375,46815.39674008807,572588.3139749233,86428.42475093182,0.0,0.0,0.0,0.0,187261.5869603523,586993.051433412,446546.8612131478,0.0
sample113,55072416.06547406,36484279.80342146,17538.98600811276,0.0,14747098.3262759,13941899.42317618,12674309.07077166,8968799.663239477,7849493.465267192,6377.813093859184,3471124.776332861,31889.06546929592,438474.6502028189,0.0,7972.26636732398,255112.5237543674,803604.4498262572,216845.6451912123,0.0,0.0,3713481.67389951,84506.02349363419,679237.0944960031,0.0,441663.5567497485,86100.47676709898,11161.17291425357,0.0,1565753.11454243,23916.79910197194,200901.1124565643,30294.61219583113,0.0,0.0,25511.25237543674,0.0,36672.42528969031,223223.4582850715,208873.3788238883,0.0
sample114,154349679.5589636,26699009.71674923,36300.48907783716,0.0,21176149.59276401,8986963.938841686,16120010.04263669,25226247.01701984,640444.3430161271,20743.13661590695,20400874.86174448,147794.848388337,492649.49462779,31114.70492386042,20743.13661590695,1462391.13142144,28521.81284687205,272253.6680837787,0.0,0.0,4428659.667496134,173723.7691582207,570436.2569374411,0.0,430420.0847800692,775274.7310195221,12964.46038494184,0.0,228174.5027749764,28521.81284687205,469313.4659348947,347447.5383164414,0.0,0.0,57043.62569374411,0.0,298182.5888536624,2248037.430748916,412269.8402411506,0.0
sample115,56329909.77604652,29561020.55851091,9745.659130803897,17054.90347890682,17376510.23022335,7499284.701153597,13352771.21659269,1399720.292661709,13684123.62704002,8527.451739453409,4253980.210595901,62128.57695887483,233895.8191392935,7309.244348102921,6091.036956752435,81619.89522048263,41419.05130591655,230241.196965242,0.0,0.0,4546349.984520018,56037.5400021224,154712.3387015118,0.0,56037.5400021224,96238.38391668846,0.0,3654.622174051461,581084.9256741822,37764.42913186509,45073.67347996801,0.0,0.0,0.0,21927.73304430877,0.0,119384.3243523477,63346.78435022532,198567.8047901294,0.0
sample126,23832827.52703573,14529923.65541662,22337.69138375005,0.0,4504767.762389595,8323768.399298063,11126404.0782459,1329092.637333128,7917967.005826601,0.0,5678985.739462057,27549.81937329174,946373.5249582106,14147.2045430417,11913.4354046667,78926.50955591685,29783.58851166674,174233.9927932504,0.0,0.0,3167484.638215757,33506.53707562508,54355.0490337918,0.0,16380.97368141671,70736.02271520851,4467.53827675001,0.0,7842763.444834644,51376.69018262513,61056.35644891682,37229.48563958342,0.0,0.0,11913.4354046667,0.0,160831.3779630004,52121.2798954168,252415.9126363756,0.0
sample127,47718999.11765197,32457242.07118018,698258.0055152304,23510.37055606837,5965756.528602347,16975663.06000916,16932168.87448044,28342927.22386822,1512892.345282999,48196.25963994014,1169640.935164401,56424.88933456408,758209.4504332048,22334.85202826495,23510.37055606837,164572.5938924786,29387.96319508545,21159.33350046153,61126.96344577775,17632.77791705127,6761582.571925261,70531.11166820509,224524.0388104529,5877.592639017092,250385.4464221281,49371.77816774356,32914.51877849571,41143.14847311964,244507.853783111,98743.55633548714,41143.14847311964,27036.92613947862,0.0,0.0,12930.7038058376,11755.18527803418,129307.038058376,49371.77816774357,94041.48222427347,116376.3342525384
sample128,53186945.00638921,20547555.7980267,532170.2419397713,11568.91830303851,7203965.427302079,18926750.343771,12290818.80514811,10910646.85159562,9049207.89663672,45118.78138185017,2380883.386765324,52060.13236367328,80982.42812126955,77511.752630358,17353.37745455776,39334.32223033092,96022.02191521961,61315.26700610408,61315.26700610408,41648.10589093863,2452610.680244164,38177.43040002707,59001.48334549638,0.0,84453.1036121811,75197.96896975029,39334.32223033092,31236.07941820397,3876744.523348204,222123.2314183393,41648.10589093863,46275.67321215403,0.0,0.0,15039.59379395006,67099.72615762334,72884.1853091426,79825.53629096571,214024.9886062124,104120.2647273466
sample129,53654488.35975061,11027099.49310092,362109.6002425633,19159.23810807214,5150961.165355192,16449163.87768533,7450069.73832385,15296735.7054848,419587.3145667798,28738.8571621082,11137265.11222233,13411.46667565049,582440.8384853929,68973.25718905969,24907.00954049377,639918.5528096092,82384.72386471018,45024.20955396951,47898.09527018033,58435.67622962001,3621096.002425633,24907.00954049377,248112.1334995341,0.0,414797.5050397617,111123.5810268184,43108.28574316231,52687.90479719837,3213962.1926291,253859.9049319558,211709.5810941971,639918.5528096093,0.0,0.0,25864.97144589738,50771.98098639116,724219.2004851268,311337.6192561722,120703.2000808544,79510.83814849936
sample130,20720122.07527268,19870077.52222329,244897.057555968,10986.03622680978,4349097.091288322,13106798.97009352,6904266.017040499,10336486.83489965,1166350.846079638,21972.07245361956,538315.7751136792,10986.03622680978,201410.6641581793,23803.07849142119,8697.278679557743,47148.40547339198,6866.272641756113,22887.57547252038,21514.32094416915,6866.272641756113,2090093.392150561,2746.509056702445,37993.37528438382,6408.521132305706,35246.86622768138,22887.57547252038,8697.278679557743,14648.04830241304,434406.1824684368,94296.81094678395,16021.30283076426,10528.28471735937,0.0,0.0,4577.515094504075,11901.5392457106,52183.67207734645,12359.290755161,29296.09660482608,51268.16905844564
