,MiceID,Vendor,Day,RandomizedGroup,SCFA_value_observed,SCFA_deriv_observed,SCFA_deriv_predicted,SCFA_mol,SCFA_value_predicted
0,BI1,Beijing,0,A,5.233899217,5.8808024689043,3.989053509278541,Acetate,5.233899217
1,BI1,Beijing,1,A,14.94481013,12.145962032063801,3.290336435149231,Acetate,9.265710792394595
2,BI1,Beijing,3,A,32.23625077,-0.43475069219141416,2.280225808559899,Acetate,15.430978238034548
3,BI1,Beijing,5,A,16.24623832,-8.454816978298146,3.522067404392112,Acetate,21.13247455582962
4,BI1,Beijing,8,A,10.35320702,1.0556516172778534,2.449053120481514,Acetate,30.676136073475504
5,BI1,Beijing,13,A,14.03788356,0.8503067623483576,2.9305681381069464,Acetate,42.44579544164079
6,BI1,Beijing,19,A,18.51233557,-0.11793858126619729,1.540142171364123,Acetate,57.8486318379858
7,BI1,Beijing,25,A,13.95237315,-0.42130764228356826,1.5903412918462352,Acetate,63.71105259104708
8,BI1,Beijing,31,A,25.22553886,5.15977079540047,1.0866674601824755,Acetate,75.64304532046292
9,BI5,Beijing,0,C,8.06512734,8.66910972729407,0.04077703098865381,Acetate,8.06512734
10,BI5,Beijing,3,C,18.56934828,-0.10288786011762832,3.1172877450055427,Acetate,13.123621805133766
11,BI5,Beijing,5,C,17.0320859,-0.7395265611372877,2.4717351161922325,Acetate,17.732082894966226
12,BI5,Beijing,8,C,16.86592811,0.2269664508628778,2.3485085472695113,Acetate,25.340202370057725
13,BI5,Beijing,13,C,16.04894579,-0.7450625113732002,2.292828937346329,Acetate,36.10251035636274
14,BI5,Beijing,19,C,10.87206938,-0.17075016639337148,2.036945907794589,Acetate,50.16696841721396
15,BI5,Beijing,25,C,14.63773858,0.722459571946686,1.1719705626979136,Acetate,59.821797374642735
16,BI5,Beijing,31,C,11.09942031,-2.6054126563933724,1.273430259660037,Acetate,62.67506955414623
17,BI2,Beijing,0,B,13.45982298,18.46394472891046,1.4555280117069673,Acetate,13.45982298
18,BI2,Beijing,1,B,21.18045108,-0.8933242776069696,0.8612922790781694,Acetate,14.420640400906725
19,BI2,Beijing,3,B,10.49036403,-1.2793057671790993,1.9254795865150791,Acetate,17.068313312254546
20,BI2,Beijing,5,B,19.99590757,4.233732081323365,3.0662461467998283,Acetate,23.02552423180792
21,BI2,Beijing,8,B,16.02339091,-1.834745450848174,2.125667994078956,Acetate,30.165777279270564
22,BI2,Beijing,13,B,24.02425479,0.9087461636513197,1.892857625804846,Acetate,40.34493901236641
23,BI2,Beijing,19,B,12.61188283,-1.7423525654479963,1.736849869583662,Acetate,51.4774147508025
24,BI2,Beijing,25,B,14.32081293,1.2089431681406648,1.6862307074704075,Acetate,63.09490383975221
25,BI2,Beijing,31,B,13.88256768,-2.458077682114663,0.9261590591646314,Acetate,71.37084690362948
26,BI4,Beijing,0,E,12.58036796,2.137760477604189,3.349433178176974,Acetate,12.58036796
27,BI4,Beijing,5,E,19.45946,0.6993984845453508,1.9947843130766167,Acetate,29.739493852782253
28,BI4,Beijing,13,E,19.24264988,-0.5346643204025274,2.151969684889842,Acetate,49.09499213649289
29,BI4,Beijing,19,E,15.65832907,-0.5063619932501664,2.031362310558249,Acetate,60.165189688867436
30,BI4,Beijing,31,E,22.83638541,2.317693875306055,0.7882383978133964,Acetate,90.53669117307177
31,BI3,Beijing,0,D,18.07537795,23.205174905575387,1.8803518189960362,Acetate,18.07537795
32,BI3,Beijing,1,D,36.22477671,12.919169565171968,4.100480831349282,Acetate,21.232907131694184
33,BI3,Beijing,3,D,39.04876247,-10.792996002182583,2.4383425338839553,Acetate,28.35146037710937
34,BI3,Beijing,5,D,9.663097181,-9.589704849941642,2.1809242854549233,Acetate,31.62920646238483
35,BI3,Beijing,8,D,17.18006479,5.537238961732085,1.8809237508375471,Acetate,39.159704543055575
36,BI3,Beijing,13,D,17.07292161,-1.0851062723350524,1.2848921325897638,Acetate,45.6435506430818
37,BI3,Beijing,19,D,21.57232377,0.3023388345957291,1.847987961361505,Acetate,54.494683522864605
38,BI3,Beijing,25,D,14.55195495,-1.3847323960478646,1.3959411915811721,Acetate,65.51724317899888
39,BI3,Beijing,31,D,20.04828756,4.474572644595728,0.9421955773358797,Acetate,73.40854476198896
40,BI1,Beijing,0,A,1.109581982,4.401418919773986,1.5566326245067899,Butyrate,1.109581982
41,BI1,Beijing,1,A,5.38276989,3.952820145261787,1.9001702826569669,Butyrate,3.2482051992245653
42,BI1,Beijing,3,A,9.701298118,-0.4028389211186972,1.4740705518658266,Butyrate,7.046246961040779
43,BI1,Beijing,5,A,5.492082247,-2.1774959252869976,1.3296066585105788,Butyrate,9.733984687503803
44,BI1,Beijing,8,A,3.394469157,-0.07661079163696569,1.237420933314604,Butyrate,13.942193748861335
45,BI1,Beijing,13,A,2.041557845,-0.27001783965785264,1.0548900680284765,Butyrate,20.015017936865547
46,BI1,Beijing,19,A,1.475981058,0.023126906318910335,1.1105381457049064,Butyrate,25.84558011252384
47,BI1,Beijing,25,A,2.049320986,0.1813917848822115,0.9562392357165856,Butyrate,30.29233618594566
48,BI1,Beijing,31,A,3.813547059,0.4200889546522436,0.35158847036722923,Butyrate,35.390505287228436
49,BI5,Beijing,0,C,1.835172277,4.9118809540286295,1.4344725462900396,Butyrate,1.835172277
50,BI5,Beijing,3,C,6.129034212,-0.7511973841781183,1.7140923885458403,Butyrate,5.687083277949088
51,BI5,Beijing,5,C,4.601346397,-0.19955312125869082,0.8551299906512979,Butyrate,7.812395720949491
52,BI5,Beijing,8,C,6.411691906,0.4976096078106322,0.77637791342857,Butyrate,10.67699408648927
53,BI5,Beijing,13,C,4.099376854,-0.6914758890922212,0.582669877660466,Butyrate,14.53134344511384
54,BI5,Beijing,19,C,2.648912218,0.05526322719301561,0.6886111726944852,Butyrate,17.966212470833398
55,BI5,Beijing,25,C,3.676643461,0.25905628382015883,0.31438700514787166,Butyrate,24.569665650189688
56,BI5,Beijing,31,C,5.418496784,0.2933039205263493,0.3263058711098041,Butyrate,28.101842776309915
57,BI2,Beijing,0,B,1.546647185,6.679363503113053,2.0252720775676063,Butyrate,1.546647185
58,BI2,Beijing,1,B,5.047879588,0.9193731778135196,0.7801491020783173,Butyrate,2.8519118459510198
59,BI2,Beijing,3,B,3.714451542,0.1322862758927755,1.108276384322488,Butyrate,4.735941859255602
60,BI2,Beijing,5,B,6.645948359,0.948584875115379,1.3406017164903163,Butyrate,7.965074974322846
61,BI2,Beijing,8,B,4.349549936,-0.6418843741660575,0.7288240156121207,Butyrate,10.20811920170975
62,BI2,Beijing,13,B,8.44747269,0.47383148442667405,0.9664127832751749,Butyrate,15.55554795584947
63,BI2,Beijing,19,B,3.225958432,-0.9748500285980972,0.7369733216971797,Butyrate,21.13566863900241
64,BI2,Beijing,25,B,2.214316072,0.3089903209657152,0.3091728193667061,Butyrate,24.419977191811654
65,BI2,Beijing,31,B,2.990095232,-0.37904285526476367,0.4269822333880606,Butyrate,28.19592436172388
66,BI4,Beijing,0,E,1.477688466,1.8173892950295467,2.624171413019679,Butyrate,1.477688466
67,BI4,Beijing,5,E,5.142657647,-0.09371349065738378,0.6820938551675434,Butyrate,8.792806368043756
68,BI4,Beijing,13,E,2.38695697,0.06446993925612107,0.6396634500920546,Butyrate,15.488687456696539
69,BI4,Beijing,19,E,5.998275642,0.8752588511903641,0.8033888247854419,Butyrate,19.239512031955172
70,BI4,Beijing,31,E,4.051144381,-2.255957128904426,0.2613811797645137,Butyrate,42.70957121579271
71,BI3,Beijing,0,D,1.682655797,10.299537640404218,2.0006345241777983,Butyrate,1.682655797
72,BI3,Beijing,1,D,7.334946234,1.7435135486194122,2.901911535273464,Butyrate,3.991227432529741
73,BI3,Beijing,3,D,4.048509558,-2.0760689645249064,1.2701326647646505,Butyrate,9.104070844491941
74,BI3,Beijing,5,D,3.19141797,0.3454699134802132,0.9904436576147075,Butyrate,11.447226722840034
75,BI3,Beijing,8,D,3.751975269,0.01885510538629318,1.067360137334414,Butyrate,15.491791741850395
76,BI3,Beijing,13,D,3.64445568,0.19340666040608115,0.4812419139165507,Butyrate,20.070869775251385
77,BI3,Beijing,19,D,5.569833505,0.011659376169691106,0.5037253301370054,Butyrate,23.773911882237872
78,BI3,Beijing,25,D,3.324433177,-0.4000554165848456,0.8255216886410236,Butyrate,28.241504850071212
79,BI3,Beijing,31,D,5.090017333,1.3486542041696912,0.47483159575916256,Butyrate,32.57325138767592
80,BI1,Beijing,0,A,1.930933382,12.404127652175521,4.029821842279992,Propionate,1.930933382
81,BI1,Beijing,1,A,11.38480337,6.676379790994095,2.3261547427149063,Propionate,4.477840797963982
82,BI1,Beijing,3,A,15.70081177,-1.669301522315607,1.8529545055402667,Propionate,8.941792133434657
83,BI1,Beijing,5,A,9.737915793,-2.469505067231667,2.6261023545239524,Propionate,13.146773025521274
84,BI1,Beijing,8,A,8.660390474,0.35743635238174915,2.547726104880802,Propionate,20.990919496445976
85,BI1,Beijing,13,A,7.152088528,-0.49134213324988507,1.6565002295715745,Propionate,31.298451211140772
86,BI1,Beijing,19,A,5.540548279,-0.15876576217860427,1.8750479757789735,Propionate,42.62982646973083
87,BI1,Beijing,25,A,4.730903197,-0.08418748353569797,2.0165564593747805,Propionate,56.484034613802024
88,BI1,Beijing,31,A,4.853439856,0.15196148482139574,1.8809870748063966,Propionate,65.92679007560994
89,BI5,Beijing,0,C,3.134209359,1.4354249588786279,0.6245398846426545,Propionate,3.134209359
90,BI5,Beijing,3,C,9.241505341,2.1813479632952157,1.6374905017521766,Propionate,6.199288245766309
91,BI5,Beijing,5,C,12.78773871,1.1627708579301947,1.8382128071358528,Propionate,9.776742665221512
92,BI5,Beijing,8,C,13.18752654,-0.7070633243437968,1.85543348023898,Propionate,16.281513455163783
93,BI5,Beijing,13,C,7.434375222,-0.9525247741834066,1.8134370324902247,Propionate,25.959116389312396
94,BI5,Beijing,19,C,5.668429405,0.014343138159544822,1.5561326401921418,Propionate,35.5696782123343
95,BI5,Beijing,25,C,5.700256671,0.02809294604522747,1.8778876492063121,Propionate,46.914111618581735
96,BI5,Beijing,31,C,6.387468704,0.232804727159545,1.688259507510645,Propionate,58.35585031779456
97,BI2,Beijing,0,B,3.621771332,18.569294818944936,1.6567141997318424,Propionate,3.621771332
98,BI2,Beijing,1,B,13.78954601,3.147306765981153,1.8535315264170151,Propionate,5.451921630473699
99,BI2,Beijing,3,B,8.574914641,-2.837729219276794,2.244567274267558,Propionate,10.044651894155804
100,BI2,Beijing,5,B,9.083936648,1.1451960681260214,2.3009973314567147,Propionate,14.738907421140565
101,BI2,Beijing,8,B,9.094751511,-0.31327213296491524,1.9747350935350414,Propionate,21.171688144036107
102,BI2,Beijing,13,B,9.041563615,-0.25176337033048773,1.7286403093336713,Propionate,30.399679808583244
103,BI2,Beijing,19,B,5.143903656,-0.5034398756079559,1.985229078425592,Propionate,42.13390314544505
104,BI2,Beijing,25,B,4.9495616,0.21952186526231124,1.9437141771182385,Propionate,52.116440420726796
105,BI2,Beijing,31,B,5.148518139,-0.37234034394128906,1.5126283572402257,Propionate,64.04341459756715
106,BI4,Beijing,0,E,3.14877291,2.258550158454702,4.187624115861538,Propionate,3.14877291
107,BI4,Beijing,5,E,9.006324441,0.310834907538083,1.4338924661674335,Propionate,13.43503935537125
108,BI4,Beijing,13,E,8.009767614,0.01951888690944524,1.7272853007378834,Propionate,29.577502527976502
109,BI4,Beijing,19,E,10.1960036,0.5113941005696291,1.3848673226558963,Propionate,38.916389318268756
110,BI4,Beijing,31,E,5.617318711,-2.065837613486665,1.5205547972755873,Propionate,59.81984915903354
111,BI3,Beijing,0,D,2.859915669,27.07669678607582,3.7473735717088776,Propionate,2.859915669
112,BI3,Beijing,1,D,20.06945996,8.542785875838343,2.2445976938725405,Propionate,6.466481491535483
113,BI3,Beijing,3,D,16.89272701,-6.917942506181698,2.0656800488182814,Propionate,10.629832031594242
114,BI3,Beijing,5,D,5.279243849,-3.0563400176115474,2.646861705711722,Propionate,15.44439979751097
115,BI3,Beijing,8,D,7.639116865,1.8881497510802865,2.4423232913301844,Propionate,23.501962839389666
116,BI3,Beijing,13,D,9.123327973,-0.15258361827561592,2.0551322260530416,Propionate,35.31817111448945
117,BI3,Beijing,19,D,9.486621697,-0.34413292112363353,1.6165824650719243,Propionate,45.237143535206215
118,BI3,Beijing,25,D,4.720261389,-0.67241798922985,1.9912009253549094,Propionate,56.33780603861503
119,BI3,Beijing,31,D,8.284436134,2.4327120965430327,1.4452185536455968,Propionate,67.91107446542365
120,GI3,Guangdong,0,C,8.61262829853012,11.745671848178205,4.187328699246866,Acetate,8.61262829853012
121,GI3,Guangdong,1,C,17.8113337989718,7.086632999888678,4.2209321463362475,Acetate,12.432374410887938
122,GI3,Guangdong,3,C,28.7550359627395,5.596644552613142,-2.5734089105038747,Acetate,14.022237068366655
123,GI3,Guangdong,5,C,36.5868202735479,-1.3099814984770919,-3.377285771928227,Acetate,6.933056352944309
124,GI3,Guangdong,8,C,13.650936674074,-7.159428236689249,1.5735031737599152,Acetate,2.9224828384594783
125,GI3,Guangdong,13,C,14.7901163991275,2.823954929046756,-2.898028057644029,Acetate,16.55494064450425
126,GI3,Guangdong,19,C,22.5439797449251,0.8630532711586922,-1.4682268726620291,Acetate,2.860385286901611
127,GI3,Guangdong,25,C,28.1396723572033,0.39860996535637494,3.922861014761202,Acetate,10.859074158410351
128,GI3,Guangdong,31,C,20.0844877182696,-3.687239145911942,12.927444509210238,Acetate,77.248718811445
129,GI1,Guangdong,0,A,12.4667730155678,-11.331097348926672,3.3009808667477256,Acetate,12.4667730155678
130,GI1,Guangdong,1,A,8.22836937691673,1.5766443416407496,1.8720289864927082,Acetate,14.785630246241206
131,GI1,Guangdong,3,A,19.3101012215601,4.394504583067481,-2.1481923799401645,Acetate,18.541053530309387
132,GI1,Guangdong,5,A,21.0751572468432,0.11551913097903524,-2.1215283298324312,Acetate,16.7431523133483
133,GI1,Guangdong,8,A,24.6749199497202,0.40178623026757965,-0.9679279273209411,Acetate,8.366079907040373
134,GI1,Guangdong,13,A,16.8515023108773,-1.0298378582362258,-1.1975211270579922,Acetate,19.661590771330626
135,GI1,Guangdong,19,A,22.7678208479052,1.3744416684653609,-2.2236019983511603,Acetate,-0.00015097763550987907
136,GI1,Guangdong,25,A,25.7304484564891,-0.028455742819317578,14.684246392644974,Acetate,64.0511450018054
137,GI1,Guangdong,31,A,26.7276726074903,0.719307182604461,14.602530779266578,Acetate,157.6390196447723
138,GI2,Guangdong,0,B,8.1060155949481,4.127181199136877,5.580267126922957,Acetate,8.1060155949481
139,GI2,Guangdong,1,B,11.4100251414235,2.688596141209231,0.6140746665380612,Acetate,9.494084439436586
140,GI2,Guangdong,3,B,16.818662771521,3.551074478469508,0.040624991762267866,Acetate,9.260109739349376
141,GI2,Guangdong,5,B,22.809648799155,0.2065414315099896,-2.3496317546899195,Acetate,5.084076827016753
142,GI2,Guangdong,8,B,12.1445773611735,-3.544671751059214,1.494613287614855,Acetate,1.4677118276130854
143,GI2,Guangdong,13,B,14.6556686875105,2.2922160189655285,-0.9669334058713087,Acetate,14.343003143887811
144,GI2,Guangdong,19,B,23.6162741722224,0.4561441151413217,-3.3603023533282936,Acetate,-8.28944727175619e-06
145,GI2,Guangdong,25,B,20.3956149024421,-1.2468193720650145,13.963947271214124,Acetate,59.518845069110114
146,GI2,Guangdong,31,B,12.0489757034791,-1.2525158612529133,13.305965226966576,Acetate,139.06943807107274
147,GI4,Guangdong,0,D,8.48663220435083,14.622298623771217,3.470930667264563,Acetate,8.48663220435083
148,GI4,Guangdong,1,D,16.7271472416462,3.1910699451379654,-1.931290686884733,Acetate,7.265167835977353
149,GI4,Guangdong,3,D,18.8995686951138,4.310705485603394,1.0388210569113872,Acetate,7.08365297533121
150,GI4,Guangdong,5,D,33.1464262485456,4.195026622797561,-3.2613645757867897,Acetate,1.891493933636549
151,GI4,Guangdong,8,D,24.8839771401891,-3.64821095552784,-2.9148633013923484,Acetate,-0.0001306324772873414
152,GI4,Guangdong,13,D,28.7848045234548,1.0351619741844615,-3.1933652633551177,Acetate,-0.0001484296311901771
153,GI4,Guangdong,19,D,20.9426857427166,-1.289323214196019,-3.4633949284308416,Acetate,-0.0001484296311901771
154,GI4,Guangdong,25,D,21.6676559219225,0.5635565818334639,2.787082020202699,Acetate,3.328614514678419
155,GI4,Guangdong,31,D,16.0962844195439,-3.3881037747241867,4.119388459705306,Acetate,34.62804235124937
156,GI3,Guangdong,0,C,2.30184605907365,5.345893454989721,3.3880194016904217,Butyrate,2.30184605907365
157,GI3,Guangdong,1,C,6.38162559796003,2.9718152363825197,1.0507975239437197,Butyrate,3.5775881064291846
158,GI3,Guangdong,3,C,9.7911942239034,1.0703518439587758,0.4524206348723858,Butyrate,4.094848036147633
159,GI3,Guangdong,5,C,11.1705422577688,-0.06984762250446765,0.6445414485921026,Butyrate,4.170916097358672
160,GI3,Guangdong,8,C,8.25173209883006,-1.0715667361574166,1.0908023782007417,Butyrate,4.739658901494124
161,GI3,Guangdong,13,C,6.77787015623268,0.0824345332240067,0.9749543788729425,Butyrate,16.220778864892285
162,GI3,Guangdong,19,C,6.27929198494138,-0.3873015471124927,1.0647584259353127,Butyrate,21.37967252574803
163,GI3,Guangdong,25,C,3.02604937601951,-0.4091387348806211,1.5098591455702726,Butyrate,29.08682304151462
164,GI3,Guangdong,31,C,4.82531421814404,1.2968676032363071,4.177489187019119,Butyrate,49.65993971864531
165,GI1,Guangdong,0,A,3.63118174961466,-1.4569666492993107,3.2235593114848284,Butyrate,3.63118174961466
166,GI1,Guangdong,1,A,3.54150432248257,1.0483184155208993,0.7253933055847829,Butyrate,4.329637706041051
167,GI1,Guangdong,3,A,7.43860396996554,1.9316077139051429,1.1338197214372294,Butyrate,5.414704987136648
168,GI1,Guangdong,5,A,9.62027093404275,0.34340064619880006,0.7633815846632943,Butyrate,10.073842483600686
169,GI1,Guangdong,8,A,8.57762532208493,-0.7483097446358125,0.9863407375258738,Butyrate,11.786089264696926
170,GI1,Guangdong,13,A,5.97768674778517,0.12094506321677766,2.4542048344810166,Butyrate,27.15419767411558
171,GI1,Guangdong,19,A,8.83637515739148,-0.07679815328351931,0.5884241694640918,Butyrate,30.748404055184707
172,GI1,Guangdong,25,A,3.86726018069333,-0.8689657336286202,5.405230137010055,Butyrate,55.86521394607907
173,GI1,Guangdong,31,A,6.93607961769496,2.60251331794974,4.492969038494179,Butyrate,88.46876779102566
174,GI2,Guangdong,0,B,0.942043979359062,3.888097887252396,4.354238099928096,Butyrate,0.942043979359062
175,GI2,Guangdong,1,B,4.54582235962589,3.247787161670395,0.45050302720332347,Butyrate,2.2370296219806667
176,GI2,Guangdong,3,B,8.75737126925057,0.6770749015108216,1.0166399001148536,Butyrate,3.006361808363702
177,GI2,Guangdong,5,B,8.27246278050323,-0.3661261363976724,0.6468240218439412,Butyrate,4.208399984286265
178,GI2,Guangdong,8,B,8.69212319733792,0.14363464687530536,0.771748503814713,Butyrate,4.909804792489702
179,GI2,Guangdong,13,B,6.89716344326255,-0.5333830470595777,0.5435615276907025,Butyrate,16.744519877299627
180,GI2,Guangdong,19,B,4.64213589847696,-0.24536096451528674,0.14159942773231554,Butyrate,18.76063581179497
181,GI2,Guangdong,25,B,3.70820710272525,-0.07965126514792543,5.349337906324494,Butyrate,41.111190691455924
182,GI2,Guangdong,31,B,3.52188914375015,0.0038426477435833314,4.049025950772273,Butyrate,73.81821901319171
183,GI4,Guangdong,0,D,1.86793102846524,4.55202293464067,4.288629884114453,Butyrate,1.86793102846524
184,GI4,Guangdong,1,D,5.65534353566523,3.1017571450880035,0.6140824684630182,Butyrate,2.513395242165728
185,GI4,Guangdong,3,D,10.0636971613376,1.6224167418991344,0.9492067621759942,Butyrate,3.623836347258758
186,GI4,Guangdong,5,D,11.7978801223615,-0.37761923264013453,0.7943201367431305,Butyrate,4.511356440522358
187,GI4,Guangdong,8,D,7.84919069594073,-0.5923067137650254,0.5652365793560037,Butyrate,5.963980338351843
188,GI4,Guangdong,13,D,13.9772483665836,0.8840200861647987,0.3707755129264981,Butyrate,8.521558598250474
189,GI4,Guangdong,19,D,9.12276180705621,-1.1939620795079116,0.24563818792722955,Butyrate,10.17276488580815
190,GI4,Guangdong,25,D,6.00895787906282,-0.09231701189354283,0.7673007706357298,Butyrate,12.557800612497878
191,GI4,Guangdong,31,D,5.03482427948981,-0.4807386367011178,3.578063137433353,Butyrate,33.26849824229643
192,GI3,Guangdong,0,C,1.96243106339537,14.519865725126657,7.544345615456743,Propionate,1.96243106339537
193,GI3,Guangdong,1,C,11.3202011264787,5.050139181445348,6.52037853051176,Propionate,9.059661566955128
194,GI3,Guangdong,3,C,14.4435333276816,1.49105214137893,1.4583540243651951,Propionate,16.770771156423624
195,GI3,Guangdong,5,C,19.4463007866356,1.1748017432742823,1.6522734990923433,Propionate,19.64174147020363
196,GI3,Guangdong,8,C,13.3240661890168,-2.976594743412104,4.578124645534316,Propionate,26.941458228414575
197,GI3,Guangdong,13,C,6.32593052838463,-0.48543666633655164,0.5231847833886083,Propionate,39.11647282947805
198,GI3,Guangdong,19,C,6.8992887697412,0.9558564689984733,2.862515922181485,Propionate,49.24653462804648
199,GI3,Guangdong,25,C,15.0661126532672,1.0321018527839425,6.3124718412940295,Propionate,87.13933186102834
200,GI3,Guangdong,31,C,10.4727153304335,-3.2975505997880923,8.12815686355968,Propionate,139.287133408681
201,GI1,Guangdong,0,A,2.24424583540624,1.658889566823928,2.4504788166164584,Propionate,2.24424583540624
202,GI1,Guangdong,1,A,5.44007521954539,4.30785209471676,6.918072805032128,Propionate,7.70866499707762
203,GI1,Guangdong,3,A,13.404864970438,1.9572692292253948,2.3334445838695315,Propionate,17.83469835542698
204,GI1,Guangdong,5,A,12.7416903261979,-1.184506351639574,2.1210234660787135,Propionate,23.37332230272234
205,GI1,Guangdong,8,A,10.5847221979828,-0.6624831633955478,3.017782070422454,Propionate,29.60327389765513
206,GI1,Guangdong,13,A,7.18824210055514,-0.12541414797288739,1.6140161652941496,Propionate,56.52369695664717
207,GI1,Guangdong,19,A,9.89983054908158,0.25713060127066667,2.0260317003748285,Propionate,60.10946200775758
208,GI1,Guangdong,25,A,8.0808009197648,-0.4568288475049497,11.726536653326052,Propionate,123.4196025943839
209,GI1,Guangdong,31,A,9.29762394147791,1.2690814849472973,11.369485667206753,Propionate,200.08699742117764
210,GI2,Guangdong,0,B,1.43897784094056,13.125369631441956,8.863090036114093,Propionate,1.43897784094056
211,GI2,Guangdong,1,B,10.1209779408233,4.865214346770469,1.5172801046534108,Propionate,6.199189721973675
212,GI2,Guangdong,3,B,12.1032689632785,-0.3765882105274857,3.182953754420934,Propionate,11.617434243487413
213,GI2,Guangdong,5,B,12.5607085210334,0.30073436565462325,3.1125589951601307,Propionate,17.547419437518663
214,GI2,Guangdong,8,B,11.8442631585971,-0.6259958699696645,0.255981511910093,Propionate,25.262557752948187
215,GI2,Guangdong,13,B,8.32202829085433,-0.4699958276256564,2.163972961769561,Propionate,35.707780651796675
216,GI2,Guangdong,19,B,7.85825037983968,0.05127862523436605,1.462851356605845,Propionate,39.14884799324127
217,GI2,Guangdong,25,B,7.38337740941088,-0.20444411403353305,11.49193662260915,Propionate,93.17785797069406
218,GI2,Guangdong,31,B,5.46642702756248,-0.42941384523883397,10.244297610109756,Propionate,166.68518141918838
219,GI4,Guangdong,0,D,2.03531465575669,11.448898768958525,5.428970413748138,Propionate,2.03531465575669
220,GI4,Guangdong,1,D,9.27323393195087,3.6363598907142958,4.2794977927030144,Propionate,6.0219232626206445
221,GI4,Guangdong,3,D,9.45275745887344,-1.0191559346538888,2.386421312367185,Propionate,12.366539357980454
222,GI4,Guangdong,5,D,9.70509573500925,1.0880565524888295,3.6111501340890184,Propionate,18.36470279267517
223,GI4,Guangdong,8,D,13.5890612701239,0.5401777959569066,0.31186299752278307,Propionate,25.99191941144283
224,GI4,Guangdong,13,D,9.75648949315565,-0.5206430069080852,1.4504809115536892,Propionate,33.98512359410538
225,GI4,Guangdong,19,D,12.4107981165043,0.210318507504472,1.5740574464891497,Propionate,43.27250337230063
226,GI4,Guangdong,25,D,8.36323022811003,-1.0172606556326127,4.924733442957439,Propionate,62.68882173844942
227,GI4,Guangdong,31,D,6.71063602495234,1.0086430692499984,2.5895211923945505,Propionate,99.36272383342938
228,HI4,Hunan,0,C,11.0961637361899,-4.475351862455366,1.0762459834739273,Acetate,11.0961637361899
229,HI4,Hunan,1,C,10.4259544477746,2.236245851006149,-0.4822557950155538,Acetate,11.31030654840163
230,HI4,Hunan,3,C,15.7400174920493,-0.5169325452059138,1.6944667967840386,Acetate,12.582790847720057
231,HI4,Hunan,5,C,10.3281350071648,-0.31524483109719453,1.869788057794271,Acetate,14.365612883253567
232,HI4,Hunan,8,C,23.1433465564607,2.9900989316006155,1.4395975638336567,Acetate,19.05933799803308
233,HI4,Hunan,13,C,9.77094995650992,-2.086538294518596,1.6058764311645601,Acetate,33.82862349454858
234,HI4,Hunan,19,C,20.1695096503974,1.163804072940264,1.8826465258223575,Acetate,43.33767521190829
235,HI4,Hunan,25,C,9.72125435063916,-2.5935258001778387,1.5207284560909133,Acetate,63.42951371732127
236,HI4,Hunan,31,C,13.6835605204454,5.96732456279509,0.21699415659737592,Acetate,70.8225784178817
237,HI2,Hunan,0,A,2.0612426641984,15.751307364021768,2.685308419863861,Acetate,2.0612426641984
238,HI2,Hunan,1,A,13.4137693081234,7.504296581320094,0.9879299262968219,Acetate,3.774444003154494
239,HI2,Hunan,3,A,19.6360501102463,0.9201868507702472,1.4661045122127958,Acetate,6.7808041871435325
240,HI2,Hunan,5,A,20.8764045101936,0.00890881870421483,0.11960152017013219,Acetate,8.491368911674817
241,HI2,Hunan,8,A,18.1066676863594,-1.4037637936292169,0.08619121490639305,Acetate,8.056900184357927
242,HI2,Hunan,13,A,12.2842842080567,-0.6377659251898157,-0.022037770518006622,Acetate,10.135035593493281
243,HI2,Hunan,19,A,12.41786635885,0.36536159420895564,1.0242166110347877,Acetate,14.650176806934011
244,HI2,Hunan,25,A,14.6746848431392,0.371519865895243,1.3577722562357621,Acetate,26.75287726750083
245,HI2,Hunan,31,A,16.6914083336865,0.28532992962832227,1.1843559684245706,Acetate,33.62736767616636
246,HI1,Hunan,0,B,9.12634780223098,20.455522575266972,3.2501818368313864,Acetate,9.12634780223098
247,HI1,Hunan,1,B,19.0853365023703,1.2534065246296828,0.6776855043132359,Acetate,10.415158417836185
248,HI1,Hunan,3,B,8.26124124500723,-4.913694983520723,1.5321136771007045,Acetate,11.199540803198573
249,HI1,Hunan,5,B,10.1381813356075,4.980640659309009,0.5660079641863845,Acetate,13.176809536224308
250,HI1,Hunan,8,B,26.519858726525,3.072131773504155,0.9271114053334892,Acetate,12.08303918482829
251,HI1,Hunan,13,B,16.1720715001567,-3.591647241828985,0.7497983818333026,Acetate,17.20183357963165
252,HI1,Hunan,19,B,10.1928444894748,1.6766694275164193,0.2239157132539894,Acetate,21.642699294981934
253,HI1,Hunan,25,B,25.9323688608958,1.7651182121328575,1.0991910463397065,Acetate,24.877192987922754
254,HI1,Hunan,31,B,9.71761722517641,-8.974755908197043,0.3747965242577967,Acetate,31.321327355365135
255,HI5,Hunan,0,D,13.7932184337997,-0.8608281820933054,0.5435815361739563,Acetate,13.7932184337997
256,HI5,Hunan,1,D,13.6200157910728,0.5786265104876271,1.9997899050618186,Acetate,15.217713794390047
257,HI5,Hunan,3,D,18.5550287910836,4.613200944915653,2.2707656557954152,Acetate,19.428544307865764
258,HI5,Hunan,5,D,26.8712381121353,0.8454031914435064,1.7756700118088284,Acetate,23.46664791655128
259,HI5,Hunan,8,D,15.3008446660206,-4.00573984833939,1.1228601962340965,Acetate,28.68468848230188
260,HI5,Hunan,13,D,15.2782230434062,0.6573784883110999,1.0586617432894414,Acetate,32.796376887323035
261,HI5,Hunan,19,D,10.1797265686544,-0.6511133362198391,1.7542751990671095,Acetate,42.2817729346118
262,HI5,Hunan,25,D,13.4050766623516,1.010501666040957,1.660254394113839,Acetate,55.03231868797478
263,HI5,Hunan,31,D,13.7170061442105,-1.6222535401659393,1.1093439154976543,Acetate,63.90211922729817
264,HI4,Hunan,0,C,2.8045530970223,-1.3591428246563495,0.8677496162684976,Butyrate,2.8045530970223
265,HI4,Hunan,1,C,3.90022792630371,2.9291624310596345,0.2826014927221456,Butyrate,3.4724405294316587
266,HI4,Hunan,3,C,9.63654256962146,0.32183200361997655,1.3551099390297474,Butyrate,4.470121183904344
267,HI4,Hunan,5,C,6.23896670244728,-0.7083822813241853,2.0006194568896793,Butyrate,8.550918750980296
268,HI4,Hunan,8,C,12.3912530735444,1.5669040711461772,1.4615229529832896,Butyrate,11.985781870229475
269,HI4,Hunan,13,C,4.37585649796153,-1.731611904093827,1.640190358142242,Butyrate,22.992796273282686
270,HI4,Hunan,19,C,5.31812207698844,0.43885474773121497,1.2962782267074289,Butyrate,32.71124622896067
271,HI4,Hunan,25,C,3.35197461804278,-0.5357480267904081,0.4979792397832872,Butyrate,43.22576947015683
272,HI4,Hunan,31,C,5.59101624257587,1.8405844422241322,0.3783239243423763,Butyrate,46.7261788434293
273,HI2,Hunan,0,A,1.14214732798481,5.226444641801551,1.9277538175981448,Butyrate,1.14214732798481
274,HI2,Hunan,1,A,5.08693656786953,2.7845200300660538,1.020555824639354,Butyrate,2.603077332981356
275,HI2,Hunan,3,A,7.47153409390496,0.08562226436203622,1.5758244052117012,Butyrate,4.278171189700535
276,HI2,Hunan,5,A,6.68710958835304,-0.7267495567889342,1.3553619431493829,Butyrate,7.184716448754288
277,HI2,Hunan,8,A,4.30323016156173,-0.6435201768815147,1.2567510908096424,Butyrate,8.790268890623317
278,HI2,Hunan,13,A,3.3108966986212,0.07482441559980268,1.5037002407541655,Butyrate,16.622954549137884
279,HI2,Hunan,19,A,3.89563408061154,0.020885381296673906,1.0118236667248275,Butyrate,24.64848748632454
280,HI2,Hunan,25,A,4.25307181713731,0.3127216184715567,0.5019390839106966,Butyrate,28.664781867491516
281,HI2,Hunan,31,A,10.2218265533859,1.8913243812042804,0.19932325097121853,Butyrate,32.7839233560794
282,HI1,Hunan,0,B,3.17374572230518,5.831758283093041,1.8284350359360375,Butyrate,3.17374572230518
283,HI1,Hunan,1,B,7.74998396864371,3.304238495446326,0.5767685957947568,Butyrate,4.190398536897039
284,HI1,Hunan,3,B,9.07270538631526,-2.047435934325535,1.7910770086839727,Butyrate,6.300831165273604
285,HI1,Hunan,5,B,3.65117796098639,-1.2627037696301695,1.3971920116350378,Butyrate,9.5789816542309
286,HI1,Hunan,8,B,8.25403201839479,1.789090100057591,1.5687163076787976,Butyrate,11.784122370685608
287,HI1,Hunan,13,B,6.04850212780145,-1.0892020895988728,1.387218247496371,Butyrate,20.17170527597947
288,HI1,Hunan,19,B,5.16319159902094,0.6149442885484709,1.1222826669578918,Butyrate,28.19753524610252
289,HI1,Hunan,25,B,9.51484324638032,0.3625954946944232,0.5632434742391634,Butyrate,31.620280193386503
290,HI1,Hunan,31,B,3.83820834483123,-2.727817894421018,0.8120080858872722,Butyrate,38.48727207859877
291,HI5,Hunan,0,D,3.2145606661479,3.4185675959922435,0.7102214559062948,Butyrate,3.2145606661479
292,HI5,Hunan,1,D,5.00074348457056,0.533101784192512,1.464658824289611,Butyrate,4.387965638845515
293,HI5,Hunan,3,D,5.60626783610823,1.589637540702903,1.502186849037881,Butyrate,7.300945486337973
294,HI5,Hunan,5,D,10.0646672788908,0.7042337444762377,1.9808631246805097,Butyrate,11.006963408844472
295,HI5,Hunan,8,D,4.31013767077706,-1.6287558952885,2.03748877386429,Butyrate,17.513644725943585
296,HI5,Hunan,13,D,9.34148762777352,0.9409024947532456,1.6970579390175127,Butyrate,26.56904861000759
297,HI5,Hunan,19,D,4.14013248588573,-1.1635695044745247,1.4862942073000627,Butyrate,36.402380787041196
298,HI5,Hunan,25,D,2.61706829099631,0.35116585475624806,1.3902787431138168,Butyrate,42.21637074551542
299,HI5,Hunan,31,D,4.69753572589907,0.03760770545620251,0.34026132542261656,Butyrate,47.599291190180885
300,HI4,Hunan,0,C,4.15631186897535,-0.38338241209664536,1.7384663711765982,Propionate,4.15631186897535
301,HI4,Hunan,1,C,6.64539707620077,4.621551786087369,0.7089150935356776,Propionate,5.327277808111615
302,HI4,Hunan,3,C,15.5383544783019,1.3114014541732937,1.2043586405837363,Propionate,6.967859818741727
303,HI4,Hunan,5,C,12.7464964258436,-0.715508578316298,1.572861165932821,Propionate,9.855288440286934
304,HI4,Hunan,8,C,19.0544940953282,1.6367577617749745,1.0335442345841244,Propionate,13.770449695039941
305,HI4,Hunan,13,C,11.4342496955025,-1.595677623027126,1.144480427490936,Propionate,22.721771333488853
306,HI4,Hunan,19,C,13.2234836589618,0.4649132410445306,0.5774256820659577,Propionate,28.730670773614783
307,HI4,Hunan,25,C,10.0526993365449,-0.9547505206297957,0.6520812278665845,Propionate,37.74368048031735
308,HI4,Hunan,31,C,8.57156734604867,1.0281306850180871,0.8198741521123957,Propionate,42.94846632685577
309,HI2,Hunan,0,A,1.14031155721366,11.021309751553892,2.65003712147243,Propionate,1.14031155721366
310,HI2,Hunan,1,A,8.21020386614317,3.8210003840850377,1.3489628586738354,Propionate,3.334494146382432
311,HI2,Hunan,3,A,11.2869431482943,2.065840969185746,1.2213769015981009,Propionate,5.7576688494923385
312,HI2,Hunan,5,A,17.4940386913903,1.841387977042675,0.5004224406566472,Propionate,7.522492680487614
313,HI2,Hunan,8,A,14.1754721957165,-1.658302862699795,0.7041038183494192,Propionate,9.227591537965814
314,HI2,Hunan,13,A,13.8980173866434,0.07788492776091974,1.0722869949737115,Propionate,14.476891715834173
315,HI2,Hunan,19,A,9.85972696730476,-0.571642919110245,0.3457642214564966,Propionate,19.211326185160818
316,HI2,Hunan,25,A,10.6972703515781,0.6083132311474101,0.6643211536011162,Propionate,22.537919111373387
317,HI2,Hunan,31,A,14.2493559484263,0.3332044850813757,0.48798003285570757,Propionate,27.778001216572854
318,HI1,Hunan,0,B,3.0444338968007,20.789509840878406,3.0834059563193192,Propionate,3.0444338968007
319,HI1,Hunan,1,B,13.5964627232954,2.07585459000971,0.8625791391024066,Propionate,4.423114734088446
320,HI1,Hunan,3,B,4.97915629215949,-3.6479339095507384,0.9332729177874015,Propionate,6.195474441086949
321,HI1,Hunan,5,B,7.20167631102433,2.923701429786639,0.7418436789772656,Propionate,7.781468883376138
322,HI1,Hunan,8,B,11.541144780583,0.19353222739747097,1.0261886602578938,Propionate,10.33300361245317
323,HI1,Hunan,13,B,7.53905450078684,-1.0738143143774894,0.6678646719591816,Propionate,16.70062877772901
324,HI1,Hunan,19,B,4.85119716518977,0.2671106411322172,0.5624933345006802,Propionate,20.291781871230135
325,HI1,Hunan,25,B,8.37713778754242,0.424413393226411,0.6096032628964284,Propionate,23.311267365330945
326,HI1,Hunan,31,B,4.13868380679964,-2.3210208932329266,0.7924938874273308,Propionate,29.003586115548774
327,HI5,Hunan,0,D,3.73432545368178,2.514472388000391,1.3864426639237006,Propionate,3.73432545368178
328,HI5,Hunan,1,D,7.19126130709956,4.04149480744545,1.0472429138159258,Propionate,5.288763897545266
329,HI5,Hunan,3,D,13.3176326014245,0.6532584413206056,1.184685487176645,Propionate,7.675245518515072
330,HI5,Hunan,5,D,10.6530872862715,-1.461789603969963,1.542713266928807,Propionate,10.881529528527182
331,HI5,Hunan,8,D,11.3963741992799,1.0771203117830583,0.9980460827538077,Propionate,14.93466339792893
332,HI5,Hunan,13,D,14.1870208663912,-0.3951261342789258,1.2008896547084411,Propionate,20.810677316611308
333,HI5,Hunan,19,D,8.70936274429878,-0.2835528440384712,1.0587806713394456,Propionate,28.35217321778857
334,HI5,Hunan,25,D,12.9739258558149,0.9227900051446606,1.3024149955668312,Propionate,35.10423543116038
335,HI5,Hunan,31,D,10.3954362932445,-2.564570402067311,0.6418586532341227,Propionate,42.04113774368045
336,SI3,Shanghai,0,A,5.0557565987538,12.111322453061389,3.0138524716287374,Acetate,5.0557565987538
337,SI3,Shanghai,2,A,19.1498325464591,2.8055742159898154,3.9310928134447702,Acetate,12.415978984513076
338,SI3,Shanghai,5,A,17.7367013991872,-1.896315024476133,2.735170711155117,Acetate,23.183544767549215
339,SI3,Shanghai,10,A,10.600160251287,-1.1994201636369308,2.9987011734219773,Acetate,37.23462657635974
340,SI3,Shanghai,13,A,8.15893750888084,-0.0344440173263739,2.9209704985436775,Acetate,45.617242408808366
341,SI3,Shanghai,19,A,13.5102088753091,0.39869462963391344,-0.00990870711349518,Acetate,51.37144772658784
342,SI3,Shanghai,25,A,8.89257969701974,-1.1935134071398301,1.9316230180342486,Acetate,53.92482019964495
343,SI3,Shanghai,31,A,8.12073937271759,1.6806242476296518,2.661226757697688,Acetate,68.0872379039294
344,SI5,Shanghai,0,E,10.2907830500193,8.856995793801874,5.64596015445893,Acetate,10.2907830500193
345,SI5,Shanghai,2,E,19.7258040556099,1.4417447566501398,1.5005465530305468,Acetate,16.401722886142277
346,SI5,Shanghai,5,E,19.026937347598,0.03571308061343962,1.7950106569539859,Acetate,20.85808200659579
347,SI5,Shanghai,10,E,21.9421876903497,-2.009005332057388,2.9290734545434263,Acetate,32.19665703071405
348,SI5,Shanghai,13,E,11.6930602342455,-2.7922481184980112,3.0353594979702843,Acetate,41.41806015072406
349,SI5,Shanghai,19,E,11.9662964872205,0.4098625893819397,2.0297779441518116,Acetate,54.00170419663781
350,SI5,Shanghai,25,E,8.54046625062027,-0.4234992308423625,1.8765454538604955,Acetate,64.43995396082326
351,SI5,Shanghai,31,E,20.423986965988,5.512979573371259,1.2152466848740107,Acetate,73.0382298094692
352,SI2,Shanghai,0,B,20.0154278029947,4.7261491707574885,1.4248228873248063,Acetate,20.0154278029947
353,SI2,Shanghai,2,B,26.3918311510669,1.858105851377741,2.978469993127247,Acetate,24.201192077732575
354,SI2,Shanghai,5,B,28.3190488364466,-0.10562779448278824,3.558610176105967,Acetate,35.490819857978565
355,SI2,Shanghai,10,B,20.825586157811,-3.817542979936556,2.3324862363697365,Acetate,48.16636308471804
356,SI2,Shanghai,13,B,8.84758821947949,-2.396130290153675,3.861613255877332,Acetate,56.770908300993604
357,SI2,Shanghai,19,B,14.3471081114769,0.8056317701308507,1.7786877752926116,Acetate,72.80197930309119
358,SI2,Shanghai,25,B,8.04374603170123,-1.2283178842588576,1.58250522034428,Acetate,78.15977505918225
359,SI2,Shanghai,31,B,19.7485084499372,6.808339936134731,1.6543529076563206,Acetate,85.44867285702969
360,SI4,Shanghai,0,C,7.9171827296172,19.638818002332574,7.6311004244876175,Acetate,7.9171827296172
361,SI4,Shanghai,2,C,24.8467906576566,-0.0944624613269508,2.599011893226822,Acetate,17.44188578857443
362,SI4,Shanghai,5,C,15.4626150054858,-0.27847251094625564,2.458180632328064,Acetate,24.222177534822958
363,SI4,Shanghai,10,C,33.2564402406028,-3.3213734519561906,2.4596373060424312,Acetate,37.79452188554338
364,SI4,Shanghai,13,C,9.27499423826522,-6.780190364867894,2.3730108623910264,Acetate,44.52773350216586
365,SI4,Shanghai,19,C,14.5472615730926,1.9971307558582878,0.4898025885731034,Acetate,51.52864240000328
366,SI4,Shanghai,25,C,7.61857993190024,-2.036539811747746,1.1392808157276868,Acetate,53.75493976035774
367,SI4,Shanghai,31,C,17.3506017262156,7.550698567694195,2.4254432000819346,Acetate,59.68470817492122
368,SI1,Shanghai,0,D,3.65146118079979,13.108329320676669,6.144713192373488,Acetate,3.65146118079979
369,SI1,Shanghai,2,D,22.5444808439042,6.360572692371724,4.638373887505788,Acetate,15.11213146108622
370,SI1,Shanghai,5,D,34.218158231577,2.7176141867840964,2.8700843407068,Acetate,26.29382417479253
371,SI1,Shanghai,10,D,33.0667517547481,-6.32961172344406,2.7430544889565334,Acetate,36.03569144129305
372,SI1,Shanghai,13,D,8.74214776066305,-6.114921322792918,2.686945548590345,Acetate,43.34741978103084
373,SI1,Shanghai,19,D,11.2306559245254,1.9437974774067102,0.6744753497517046,Acetate,48.509071844298134
374,SI1,Shanghai,25,D,9.46227529297848,-1.3002048206762087,0.5794420854573376,Acetate,52.956808620802896
375,SI1,Shanghai,31,D,10.4248324833646,2.8541100847177243,1.8514130393608144,Acetate,66.1375995063329
376,SI3,Shanghai,0,A,1.2016538825123,11.184585405010635,4.024549070713772,Butyrate,1.2016538825123
377,SI3,Shanghai,2,A,13.7184055838691,2.12330202441643,1.1385342781601562,Butyrate,3.7471849339219614
378,SI3,Shanghai,5,A,10.38075637973,-2.568346105684396,1.0274548459820714,Butyrate,6.83876253778899
379,SI3,Shanghai,10,A,4.34082319425117,0.9723006047702664,0.8097995070410474,Butyrate,12.381747487603498
380,SI3,Shanghai,13,A,8.88685748844416,0.8013040755663968,0.9417098493844986,Butyrate,15.633844026815005
381,SI3,Shanghai,19,A,2.19857947512158,-1.004496081214223,0.8290475059405935,Butyrate,21.41529575323944
382,SI3,Shanghai,25,A,4.20292818170361,0.8747155959202201,0.46182085480645624,Butyrate,24.875244764020568
383,SI3,Shanghai,31,A,3.12040597630806,-2.033453051873417,0.6037406829726535,Butyrate,29.138749084722885
384,SI5,Shanghai,0,E,1.8128488076382,6.414859589776403,4.150271460216616,Butyrate,1.8128488076382
385,SI5,Shanghai,2,E,10.2554726972918,2.3642192613588944,0.843257444540873,Butyrate,3.773359777958892
386,SI5,Shanghai,5,E,12.776331722432,0.07337708540172116,0.8206135879304471,Butyrate,5.9230339584943845
387,SI5,Shanghai,10,E,12.6224994461143,-0.22257754829762466,1.0116717151016161,Butyrate,11.695468468276445
388,SI5,Shanghai,13,E,11.006385725576,-1.0032714367013067,1.1706963863212259,Butyrate,15.178245666682072
389,SI5,Shanghai,19,E,2.59094964167884,-0.9751617662220922,0.5622767722469643,Butyrate,22.43885819520004
390,SI5,Shanghai,25,E,2.60812246556149,0.7047868715824203,0.49103792989445183,Butyrate,26.871330147179908
391,SI5,Shanghai,31,E,7.73520206946122,0.7281404937836014,0.2734224329803809,Butyrate,30.960036767820664
392,SI2,Shanghai,0,B,2.6536375170287,9.66093744424335,0.06443477233762164,Butyrate,2.6536375170287
393,SI2,Shanghai,2,B,14.7529890858602,2.982543011607363,1.0727956650915034,Butyrate,3.9049171814126886
394,SI2,Shanghai,5,B,16.0199706220107,-0.9135986583804716,1.2008573307174104,Butyrate,7.213784201271168
395,SI2,Shanghai,10,B,8.5286817174545,-2.481516290465976,0.9336027162178633,Butyrate,13.017505515645093
396,SI2,Shanghai,13,B,1.14716239456209,-1.5893720040132338,4.114790815744024,Butyrate,16.11135758752051
397,SI2,Shanghai,19,B,2.86040802814283,0.5928487760169064,0.81891392665897,Butyrate,24.46154991471129
398,SI2,Shanghai,25,B,2.39289790805572,-0.15915534330757666,0.3050486216889188,Butyrate,28.778953544967926
399,SI2,Shanghai,31,B,8.02490558131231,2.6260213737981406,0.3451597156587177,Butyrate,31.658538231453953
400,SI4,Shanghai,0,C,3.45168233137531,11.31649504229364,1.276313478944947,Butyrate,3.45168233137531
401,SI4,Shanghai,2,C,15.7306684034088,1.909634189733661,1.076660031763583,Butyrate,5.729984370534879
402,SI4,Shanghai,5,C,13.0805667142663,-1.5452965391759108,1.1384195316828802,Butyrate,8.68520900208749
403,SI4,Shanghai,10,C,11.529653784401,-0.28852601377458914,0.9325442282800901,Butyrate,14.07946574679846
404,SI4,Shanghai,13,C,9.19384162948967,-1.043679642078607,1.0125168099132176,Butyrate,17.109486191353497
405,SI4,Shanghai,19,C,3.49749282829784,-0.6806688303977566,0.08414830903893039,Butyrate,23.035347089696113
406,SI4,Shanghai,25,C,2.06355977296695,0.20121403540827376,0.30595897758748636,Butyrate,24.728371517602906
407,SI4,Shanghai,31,C,5.89433593464689,1.0742342419391868,0.531244784174587,Butyrate,26.253440672217323
408,SI1,Shanghai,0,D,1.16631506291812,10.084795534579426,4.03935736113128,Butyrate,1.16631506291812
409,SI1,Shanghai,2,D,11.3289253492704,1.0952416727220355,1.344722575945501,Butyrate,4.340084552403078
410,SI1,Shanghai,5,D,8.12341761107132,-0.9430362593857643,1.025466568683168,Butyrate,7.669971423878673
411,SI1,Shanghai,10,D,12.4829197496024,0.47731231497419907,0.9989759460644788,Butyrate,12.701667443502293
412,SI1,Shanghai,13,D,10.5320095967996,-1.3430670352175897,1.008737071458462,Butyrate,15.882526684632449
413,SI1,Shanghai,19,D,2.77492508545552,-0.6765849799204997,0.5165381372473457,Butyrate,21.586988409689614
414,SI1,Shanghai,25,D,3.44243807526886,0.5046211941342184,0.1204714755280343,Butyrate,25.14955149431405
415,SI1,Shanghai,31,D,4.0967620263774,-0.6809813261554334,0.6031137532366629,Butyrate,30.24038820869752
416,SI3,Shanghai,0,A,1.41105087383634,1.6427094262921358,12.565095821886548,Propionate,1.41105087383634
417,SI3,Shanghai,2,A,3.5684862833985,0.5963300682764561,8.191944593916286,Propionate,5.633992916365675
418,SI3,Shanghai,5,A,4.10477808027942,-0.05519301242470429,1.325665835822151,Propionate,8.645371262465513
419,SI3,Shanghai,10,A,3.20242269109822,-0.34711428623619034,7.435242841228505,Propionate,14.309908605716782
420,SI3,Shanghai,13,A,2.389453330465,0.006064222672179917,11.94770639608869,Propionate,16.624863714509853
421,SI3,Shanghai,19,A,5.43970832322479,0.5570320115527562,-0.20677504988302067,Propionate,17.934784882845133
422,SI3,Shanghai,25,A,6.80079594489733,-0.028520961667039244,0.19328755467437644,Propionate,18.220585306491873
423,SI3,Shanghai,31,A,5.99523889515876,-0.1651828789176139,-0.9118843315509744,Propionate,21.66165162077809
424,SI5,Shanghai,0,E,2.17005997844178,1.7997357195808688,12.672882522716108,Propionate,2.17005997844178
425,SI5,Shanghai,2,E,3.98101602092312,0.1723616044940658,0.045450917734704256,Propionate,5.317132470540341
426,SI5,Shanghai,5,E,3.01191637697353,-0.4558601502082064,11.12570852094677,Propionate,4.7148119668796244
427,SI5,Shanghai,10,E,2.78122460845762,0.39040365926146203,12.251396606223082,Propionate,8.926781482187938
428,SI5,Shanghai,13,E,4.17559020680912,0.3355409421740173,0.8191059930998297,Propionate,11.328232705633155
429,SI5,Shanghai,19,E,4.27583493183814,0.04480058765048129,0.3131752599697087,Propionate,15.179188213700453
430,SI5,Shanghai,25,E,6.22065351352171,0.5077883605803527,-0.898576038766365,Propionate,15.40633727652724
431,SI5,Shanghai,31,E,9.2210883108381,0.39667265952808806,-0.6048758963847145,Propionate,10.018054764746243
432,SI2,Shanghai,0,B,3.2421055496246,1.5240611068552257,7.2695152546651425,Propionate,3.2421055496246
433,SI2,Shanghai,2,B,5.16872118069872,0.480746834800777,0.791757525111614,Propionate,4.730603873618629
434,SI2,Shanghai,5,B,5.31910076583396,-0.20456107923471337,1.0301980651112173,Propionate,7.75018480460471
435,SI2,Shanghai,10,B,3.48171061711977,-0.5620537494192699,6.581174132880116,Propionate,12.206028159596263
436,SI2,Shanghai,13,B,2.03424602024647,-0.1876164047279167,13.024296095322256,Propionate,13.948336671173953
437,SI2,Shanghai,19,B,4.21171396983636,0.44361070825438526,0.5062878846879985,Propionate,18.425247441429715
438,SI2,Shanghai,25,B,5.7817496364493,0.2869253798117907,0.1760106637294676,Propionate,21.033953473968214
439,SI2,Shanghai,31,B,10.1411089179202,1.3733852465403713,-0.937354349006916,Propionate,22.65502815288662
440,SI4,Shanghai,0,C,2.16615356156161,3.0994224475753924,13.212427226852315,Propionate,2.16615356156161
441,SI4,Shanghai,2,C,4.96059086264528,0.06931085224870766,0.9116216938946369,Propionate,5.817213212601965
442,SI4,Shanghai,5,C,3.40376831290217,-0.26502655491147925,7.820746578489099,Propionate,5.345038389525182
443,SI4,Shanghai,10,C,5.10908513631309,-0.27355728307858906,0.8403694866904402,Propionate,8.431696902541162
444,SI4,Shanghai,13,C,2.99937917108114,-0.46139267000564627,11.011296456167988,Propionate,10.409341839626116
445,SI4,Shanghai,19,C,5.75365063921478,0.47319438979397593,-0.04874406210228721,Propionate,12.521057987828165
446,SI4,Shanghai,25,C,5.29769178142167,-0.2822285839999926,-0.07247376280573073,Propionate,12.358703504824916
447,SI4,Shanghai,31,C,6.48233273191511,1.02006099255616,0.2042031182220162,Propionate,13.226470008851912
448,SI1,Shanghai,0,D,0.721203305858565,3.8499634367784474,12.594999252484362,Propionate,0.721203305858565
449,SI1,Shanghai,2,D,4.42614353370056,0.2687505887757216,1.0271653343430316,Propionate,5.759272630412193
450,SI1,Shanghai,5,D,2.76061266113594,-0.44811345896641114,12.33702626150889,Propionate,8.034443531912192
451,SI1,Shanghai,10,D,4.09268788501058,-0.034618853421592946,1.2712133536074752,Propionate,12.153738840585707
452,SI1,Shanghai,13,D,3.08179568575595,-0.15169671233081566,11.162755045765088,Propionate,15.276342202113709
453,SI1,Shanghai,19,D,6.10082275014242,0.46714711451205476,-0.20870134012265484,Propionate,17.44675919348132
454,SI1,Shanghai,25,D,5.92647470841498,-0.2945522343878879,-0.2609065722190694,Propionate,17.29046414942757
455,SI1,Shanghai,31,D,5.33472666588753,0.3280137809120517,-0.09997560088898974,Propionate,15.207669611294214
