,MiceID,Vendor,Day,RandomizedGroup,SCFA_value_observed,SCFA_deriv_observed,SCFA_deriv_predicted,SCFA_mol
0,GI1,Guangdong,0,A,12.4667730155678,12.4667730155678,15.08244506728396,Acetate
1,GI1,Guangdong,1,A,8.22836937691673,8.22836937691673,17.426944485678707,Acetate
2,GI1,Guangdong,3,A,19.3101012215601,19.3101012215601,19.16833478408134,Acetate
3,GI1,Guangdong,5,A,21.0751572468432,21.0751572468432,26.225354287347503,Acetate
4,GI1,Guangdong,8,A,24.6749199497202,24.6749199497202,15.489660257256675,Acetate
5,GI1,Guangdong,13,A,16.8515023108773,16.8515023108773,23.827536149786596,Acetate
6,GI1,Guangdong,19,A,22.7678208479052,22.7678208479052,24.949323955128925,Acetate
7,GI1,Guangdong,25,A,25.7304484564891,25.7304484564891,22.184686897495823,Acetate
8,GI1,Guangdong,31,A,26.7276726074903,26.7276726074903,17.64310690401247,Acetate
9,SI3,Shanghai,0,A,5.0557565987538,5.0557565987538,18.518185495210716,Acetate
10,SI3,Shanghai,2,A,19.1498325464591,19.1498325464591,16.626617745831073,Acetate
11,SI3,Shanghai,5,A,17.7367013991872,17.7367013991872,21.223508199563984,Acetate
12,SI3,Shanghai,10,A,10.600160251287,10.600160251287,19.03840516900158,Acetate
13,SI3,Shanghai,13,A,8.15893750888084,8.15893750888084,16.029439647996902,Acetate
14,SI3,Shanghai,19,A,13.5102088753091,13.5102088753091,12.932798862375792,Acetate
15,SI3,Shanghai,25,A,8.89257969701974,8.89257969701974,12.380680853741653,Acetate
16,SI3,Shanghai,31,A,8.12073937271759,8.12073937271759,15.157587101327499,Acetate
17,BI1,Beijing,0,A,5.233899217,5.233899217,15.594124131200617,Acetate
18,BI1,Beijing,1,A,14.94481013,14.94481013,20.795501733085064,Acetate
19,BI1,Beijing,3,A,32.23625077,32.23625077,16.90239394580149,Acetate
20,BI1,Beijing,5,A,16.24623832,16.24623832,15.125414293580697,Acetate
21,BI1,Beijing,8,A,10.35320702,10.35320702,16.487527983942027,Acetate
22,BI1,Beijing,13,A,14.03788356,14.03788356,17.05087721711943,Acetate
23,BI1,Beijing,19,A,18.51233557,18.51233557,15.045390171830537,Acetate
24,BI1,Beijing,25,A,13.95237315,13.95237315,15.847493092811709,Acetate
25,BI1,Beijing,31,A,25.22553886,25.22553886,14.717089531145298,Acetate
26,HI2,Hunan,0,A,2.0612426641984,2.0612426641984,12.328526174689335,Acetate
27,HI2,Hunan,1,A,13.4137693081234,13.4137693081234,15.723171173308149,Acetate
28,HI2,Hunan,3,A,19.6360501102463,19.6360501102463,16.729556567423536,Acetate
29,HI2,Hunan,5,A,20.8764045101936,20.8764045101936,16.363112666404547,Acetate
30,HI2,Hunan,8,A,18.1066676863594,18.1066676863594,14.736816199863014,Acetate
31,HI2,Hunan,13,A,12.2842842080567,12.2842842080567,14.19088023728803,Acetate
32,HI2,Hunan,19,A,12.41786635885,12.41786635885,15.362614930630244,Acetate
33,HI2,Hunan,25,A,14.6746848431392,14.6746848431392,13.397387694006714,Acetate
34,HI2,Hunan,31,A,16.6914083336865,16.6914083336865,13.753624172674899,Acetate
35,GI1,Guangdong,0,A,3.63118174961466,3.63118174961466,3.9250977092826123,Butyrate
36,GI1,Guangdong,1,A,3.54150432248257,3.54150432248257,6.550420256503337,Butyrate
37,GI1,Guangdong,3,A,7.43860396996554,7.43860396996554,8.095057182341659,Butyrate
38,GI1,Guangdong,5,A,9.62027093404275,9.62027093404275,9.444412819452053,Butyrate
39,GI1,Guangdong,8,A,8.57762532208493,8.57762532208493,6.429075347571696,Butyrate
40,GI1,Guangdong,13,A,5.97768674778517,5.97768674778517,6.458487701664783,Butyrate
41,GI1,Guangdong,19,A,8.83637515739148,8.83637515739148,7.341410841493512,Butyrate
42,GI1,Guangdong,25,A,3.86726018069333,3.86726018069333,4.454856208504693,Butyrate
43,GI1,Guangdong,31,A,6.93607961769496,6.93607961769496,4.729682650051471,Butyrate
44,SI3,Shanghai,0,A,1.2016538825123,1.2016538825123,6.042284926950109,Butyrate
45,SI3,Shanghai,2,A,13.7184055838691,13.7184055838691,9.26698235898774,Butyrate
46,SI3,Shanghai,5,A,10.38075637973,10.38075637973,10.740285929789046,Butyrate
47,SI3,Shanghai,10,A,4.34082319425117,4.34082319425117,8.992172370197345,Butyrate
48,SI3,Shanghai,13,A,8.88685748844416,8.88685748844416,9.3602779388794,Butyrate
49,SI3,Shanghai,19,A,2.19857947512158,2.19857947512158,3.7933774479464866,Butyrate
50,SI3,Shanghai,25,A,4.20292818170361,4.20292818170361,4.0640030396639295,Butyrate
51,SI3,Shanghai,31,A,3.12040597630806,3.12040597630806,5.973221023320133,Butyrate
52,BI1,Beijing,0,A,1.109581982,1.109581982,3.4623291989225944,Butyrate
53,BI1,Beijing,1,A,5.38276989,5.38276989,5.491841469325191,Butyrate
54,BI1,Beijing,3,A,9.701298118,9.701298118,4.8705806978074095,Butyrate
55,BI1,Beijing,5,A,5.492082247,5.492082247,4.4850262067042905,Butyrate
56,BI1,Beijing,8,A,3.394469157,3.394469157,5.173524966357365,Butyrate
57,BI1,Beijing,13,A,2.041557845,2.041557845,5.329619953251518,Butyrate
58,BI1,Beijing,19,A,1.475981058,1.475981058,4.110877565429387,Butyrate
59,BI1,Beijing,25,A,2.049320986,2.049320986,4.265568061911486,Butyrate
60,BI1,Beijing,31,A,3.813547059,3.813547059,4.057323293888633,Butyrate
61,HI2,Hunan,0,A,1.14214732798481,1.14214732798481,4.2841139701131405,Butyrate
62,HI2,Hunan,1,A,5.08693656786953,5.08693656786953,5.464677490191958,Butyrate
63,HI2,Hunan,3,A,7.47153409390496,7.47153409390496,6.832130684335836,Butyrate
64,HI2,Hunan,5,A,6.68710958835304,6.68710958835304,6.119985756934487,Butyrate
65,HI2,Hunan,8,A,4.30323016156173,4.30323016156173,5.96427377566853,Butyrate
66,HI2,Hunan,13,A,3.3108966986212,3.3108966986212,6.650997208824236,Butyrate
67,HI2,Hunan,19,A,3.89563408061154,3.89563408061154,4.8604111903632905,Butyrate
68,HI2,Hunan,25,A,4.25307181713731,4.25307181713731,4.8379113704275785,Butyrate
69,HI2,Hunan,31,A,10.2218265533859,10.2218265533859,4.008590886254318,Butyrate
70,GI1,Guangdong,0,A,2.24424583540624,2.24424583540624,5.284702761970161,Propionate
71,GI1,Guangdong,1,A,5.44007521954539,5.44007521954539,11.903358734742092,Propionate
72,GI1,Guangdong,3,A,13.404864970438,13.404864970438,12.302622978832272,Propionate
73,GI1,Guangdong,5,A,12.7416903261979,12.7416903261979,12.42800681213571,Propionate
74,GI1,Guangdong,8,A,10.5847221979828,10.5847221979828,9.786277838879892,Propionate
75,GI1,Guangdong,13,A,7.18824210055514,7.18824210055514,9.566702659564228,Propionate
76,GI1,Guangdong,19,A,9.89983054908158,9.89983054908158,9.642735853885128,Propionate
77,GI1,Guangdong,25,A,8.0808009197648,8.0808009197648,9.628296335637437,Propionate
78,GI1,Guangdong,31,A,9.29762394147791,9.29762394147791,9.19321750723211,Propionate
79,SI3,Shanghai,0,A,1.41105087383634,1.41105087383634,3.88484360445322,Propionate
80,SI3,Shanghai,2,A,3.5684862833985,3.5684862833985,4.414010958918923,Propionate
81,SI3,Shanghai,5,A,4.10477808027942,4.10477808027942,4.634557740766002,Propionate
82,SI3,Shanghai,10,A,3.20242269109822,3.20242269109822,3.7287686992672153,Propionate
83,SI3,Shanghai,13,A,2.389453330465,2.389453330465,4.162510220262006,Propionate
84,SI3,Shanghai,19,A,5.43970832322479,5.43970832322479,5.8982517491787645,Propionate
85,SI3,Shanghai,25,A,6.80079594489733,6.80079594489733,5.543014456890604,Propionate
86,SI3,Shanghai,31,A,5.99523889515876,5.99523889515876,8.286224690759632,Propionate
87,BI1,Beijing,0,A,1.930933382,1.930933382,5.842634044553789,Propionate
88,BI1,Beijing,1,A,11.38480337,11.38480337,11.24716490999268,Propionate
89,BI1,Beijing,3,A,15.70081177,15.70081177,8.965713316987616,Propionate
90,BI1,Beijing,5,A,9.737915793,9.737915793,7.409573761315824,Propionate
91,BI1,Beijing,8,A,8.660390474,8.660390474,9.281812058841286,Propionate
92,BI1,Beijing,13,A,7.152088528,7.152088528,9.643144311328719,Propionate
93,BI1,Beijing,19,A,5.540548279,5.540548279,7.063368157659599,Propionate
94,BI1,Beijing,25,A,4.730903197,4.730903197,7.758773538122989,Propionate
95,BI1,Beijing,31,A,4.853439856,4.853439856,6.424596898427739,Propionate
96,HI2,Hunan,0,A,1.14031155721366,1.14031155721366,6.612280629083609,Propionate
97,HI2,Hunan,1,A,8.21020386614317,8.21020386614317,9.027307036134141,Propionate
98,HI2,Hunan,3,A,11.2869431482943,11.2869431482943,11.020268199259274,Propionate
99,HI2,Hunan,5,A,17.4940386913903,17.4940386913903,10.24794403593557,Propionate
100,HI2,Hunan,8,A,14.1754721957165,14.1754721957165,10.056693917334474,Propionate
101,HI2,Hunan,13,A,13.8980173866434,13.8980173866434,10.386071648435065,Propionate
102,HI2,Hunan,19,A,9.85972696730476,9.85972696730476,9.798304133839832,Propionate
103,HI2,Hunan,25,A,10.6972703515781,10.6972703515781,10.135064896438676,Propionate
104,HI2,Hunan,31,A,14.2493559484263,14.2493559484263,9.859418020585968,Propionate
105,SI2,Shanghai,0,B,20.0154278029947,20.0154278029947,14.842976450291381,Acetate
106,SI2,Shanghai,2,B,26.3918311510669,26.3918311510669,19.866773056446785,Acetate
107,SI2,Shanghai,5,B,28.3190488364466,28.3190488364466,12.581373306757047,Acetate
108,SI2,Shanghai,10,B,20.825586157811,20.825586157811,13.686933944132177,Acetate
109,SI2,Shanghai,13,B,8.84758821947949,8.84758821947949,14.779297658101116,Acetate
110,SI2,Shanghai,19,B,14.3471081114769,14.3471081114769,10.650564365728194,Acetate
111,SI2,Shanghai,25,B,8.04374603170123,8.04374603170123,15.268832613175528,Acetate
112,SI2,Shanghai,31,B,19.7485084499372,19.7485084499372,13.728334105770823,Acetate
113,GI2,Guangdong,0,B,8.1060155949481,8.1060155949481,11.524222291247332,Acetate
114,GI2,Guangdong,1,B,11.4100251414235,11.4100251414235,17.875503685642585,Acetate
115,GI2,Guangdong,3,B,16.818662771521,16.818662771521,19.373904660320488,Acetate
116,GI2,Guangdong,5,B,22.809648799155,22.809648799155,24.058572724481213,Acetate
117,GI2,Guangdong,8,B,12.1445773611735,12.1445773611735,15.655728455162098,Acetate
118,GI2,Guangdong,13,B,14.6556686875105,14.6556686875105,17.29890711678591,Acetate
119,GI2,Guangdong,19,B,23.6162741722224,23.6162741722224,21.459820199410707,Acetate
120,GI2,Guangdong,25,B,20.3956149024421,20.3956149024421,24.386306557886947,Acetate
121,GI2,Guangdong,31,B,12.0489757034791,12.0489757034791,23.723518606917505,Acetate
122,BI2,Beijing,0,B,13.45982298,13.45982298,14.351268346062241,Acetate
123,BI2,Beijing,1,B,21.18045108,21.18045108,18.805660561027327,Acetate
124,BI2,Beijing,3,B,10.49036403,10.49036403,19.464038771067347,Acetate
125,BI2,Beijing,5,B,19.99590757,19.99590757,19.29826251379366,Acetate
126,BI2,Beijing,8,B,16.02339091,16.02339091,15.448356870043542,Acetate
127,BI2,Beijing,13,B,24.02425479,24.02425479,15.776765838509554,Acetate
128,BI2,Beijing,19,B,12.61188283,12.61188283,16.367439727071357,Acetate
129,BI2,Beijing,25,B,14.32081293,14.32081293,15.977635988141767,Acetate
130,BI2,Beijing,31,B,13.88256768,13.88256768,18.424021053098976,Acetate
131,HI1,Hunan,0,B,9.12634780223098,9.12634780223098,16.273420869505237,Acetate
132,HI1,Hunan,1,B,19.0853365023703,19.0853365023703,16.15483465102163,Acetate
133,HI1,Hunan,3,B,8.26124124500723,8.26124124500723,16.86687869147717,Acetate
134,HI1,Hunan,5,B,10.1381813356075,10.1381813356075,18.20480331378545,Acetate
135,HI1,Hunan,8,B,26.519858726525,26.519858726525,22.25282147308969,Acetate
136,HI1,Hunan,13,B,16.1720715001567,16.1720715001567,15.539564384591364,Acetate
137,HI1,Hunan,19,B,10.1928444894748,10.1928444894748,16.123862380294433,Acetate
138,HI1,Hunan,25,B,25.9323688608958,25.9323688608958,14.201191768810041,Acetate
139,HI1,Hunan,31,B,9.71761722517641,9.71761722517641,13.709663278190321,Acetate
140,SI2,Shanghai,0,B,2.6536375170287,2.6536375170287,4.598845670433666,Butyrate
141,SI2,Shanghai,2,B,14.7529890858602,14.7529890858602,10.823412024721005,Butyrate
142,SI2,Shanghai,5,B,16.0199706220107,16.0199706220107,11.050614732345391,Butyrate
143,SI2,Shanghai,10,B,8.5286817174545,8.5286817174545,10.400088211072614,Butyrate
144,SI2,Shanghai,13,B,1.14716239456209,1.14716239456209,9.074628007711098,Butyrate
145,SI2,Shanghai,19,B,2.86040802814283,2.86040802814283,3.8072834160894957,Butyrate
146,SI2,Shanghai,25,B,2.39289790805572,2.39289790805572,5.062201341415015,Butyrate
147,SI2,Shanghai,31,B,8.02490558131231,8.02490558131231,4.464250050737536,Butyrate
148,GI2,Guangdong,0,B,0.942043979359062,0.942043979359062,3.169754235763206,Butyrate
149,GI2,Guangdong,1,B,4.54582235962589,4.54582235962589,6.441576402505066,Butyrate
150,GI2,Guangdong,3,B,8.75737126925057,8.75737126925057,7.533571425102142,Butyrate
151,GI2,Guangdong,5,B,8.27246278050323,8.27246278050323,7.961530385125387,Butyrate
152,GI2,Guangdong,8,B,8.69212319733792,8.69212319733792,5.367882086800587,Butyrate
153,GI2,Guangdong,13,B,6.89716344326255,6.89716344326255,7.773205486400699,Butyrate
154,GI2,Guangdong,19,B,4.64213589847696,4.64213589847696,8.052537840833656,Butyrate
155,GI2,Guangdong,25,B,3.70820710272525,3.70820710272525,4.336094841502876,Butyrate
156,GI2,Guangdong,31,B,3.52188914375015,3.52188914375015,6.231714106331126,Butyrate
157,BI2,Beijing,0,B,1.546647185,1.546647185,3.3953996751746147,Butyrate
158,BI2,Beijing,1,B,5.047879588,5.047879588,5.748290782376412,Butyrate
159,BI2,Beijing,3,B,3.714451542,3.714451542,4.503577535437827,Butyrate
160,BI2,Beijing,5,B,6.645948359,6.645948359,5.049524890376837,Butyrate
161,BI2,Beijing,8,B,4.349549936,4.349549936,4.193706347453344,Butyrate
162,BI2,Beijing,13,B,8.44747269,8.44747269,3.786341631345171,Butyrate
163,BI2,Beijing,19,B,3.225958432,3.225958432,3.947403793634149,Butyrate
164,BI2,Beijing,25,B,2.214316072,2.214316072,3.7429454835226865,Butyrate
165,BI2,Beijing,31,B,2.990095232,2.990095232,4.047013003312324,Butyrate
166,HI1,Hunan,0,B,3.17374572230518,3.17374572230518,4.557026747882591,Butyrate
167,HI1,Hunan,1,B,7.74998396864371,7.74998396864371,6.468920964683276,Butyrate
168,HI1,Hunan,3,B,9.07270538631526,9.07270538631526,6.694595700420636,Butyrate
169,HI1,Hunan,5,B,3.65117796098639,3.65117796098639,7.199326314553966,Butyrate
170,HI1,Hunan,8,B,8.25403201839479,8.25403201839479,6.947526457923787,Butyrate
171,HI1,Hunan,13,B,6.04850212780145,6.04850212780145,6.398401780287246,Butyrate
172,HI1,Hunan,19,B,5.16319159902094,5.16319159902094,6.744684550227663,Butyrate
173,HI1,Hunan,25,B,9.51484324638032,9.51484324638032,5.487629726555507,Butyrate
174,HI1,Hunan,31,B,3.83820834483123,3.83820834483123,5.959750319574867,Butyrate
175,SI2,Shanghai,0,B,3.2421055496246,3.2421055496246,6.117373630110439,Propionate
176,SI2,Shanghai,2,B,5.16872118069872,5.16872118069872,4.211013067261819,Propionate
177,SI2,Shanghai,5,B,5.31910076583396,5.31910076583396,3.382342201202006,Propionate
178,SI2,Shanghai,10,B,3.48171061711977,3.48171061711977,3.766993717134718,Propionate
179,SI2,Shanghai,13,B,2.03424602024647,2.03424602024647,3.3486387538156315,Propionate
180,SI2,Shanghai,19,B,4.21171396983636,4.21171396983636,5.600968399926447,Propionate
181,SI2,Shanghai,25,B,5.7817496364493,5.7817496364493,5.968431094873232,Propionate
182,SI2,Shanghai,31,B,10.1411089179202,10.1411089179202,6.689060713031914,Propionate
183,GI2,Guangdong,0,B,1.43897784094056,1.43897784094056,4.426427728960419,Propionate
184,GI2,Guangdong,1,B,10.1209779408233,10.1209779408233,11.187257002616207,Propionate
185,GI2,Guangdong,3,B,12.1032689632785,12.1032689632785,10.659843525638749,Propionate
186,GI2,Guangdong,5,B,12.5607085210334,12.5607085210334,10.404631715167403,Propionate
187,GI2,Guangdong,8,B,11.8442631585971,11.8442631585971,9.985592667271215,Propionate
188,GI2,Guangdong,13,B,8.32202829085433,8.32202829085433,9.104501753981628,Propionate
189,GI2,Guangdong,19,B,7.85825037983968,7.85825037983968,10.191288842389833,Propionate
190,GI2,Guangdong,25,B,7.38337740941088,7.38337740941088,6.647345056636869,Propionate
191,GI2,Guangdong,31,B,5.46642702756248,5.46642702756248,9.853558166729927,Propionate
192,BI2,Beijing,0,B,3.621771332,3.621771332,5.142415586783374,Propionate
193,BI2,Beijing,1,B,13.78954601,13.78954601,11.309166764797126,Propionate
194,BI2,Beijing,3,B,8.574914641,8.574914641,9.267456232445952,Propionate
195,BI2,Beijing,5,B,9.083936648,9.083936648,9.290985780288475,Propionate
196,BI2,Beijing,8,B,9.094751511,9.094751511,7.605942907555537,Propionate
197,BI2,Beijing,13,B,9.041563615,9.041563615,7.467564035762218,Propionate
198,BI2,Beijing,19,B,5.143903656,5.143903656,6.9376655031484,Propionate
199,BI2,Beijing,25,B,4.9495616,4.9495616,6.8921405255476795,Propionate
200,BI2,Beijing,31,B,5.148518139,5.148518139,6.375162126956083,Propionate
201,HI1,Hunan,0,B,3.0444338968007,3.0444338968007,7.06323263308397,Propionate
202,HI1,Hunan,1,B,13.5964627232954,13.5964627232954,9.831120611177196,Propionate
203,HI1,Hunan,3,B,4.97915629215949,4.97915629215949,10.327176896098706,Propionate
204,HI1,Hunan,5,B,7.20167631102433,7.20167631102433,10.881102309778775,Propionate
205,HI1,Hunan,8,B,11.541144780583,11.541144780583,10.365936622470889,Propionate
206,HI1,Hunan,13,B,7.53905450078684,7.53905450078684,12.44090888039441,Propionate
207,HI1,Hunan,19,B,4.85119716518977,4.85119716518977,12.924063975620326,Propionate
208,HI1,Hunan,25,B,8.37713778754242,8.37713778754242,12.15864635011424,Propionate
209,HI1,Hunan,31,B,4.13868380679964,4.13868380679964,10.540211443032254,Propionate
210,HI4,Hunan,0,C,11.0961637361899,11.0961637361899,12.444528981405599,Acetate
211,HI4,Hunan,1,C,10.4259544477746,10.4259544477746,15.103438285681785,Acetate
212,HI4,Hunan,3,C,15.7400174920493,15.7400174920493,14.507980057428233,Acetate
213,HI4,Hunan,5,C,10.3281350071648,10.3281350071648,16.64764241987864,Acetate
214,HI4,Hunan,8,C,23.1433465564607,23.1433465564607,14.177478318616062,Acetate
215,HI4,Hunan,13,C,9.77094995650992,9.77094995650992,14.82961246951566,Acetate
216,HI4,Hunan,19,C,20.1695096503974,20.1695096503974,15.173805889257132,Acetate
217,HI4,Hunan,25,C,9.72125435063916,9.72125435063916,16.690904568072078,Acetate
218,HI4,Hunan,31,C,13.6835605204454,13.6835605204454,16.125191496621664,Acetate
219,BI5,Beijing,0,C,8.06512734,8.06512734,16.58046082000742,Acetate
220,BI5,Beijing,3,C,18.56934828,18.56934828,17.188167042848498,Acetate
221,BI5,Beijing,5,C,17.0320859,17.0320859,17.28728497217374,Acetate
222,BI5,Beijing,8,C,16.86592811,16.86592811,17.10889993240925,Acetate
223,BI5,Beijing,13,C,16.04894579,16.04894579,17.466733398038905,Acetate
224,BI5,Beijing,19,C,10.87206938,10.87206938,17.123755753348778,Acetate
225,BI5,Beijing,25,C,14.63773858,14.63773858,17.700343358893395,Acetate
226,BI5,Beijing,31,C,11.09942031,11.09942031,18.356933224292614,Acetate
227,GI3,Guangdong,0,C,8.61262829853012,8.61262829853012,13.300944545015632,Acetate
228,GI3,Guangdong,1,C,17.8113337989718,17.8113337989718,17.86400812165694,Acetate
229,GI3,Guangdong,3,C,28.7550359627395,28.7550359627395,20.95934877982778,Acetate
230,GI3,Guangdong,5,C,36.5868202735479,36.5868202735479,20.40413339787101,Acetate
231,GI3,Guangdong,8,C,13.650936674074,13.650936674074,18.29533109275717,Acetate
232,GI3,Guangdong,13,C,14.7901163991275,14.7901163991275,19.282056412548652,Acetate
233,GI3,Guangdong,19,C,22.5439797449251,22.5439797449251,20.22852991063035,Acetate
234,GI3,Guangdong,25,C,28.1396723572033,28.1396723572033,20.478230972509795,Acetate
235,GI3,Guangdong,31,C,20.0844877182696,20.0844877182696,20.15003920183453,Acetate
236,SI4,Shanghai,0,C,7.9171827296172,7.9171827296172,14.387118763406292,Acetate
237,SI4,Shanghai,2,C,24.8467906576566,24.8467906576566,19.23694221273627,Acetate
238,SI4,Shanghai,5,C,15.4626150054858,15.4626150054858,14.573301983674023,Acetate
239,SI4,Shanghai,10,C,33.2564402406028,33.2564402406028,16.62017043850991,Acetate
240,SI4,Shanghai,13,C,9.27499423826522,9.27499423826522,14.281174559266843,Acetate
241,SI4,Shanghai,19,C,14.5472615730926,14.5472615730926,13.815552292243302,Acetate
242,SI4,Shanghai,25,C,7.61857993190024,7.61857993190024,13.734809136857372,Acetate
243,SI4,Shanghai,31,C,17.3506017262156,17.3506017262156,15.163771551435548,Acetate
244,HI4,Hunan,0,C,2.8045530970223,2.8045530970223,4.191385979475894,Butyrate
245,HI4,Hunan,1,C,3.90022792630371,3.90022792630371,5.467389399932322,Butyrate
246,HI4,Hunan,3,C,9.63654256962146,9.63654256962146,5.150639643640533,Butyrate
247,HI4,Hunan,5,C,6.23896670244728,6.23896670244728,6.286852318040376,Butyrate
248,HI4,Hunan,8,C,12.3912530735444,12.3912530735444,5.344940297098025,Butyrate
249,HI4,Hunan,13,C,4.37585649796153,4.37585649796153,5.429261117496086,Butyrate
250,HI4,Hunan,19,C,5.31812207698844,5.31812207698844,4.7517185821739005,Butyrate
251,HI4,Hunan,25,C,3.35197461804278,3.35197461804278,5.6848185616138505,Butyrate
252,HI4,Hunan,31,C,5.59101624257587,5.59101624257587,5.482292410840222,Butyrate
253,BI5,Beijing,0,C,1.835172277,1.835172277,3.2915766357659004,Butyrate
254,BI5,Beijing,3,C,6.129034212,6.129034212,4.929342383644034,Butyrate
255,BI5,Beijing,5,C,4.601346397,4.601346397,5.134229791721644,Butyrate
256,BI5,Beijing,8,C,6.411691906,6.411691906,4.778066235388213,Butyrate
257,BI5,Beijing,13,C,4.099376854,4.099376854,4.18723537714598,Butyrate
258,BI5,Beijing,19,C,2.648912218,2.648912218,3.884187396147988,Butyrate
259,BI5,Beijing,25,C,3.676643461,3.676643461,3.335236880885772,Butyrate
260,BI5,Beijing,31,C,5.418496784,5.418496784,4.012528102983427,Butyrate
261,GI3,Guangdong,0,C,2.30184605907365,2.30184605907365,3.394816627975632,Butyrate
262,GI3,Guangdong,1,C,6.38162559796003,6.38162559796003,5.947343456755318,Butyrate
263,GI3,Guangdong,3,C,9.7911942239034,9.7911942239034,6.860891354954138,Butyrate
264,GI3,Guangdong,5,C,11.1705422577688,11.1705422577688,8.045083276298627,Butyrate
265,GI3,Guangdong,8,C,8.25173209883006,8.25173209883006,7.163400474416326,Butyrate
266,GI3,Guangdong,13,C,6.77787015623268,6.77787015623268,6.909153676074564,Butyrate
267,GI3,Guangdong,19,C,6.27929198494138,6.27929198494138,7.653956794181912,Butyrate
268,GI3,Guangdong,25,C,3.02604937601951,3.02604937601951,4.756151425369082,Butyrate
269,GI3,Guangdong,31,C,4.82531421814404,4.82531421814404,5.838445748134314,Butyrate
270,SI4,Shanghai,0,C,3.45168233137531,3.45168233137531,7.504504871727871,Butyrate
271,SI4,Shanghai,2,C,15.7306684034088,15.7306684034088,11.261303352262352,Butyrate
272,SI4,Shanghai,5,C,13.0805667142663,13.0805667142663,8.714251874473227,Butyrate
273,SI4,Shanghai,10,C,11.529653784401,11.529653784401,7.955402265952822,Butyrate
274,SI4,Shanghai,13,C,9.19384162948967,9.19384162948967,7.513211017322922,Butyrate
275,SI4,Shanghai,19,C,3.49749282829784,3.49749282829784,4.087463183046944,Butyrate
276,SI4,Shanghai,25,C,2.06355977296695,2.06355977296695,4.667999268627557,Butyrate
277,SI4,Shanghai,31,C,5.89433593464689,5.89433593464689,5.739813536422035,Butyrate
278,HI4,Hunan,0,C,4.15631186897535,4.15631186897535,4.311160203017326,Propionate
279,HI4,Hunan,1,C,6.64539707620077,6.64539707620077,8.25057015066031,Propionate
280,HI4,Hunan,3,C,15.5383544783019,15.5383544783019,7.016423897403195,Propionate
281,HI4,Hunan,5,C,12.7464964258436,12.7464964258436,5.250125117689906,Propionate
282,HI4,Hunan,8,C,19.0544940953282,19.0544940953282,11.626662618273865,Propionate
283,HI4,Hunan,13,C,11.4342496955025,11.4342496955025,10.925457898230418,Propionate
284,HI4,Hunan,19,C,13.2234836589618,13.2234836589618,10.296859916420715,Propionate
285,HI4,Hunan,25,C,10.0526993365449,10.0526993365449,11.210720437954217,Propionate
286,HI4,Hunan,31,C,8.57156734604867,8.57156734604867,11.48963772237773,Propionate
287,BI5,Beijing,0,C,3.134209359,3.134209359,7.771339338952725,Propionate
288,BI5,Beijing,3,C,9.241505341,9.241505341,9.789687995471128,Propionate
289,BI5,Beijing,5,C,12.78773871,12.78773871,9.735119912001904,Propionate
290,BI5,Beijing,8,C,13.18752654,13.18752654,8.219972928925158,Propionate
291,BI5,Beijing,13,C,7.434375222,7.434375222,8.40013949689253,Propionate
292,BI5,Beijing,19,C,5.668429405,5.668429405,7.135810909126812,Propionate
293,BI5,Beijing,25,C,5.700256671,5.700256671,6.425457813563489,Propionate
294,BI5,Beijing,31,C,6.387468704,6.387468704,6.63529061083747,Propionate
295,GI3,Guangdong,0,C,1.96243106339537,1.96243106339537,3.612247931723883,Propionate
296,GI3,Guangdong,1,C,11.3202011264787,11.3202011264787,9.364677530850024,Propionate
297,GI3,Guangdong,3,C,14.4435333276816,14.4435333276816,11.261249789986799,Propionate
298,GI3,Guangdong,5,C,19.4463007866356,19.4463007866356,10.930944993056091,Propionate
299,GI3,Guangdong,8,C,13.3240661890168,13.3240661890168,8.836934934482557,Propionate
300,GI3,Guangdong,13,C,6.32593052838463,6.32593052838463,10.551547895191536,Propionate
301,GI3,Guangdong,19,C,6.8992887697412,6.8992887697412,8.877819685652856,Propionate
302,GI3,Guangdong,25,C,15.0661126532672,15.0661126532672,7.583615969508923,Propionate
303,GI3,Guangdong,31,C,10.4727153304335,10.4727153304335,8.785980071032716,Propionate
304,SI4,Shanghai,0,C,2.16615356156161,2.16615356156161,3.3497851629058872,Propionate
305,SI4,Shanghai,2,C,4.96059086264528,4.96059086264528,3.7406920525292504,Propionate
306,SI4,Shanghai,5,C,3.40376831290217,3.40376831290217,3.409903840352491,Propionate
307,SI4,Shanghai,10,C,5.10908513631309,5.10908513631309,3.3034757809835433,Propionate
308,SI4,Shanghai,13,C,2.99937917108114,2.99937917108114,3.102420854758453,Propionate
309,SI4,Shanghai,19,C,5.75365063921478,5.75365063921478,5.570819713343627,Propionate
310,SI4,Shanghai,25,C,5.29769178142167,5.29769178142167,6.347487673910285,Propionate
311,SI4,Shanghai,31,C,6.48233273191511,6.48233273191511,7.026315673107486,Propionate
312,SI1,Shanghai,0,D,3.65146118079979,3.65146118079979,10.08343704131431,Acetate
313,SI1,Shanghai,2,D,22.5444808439042,22.5444808439042,16.33042415847615,Acetate
314,SI1,Shanghai,5,D,34.218158231577,34.218158231577,16.59025706861487,Acetate
315,SI1,Shanghai,10,D,33.0667517547481,33.0667517547481,16.16427267277641,Acetate
316,SI1,Shanghai,13,D,8.74214776066305,8.74214776066305,12.544017028878354,Acetate
317,SI1,Shanghai,19,D,11.2306559245254,11.2306559245254,12.933094228939215,Acetate
318,SI1,Shanghai,25,D,9.46227529297848,9.46227529297848,13.695881196499826,Acetate
319,SI1,Shanghai,31,D,10.4248324833646,10.4248324833646,15.166229499068544,Acetate
320,HI5,Hunan,0,D,13.7932184337997,13.7932184337997,11.088584299493032,Acetate
321,HI5,Hunan,1,D,13.6200157910728,13.6200157910728,13.70836150481726,Acetate
322,HI5,Hunan,3,D,18.5550287910836,18.5550287910836,15.17020067377256,Acetate
323,HI5,Hunan,5,D,26.8712381121353,26.8712381121353,19.767881141358604,Acetate
324,HI5,Hunan,8,D,15.3008446660206,15.3008446660206,19.83311851567496,Acetate
325,HI5,Hunan,13,D,15.2782230434062,15.2782230434062,16.91237778074212,Acetate
326,HI5,Hunan,19,D,10.1797265686544,10.1797265686544,13.126274063274137,Acetate
327,HI5,Hunan,25,D,13.4050766623516,13.4050766623516,14.254527091039504,Acetate
328,HI5,Hunan,31,D,13.7170061442105,13.7170061442105,16.390761517404478,Acetate
329,BI3,Beijing,0,D,18.07537795,18.07537795,13.530109377045775,Acetate
330,BI3,Beijing,1,D,36.22477671,36.22477671,17.02775765729608,Acetate
331,BI3,Beijing,3,D,39.04876247,39.04876247,21.029038272214763,Acetate
332,BI3,Beijing,5,D,9.663097181,9.663097181,16.868869273397276,Acetate
333,BI3,Beijing,8,D,17.18006479,17.18006479,14.983622892307878,Acetate
334,BI3,Beijing,13,D,17.07292161,17.07292161,17.447905923858283,Acetate
335,BI3,Beijing,19,D,21.57232377,21.57232377,16.50334766058638,Acetate
336,BI3,Beijing,25,D,14.55195495,14.55195495,18.302926339511643,Acetate
337,BI3,Beijing,31,D,20.04828756,20.04828756,16.95220735677991,Acetate
338,GI4,Guangdong,0,D,8.48663220435083,8.48663220435083,10.12015193897204,Acetate
339,GI4,Guangdong,1,D,16.7271472416462,16.7271472416462,21.44028906651189,Acetate
340,GI4,Guangdong,3,D,18.8995686951138,18.8995686951138,19.0969069681325,Acetate
341,GI4,Guangdong,5,D,33.1464262485456,33.1464262485456,21.20824140954529,Acetate
342,GI4,Guangdong,8,D,24.8839771401891,24.8839771401891,20.344221611536206,Acetate
343,GI4,Guangdong,13,D,28.7848045234548,28.7848045234548,20.601210198990756,Acetate
344,GI4,Guangdong,19,D,20.9426857427166,20.9426857427166,20.841425255204836,Acetate
345,GI4,Guangdong,25,D,21.6676559219225,21.6676559219225,17.49948168656139,Acetate
346,GI4,Guangdong,31,D,16.0962844195439,16.0962844195439,17.9099233667156,Acetate
347,SI1,Shanghai,0,D,1.16631506291812,1.16631506291812,5.218886413675617,Butyrate
348,SI1,Shanghai,2,D,11.3289253492704,11.3289253492704,7.756892533606748,Butyrate
349,SI1,Shanghai,5,D,8.12341761107132,8.12341761107132,8.837643351467104,Butyrate
350,SI1,Shanghai,10,D,12.4829197496024,12.4829197496024,8.717559741350984,Butyrate
351,SI1,Shanghai,13,D,10.5320095967996,10.5320095967996,10.174380269584105,Butyrate
352,SI1,Shanghai,19,D,2.77492508545552,2.77492508545552,3.894774757221598,Butyrate
353,SI1,Shanghai,25,D,3.44243807526886,3.44243807526886,3.4271276614302906,Butyrate
354,SI1,Shanghai,31,D,4.0967620263774,4.0967620263774,5.006321901198508,Butyrate
355,HI5,Hunan,0,D,3.2145606661479,3.2145606661479,3.7763369152590864,Butyrate
356,HI5,Hunan,1,D,5.00074348457056,5.00074348457056,5.894157302806755,Butyrate
357,HI5,Hunan,3,D,5.60626783610823,5.60626783610823,5.884739068220647,Butyrate
358,HI5,Hunan,5,D,10.0646672788908,10.0646672788908,6.103116660549109,Butyrate
359,HI5,Hunan,8,D,4.31013767077706,4.31013767077706,6.033436846982373,Butyrate
360,HI5,Hunan,13,D,9.34148762777352,9.34148762777352,6.322441881938988,Butyrate
361,HI5,Hunan,19,D,4.14013248588573,4.14013248588573,5.716802172259528,Butyrate
362,HI5,Hunan,25,D,2.61706829099631,2.61706829099631,5.887877560637386,Butyrate
363,HI5,Hunan,31,D,4.69753572589907,4.69753572589907,6.516541639022069,Butyrate
364,BI3,Beijing,0,D,1.682655797,1.682655797,4.302763104779695,Butyrate
365,BI3,Beijing,1,D,7.334946234,7.334946234,5.636006168271337,Butyrate
366,BI3,Beijing,3,D,4.048509558,4.048509558,5.855556770754004,Butyrate
367,BI3,Beijing,5,D,3.19141797,3.19141797,4.9310781385036595,Butyrate
368,BI3,Beijing,8,D,3.751975269,3.751975269,4.211047148925003,Butyrate
369,BI3,Beijing,13,D,3.64445568,3.64445568,3.745610534230941,Butyrate
370,BI3,Beijing,19,D,5.569833505,5.569833505,3.191010356939137,Butyrate
371,BI3,Beijing,25,D,3.324433177,3.324433177,4.649234255015176,Butyrate
372,BI3,Beijing,31,D,5.090017333,5.090017333,4.143385657172912,Butyrate
373,GI4,Guangdong,0,D,1.86793102846524,1.86793102846524,3.2687177048335427,Butyrate
374,GI4,Guangdong,1,D,5.65534353566523,5.65534353566523,6.68548824091261,Butyrate
375,GI4,Guangdong,3,D,10.0636971613376,10.0636971613376,6.653491277556932,Butyrate
376,GI4,Guangdong,5,D,11.7978801223615,11.7978801223615,7.5181720175305795,Butyrate
377,GI4,Guangdong,8,D,7.84919069594073,7.84919069594073,7.213280363116059,Butyrate
378,GI4,Guangdong,13,D,13.9772483665836,13.9772483665836,7.173134350179217,Butyrate
379,GI4,Guangdong,19,D,9.12276180705621,9.12276180705621,6.045412995277934,Butyrate
380,GI4,Guangdong,25,D,6.00895787906282,6.00895787906282,3.14517295128861,Butyrate
381,GI4,Guangdong,31,D,5.03482427948981,5.03482427948981,4.5784862832467645,Butyrate
382,SI1,Shanghai,0,D,0.721203305858565,0.721203305858565,2.8423264673998334,Propionate
383,SI1,Shanghai,2,D,4.42614353370056,4.42614353370056,3.79217450021921,Propionate
384,SI1,Shanghai,5,D,2.76061266113594,2.76061266113594,4.075679298321425,Propionate
385,SI1,Shanghai,10,D,4.09268788501058,4.09268788501058,3.726670092927745,Propionate
386,SI1,Shanghai,13,D,3.08179568575595,3.08179568575595,3.946109202086682,Propionate
387,SI1,Shanghai,19,D,6.10082275014242,6.10082275014242,5.520245118548488,Propionate
388,SI1,Shanghai,25,D,5.92647470841498,5.92647470841498,6.057741948232724,Propionate
389,SI1,Shanghai,31,D,5.33472666588753,5.33472666588753,6.06988641773067,Propionate
390,HI5,Hunan,0,D,3.73432545368178,3.73432545368178,5.303483899626217,Propionate
391,HI5,Hunan,1,D,7.19126130709956,7.19126130709956,9.027633362536305,Propionate
392,HI5,Hunan,3,D,13.3176326014245,13.3176326014245,10.969879671725696,Propionate
393,HI5,Hunan,5,D,10.6530872862715,10.6530872862715,11.631941968995768,Propionate
394,HI5,Hunan,8,D,11.3963741992799,11.3963741992799,11.9649354031827,Propionate
395,HI5,Hunan,13,D,14.1870208663912,14.1870208663912,11.636856606001754,Propionate
396,HI5,Hunan,19,D,8.70936274429878,8.70936274429878,10.94719314046709,Propionate
397,HI5,Hunan,25,D,12.9739258558149,12.9739258558149,8.527800117608848,Propionate
398,HI5,Hunan,31,D,10.3954362932445,10.3954362932445,10.897585890467337,Propionate
399,BI3,Beijing,0,D,2.859915669,2.859915669,7.38805705817757,Propionate
400,BI3,Beijing,1,D,20.06945996,20.06945996,8.251391080498564,Propionate
401,BI3,Beijing,3,D,16.89272701,16.89272701,9.354637401129274,Propionate
402,BI3,Beijing,5,D,5.279243849,5.279243849,9.656689488851043,Propionate
403,BI3,Beijing,8,D,7.639116865,7.639116865,7.835091009295411,Propionate
404,BI3,Beijing,13,D,9.123327973,9.123327973,7.163620388630683,Propionate
405,BI3,Beijing,19,D,9.486621697,9.486621697,7.239010352346615,Propionate
406,BI3,Beijing,25,D,4.720261389,4.720261389,7.80139829815377,Propionate
407,BI3,Beijing,31,D,8.284436134,8.284436134,6.912983153955946,Propionate
408,GI4,Guangdong,0,D,2.03531465575669,2.03531465575669,5.179132947541667,Propionate
409,GI4,Guangdong,1,D,9.27323393195087,9.27323393195087,10.675783822066272,Propionate
410,GI4,Guangdong,3,D,9.45275745887344,9.45275745887344,9.79843094691391,Propionate
411,GI4,Guangdong,5,D,9.70509573500925,9.70509573500925,10.491472079549773,Propionate
412,GI4,Guangdong,8,D,13.5890612701239,13.5890612701239,9.169675719784694,Propionate
413,GI4,Guangdong,13,D,9.75648949315565,9.75648949315565,9.843360045415489,Propionate
414,GI4,Guangdong,19,D,12.4107981165043,12.4107981165043,8.949649003422332,Propionate
415,GI4,Guangdong,25,D,8.36323022811003,8.36323022811003,7.283421408537561,Propionate
416,GI4,Guangdong,31,D,6.71063602495234,6.71063602495234,6.416838987582467,Propionate
