SampleID,Muribaculaceae,Akkermansia_dash_muciniphila,Bacteroides_dash_acidifaciens,Faecalibaculum,Parasutterella,Bacteroides_dash_uniformis,Bacteroides,Alloprevotella,Clostridia_dash_UCG_dash_014,Lachnospiraceae_dash_NK4A136_dash_group,Lachnospiraceae,Escherichia_dash_Shigella,Parabacteroides_dash_goldsteinii,Desulfovibrionaceae,Mucispirillum_dash_schaedleri,Oscillospiraceae,Helicobacter_dash_ganmani,Muribaculum,Colidextribacter,Roseburia,Clostridia_dash_vadinBB60_dash_group,Bacteroides_dash_vulgatus_dash_ATCC_dash_8482,Lachnoclostridium,Lachnospiraceae_dash_bacterium_dash_28_dash_4,Oscillibacter,Alistipes,Dubosiella_dash_newyorkensis,Rikenellaceae_dash_RC9_dash_gut_dash_group,Lactobacillus,Parabacteroides,Bilophila,Bacteroides_dash_caecimuris,Ruminococcaceae,mouse_dash_gut_dash_metagenome,Anaerotruncus,Desulfovibrio,Peptococcaceae,Ruminococcus_dash_sp_dot__dash_N15_dot_MGS_dash_57,Bifidobacterium_dash_choerinum,Helicobacter_dash_mastomyrinus
sample141,25580567.3915693,2803564.186431445,731117.1952439181,15034841.93332337,6520313.663420469,19913.69792493162,379782.6675683388,684177.764420865,187757.7232922124,578919.6468176551,1514863.449289441,24180.91890884555,25603.32590348351,217628.2701796099,472239.1222198071,1039779.513080358,9956.84896246581,445213.3893216855,460859.8662627033,482195.9711822729,374093.039589787,38404.98885522527,371248.225600511,129439.0365120556,140818.2924691594,1473613.64644494,116637.3735603138,4127825.098439398,1069650.059967756,193447.3512707643,236119.5611099036,120904.5945442277,641505.5545817259,207671.4212171441,344222.4927023895,0.0,46939.43082305311,9956.84896246581,98146.08263002014,0.0
sample142,12217695.66402239,124022.6010347698,1518836.024046659,8628681.436921425,1957323.513961059,17045.760331793,269793.2411135513,1537645.138895534,520777.3673782275,946921.3756730525,687708.2616619935,24686.96323914848,7641.202907355483,161640.8307325198,161053.0458934925,710631.87038406,0.0,362663.2456798718,414388.3115142781,214541.4662449809,2041376.745941969,17633.54517082035,122259.2465176877,1921468.63878039,347968.6247041881,1714568.375442765,18221.33000984769,2091338.457259293,606006.1690371926,98747.85295659392,317403.8130747663,114030.2587713049,432021.8566850985,108152.4103810315,161053.0458934925,4114.493873191414,17633.54517082035,3526.70903416407,38206.01453677742,0.0
sample144,20189747.63144723,59678.65375370943,5359602.173650444,2648814.093530026,103289.9776506509,34429.99255021698,1315225.715418288,2598316.771123041,1407039.028885534,3550879.898345712,8983932.722769953,199693.9567912585,64269.31942707169,28349655.86584866,2419280.809861913,3445294.587858379,14800306.13091994,174445.295587766,1744452.95587766,936495.7973659018,142310.6358742302,50497.3224069849,596786.5375370943,229533.2836681132,2189747.5261938,6002295.367921161,4590.665673362264,2336648.827741392,59678.65375370943,573833.209170283,218056.6194847075,172149.9627510849,1223412.401951043,0.0,2947207.362298573,135424.6373641868,144605.9687109113,0.0,0.0,518745.2210899358
sample145,44612502.02988564,627965.7065227876,3589337.49680049,10757911.16536357,79127.04613021718,40405.30015160027,3833452.851883075,21337365.58839091,1880530.011222396,2452938.430036732,2707155.110157218,89228.37116811726,63975.05857336709,7579360.886771017,629649.2606957707,1769415.435805495,3591021.050973474,267685.1135043518,1070740.454017407,750865.1611505717,1114512.862514974,38721.74597861692,331660.1720777188,95962.58786005064,309773.9678289354,7808324.254296753,0.0,4708901.021834414,31987.52928668354,486547.1559921866,114481.6837628674,127950.1171467342,590927.514717154,74076.38361126716,582509.7438522372,43772.40849756695,109431.0212439174,8417.770864916722,0.0,474762.2767813031
sample156,62930191.39783816,252027.99972435,63283030.59745228,57628002.33697066,8175308.257725106,67207.46659315999,1785798.398046823,184820.53313119,81609.06657740856,10227536.25548053,3497188.529508362,103211.4665537814,50405.59994487,352839.19961409,4738126.394817781,2138637.597660913,33603.73329657999,806489.59911792,703278.1325641385,1502566.931689934,31203.46663253857,96010.66656165714,1188131.998700507,6286298.393124501,412845.8662151257,211223.4664356457,33603.73329658,184820.53313119,453650.39950383,45605.06661678715,1644182.664868379,4728525.328161614,228025.3330839357,1101722.398795016,1032114.665537814,14401.59998424857,110412.2665459057,0.0,48005.33328082857,0.0
sample157,99956825.00972195,424301.5026558482,33289220.06706427,59140865.24337132,8455283.567417268,2902468.250051599,4442867.183606528,4246089.675128452,199852.1570480445,5214603.974668975,3163813.378499043,153732.4284984957,92239.45709909743,107612.699948947,3511248.666905643,728691.7110828699,15373.24284984958,1890908.870531498,578033.931154344,501167.7169050961,1383591.856486462,249046.5341675631,396629.665526119,153732.4284984957,304390.2084270216,876274.8424414257,0.0,1097649.53947926,488869.1226252164,344360.6398366304,393555.0169561491,37304711.09944498,473495.8797753669,172180.3199183152,236747.9398876835,0.0,153732.4284984958,18447.89141981949,0.0,0.0
sample171,118385915.2996804,16002807.2713411,26425959.90078297,74746273.63067076,11998665.46913968,38986.48948306087,412798.1239382916,4155501.114312135,36693.16657229259,169705.8953968532,339411.7907937065,75679.65605535345,100906.2080738046,73386.33314458517,100906.2080738046,82559.62478765831,27519.87492921944,1582392.808430118,57333.07276920717,119252.7913599509,16053.26037537801,0.0,199519.0932368409,321065.2075075601,103199.5309845729,431144.7072244379,472424.5196182671,135306.0517353289,1135194.840830302,188052.4786829995,75679.65605535345,421971.4155813648,22933.22910768287,220158.9994337555,75679.65605535345,0.0,103199.5309845729,0.0,1467726.662891703,0.0
sample172,156657662.6674103,1967482.699156758,2789365.325769773,88660813.14966089,15067248.67782022,35968.60510341422,314725.2946548745,6121856.5886011,59348.19842063347,1480108.100005496,2215666.074370316,39565.46561375564,62945.05893097489,77332.50097234058,787712.4517647716,257175.5264894117,14387.44204136569,1746275.777770761,196028.8978136075,133083.8388826326,32371.7445930728,0.0,188835.1767929247,143874.4204136569,197827.3280687783,221206.9213859975,339903.3182272644,131285.4086274619,1061073.85055072,242788.084448046,113301.1060757548,1294869.783722912,46759.18663443849,857851.2317164293,151068.1414343397,0.0,113301.1060757548,32371.7445930728,956764.8957508184,0.0
sample175,141721859.1643604,20610536.42244468,22963033.88569254,76802596.9765133,14666854.90357101,34240.11718768295,682788.219213207,12860185.19078562,96677.97794169303,525686.5050579559,4503582.472450534,0.0,100706.2270225969,545827.7504624752,1703949.36122234,300104.5565273388,0.0,1871121.698079851,491446.3878702729,255793.8166373961,38268.36626858683,0.0,962751.5303360265,189327.7068024822,416923.7798735512,449149.7725207822,696887.0909963707,104734.4761035008,370598.9154431567,336358.7982554737,561940.7467860908,424980.278035359,70494.35891581784,1158121.610759865,223567.8239901651,0.0,505545.2596534365,14098.87178316357,394768.4099285799,0.0
sample186,204296806.0441246,7328876.152286652,751422.708710183,41739026.7264883,11787317.5573004,0.0,0.0,26765676.88425672,3000681.350115998,1137153.032514744,4688877.702351542,90170.72504522196,105199.1792194256,220417.3278883204,26941008.84962243,1001896.944946911,30056.90834840732,1743300.684207625,1653129.959162403,1507854.902145101,25047.42362367277,0.0,3702009.211578835,4894266.576065659,796508.071232794,345654.4460066842,631195.0753165537,115218.1486688947,1092067.669992133,220417.3278883203,671270.9531144302,170322.4806409748,611157.1364176155,345654.4460066842,736394.2545359795,0.0,75142.2708710183,30056.90834840732,1643110.989712934,0.0
sample187,175617507.3120857,863797.9423468843,2315235.377071017,48241027.83597487,16858510.02721614,205513.2650936825,542683.4656380053,14646031.28269196,80278.61917721972,9755457.80241574,15747453.93780342,86700.9087113973,93123.19824557487,250469.2918329255,7677847.138109295,2292757.363701395,0.0,1856041.67537732,1428959.421354511,452771.4121595192,57800.6058075982,0.0,1730807.029460857,346803.6348455892,2588182.682273563,497727.4388987623,658284.6772532017,89912.05347848608,944076.5615241039,244047.0022987479,606906.3609797811,401393.0958860986,404604.2406531874,2225323.323592531,1088578.076043099,0.0,802786.1917721973,44956.02673924304,1066100.062673478,0.0
sample189,189917904.1219087,910263.3014155733,2284191.971989704,66102183.11967216,15667907.07561556,51202.310704626,824926.1169078633,5606653.022156548,3282637.030729912,756656.3693016954,4568383.943979409,71114.32042309166,139384.0680292597,290146.427326214,5495714.682296525,2838883.67128982,0.0,1996890.117480414,978533.0490217413,1857506.049451154,79648.03887386266,0.0,1561670.476491093,295835.5729600613,631495.165357054,1302814.350151039,910263.3014155733,62580.60197232067,711143.2042309167,625806.0197232066,722521.4954986114,287301.8545092903,341348.7380308401,341348.7380308401,841993.5538094053,0.0,14222.86408461833,0.0,989911.340289436,0.0
sample190,167256867.7635484,17653286.75301318,1345151.271593236,71120861.37486665,21446554.98093337,40850.58091606357,259692.9786806898,14356061.29335948,1540650.480262969,1032936.117449036,4671555.717615554,81701.16183212714,49604.27682664862,233431.8909489347,916220.1719745685,323886.7486916468,14589.49318430842,1957909.98533419,566072.3355511666,177991.8168485627,0.0,0.0,3352665.533754074,248021.3841332431,350147.836423402,405587.910523774,1520225.189804937,102126.4522901589,615676.6123778152,399752.1132500506,446438.4914398375,373491.0255182955,110880.148200744,452274.2887135609,233431.8909489347,0.0,32096.88500547852,0.0,1998760.566250253,0.0
sample201,137016658.1504475,2224874.962201544,1531115.351126257,19375096.9686587,18767841.04973744,185117.9012096153,432518.4607701291,2856351.914925933,12164149.19069911,541513.1128842017,2366741.017334146,43251.84607701291,60552.58450781807,60552.58450781807,520752.2267672354,164357.0150926491,5190.221529241549,1155689.327177785,256050.9287759165,299302.7748529293,31141.3291754493,0.0,7605404.614181952,2138371.270047518,193768.2704250179,916939.1368326739,1823497.830606864,181657.7535234542,702409.9802906897,349474.9163022643,147056.2766618439,110724.725957153,133215.6859171998,230099.8211297087,129755.5382310387,0.0,342554.6209299422,20760.88611696619,2081278.833225861,0.0
sample202,142401328.8162226,2517897.89186802,2040598.751966715,15832031.79437812,18044612.82752385,90822.1035439731,1453153.65670357,17947993.56843452,16400153.0378234,2075381.685238875,5511162.538455559,63768.71099895985,61836.32581717319,139131.7330886397,1068609.005528024,888897.1836218644,7729.540727146648,1111121.479527331,705320.5913521318,409665.6585387723,83092.56281682647,0.0,3905350.452390844,519811.6139006121,685996.739534265,743968.2949878647,1750740.974698716,210629.9848147461,374882.7252666124,173914.6663607996,805804.620805038,170049.8959972263,309181.6290858659,991313.5982565576,326573.0957219459,0.0,767156.9171693047,27053.39254501327,2597125.684321274,0.0
sample205,141675875.2229587,966967.5185285421,903246.4299928887,15165619.07148554,23618221.46573997,57348.97968208817,506582.6538584455,12914671.61896358,8372951.033584873,858641.6680179313,1835167.349826821,39825.68033478345,89209.52394991492,121070.0682177417,406221.9394147912,143372.4492052204,17523.29934730472,939886.0559008894,246919.2180756574,125849.1498579157,15930.27213391338,0.0,8530660.727710616,248512.2452890487,374361.3951469644,520919.8987789675,1701353.063901949,47790.81640174014,511361.7354986195,802885.7155492343,266035.5446363534,100360.7144436543,170453.9118328732,460384.8646700967,111511.9049373937,0.0,423745.2387620959,0.0,1962609.526898128,0.0
sample216,154480291.0753072,4995155.283584962,2135753.315878907,17605117.96116867,31633783.9227296,90181.13898149865,6781181.743413668,17387363.50362797,10439016.72210226,2709833.249395276,10494005.22148122,37392.17957769456,162765.9581617293,470701.5546839198,18396952.35222572,3418085.121396315,0.0,1645255.901418561,2263326.6344381,1678249.001045938,147369.1783356198,0.0,11743343.92737125,2951782.646662712,1865209.898934411,1060178.268026399,3699626.238216603,527889.5940380408,173763.6580375218,252947.0971432279,2474482.472053317,162765.9581617293,851221.970386341,2714232.329345594,560882.6936654184,0.0,2232533.074785881,387119.0356278967,1528680.28273516,0.0
sample217,169199301.974709,462312.3134063666,1089235.829313485,20630686.9857591,22446663.76228335,106822.1633249559,490331.2414916009,16622229.08656527,13732777.12777548,486828.8754809466,2120682.619451174,10507.09803196288,141845.8234314988,49033.12414916009,483326.5094702923,609411.6858538468,0.0,1376429.842187137,355490.1500814107,336227.137022812,190878.9475806589,0.0,731994.4962267469,112075.7123409373,229404.9736978561,1409702.319288353,7030999.766388491,1246842.299792928,50784.30715448724,246916.8037511276,201386.0456126218,117329.2613569188,227653.790692529,1304631.338968724,105070.9803196288,0.0,171615.9345220603,178620.6665433689,2057640.031259397,0.0
sample219,176992715.9389987,4852109.525618388,2902523.175685234,19131591.01242325,32131747.52520622,198164.2328781084,13451854.39654924,29969426.04291863,16319407.41349128,486668.0425094719,1419205.608994687,110738.8360201194,125309.7354964509,75768.67727692377,489582.2224047382,221477.6720402387,8742.539685798896,1678567.619673388,332216.5080603581,195250.0529828421,11656.7195810652,0.0,4111907.832220748,101996.2963343205,279761.2699455647,1261839.894650308,4176019.789916607,571179.2594721946,96167.93654378787,405071.0054420156,206906.7725639073,163194.0741349127,78682.85717219008,984992.8046000091,81597.03706745639,0.0,238962.7514118365,166108.254030179,2479967.090871621,0.0
sample220,240680485.0270046,8040643.632085815,3347660.967444288,21260949.61255376,39803445.56307071,121669.9209351507,3608382.22659104,27188012.90382324,32447629.77167704,511013.6679276328,1546946.137604058,163385.3223986309,135575.0547563107,86907.08638225048,1261890.894270277,170337.8893092109,0.0,1178460.091343316,389343.7469924822,83430.80292696046,139051.3382116008,0.0,1734665.44418972,483203.4002853126,215529.5742279812,1320987.713010208,4122872.177973963,173814.172764501,163385.3223986309,312865.5109761017,354580.912439582,246816.1253255914,208577.0073174011,2589831.174191064,187719.306585661,0.0,159909.0389433409,225958.4245938512,1957147.585328281,0.0
sample231,164395217.0042894,6560513.946139599,753149.781877559,9482735.09982453,25542205.83339833,0.0,1186500.579450185,16080327.18907195,3418141.317751999,1211991.80283681,3744892.453889647,53299.8307174888,90377.97382530708,347607.5916357965,1703277.199015403,2078693.397982063,0.0,1040505.390963151,1587408.00180347,790227.9249853775,234055.778368103,0.0,3580358.193848704,282720.8411971145,920001.4258627414,739245.4782121272,12977350.0877364,885240.6666991618,345290.2076915579,192342.8673718074,1406652.054152857,78791.05410411386,655819.656219536,829623.4520374343,403224.806297524,0.0,644232.7364983428,208564.5549814779,6741269.893790213,0.0
sample232,207000758.8731672,229049.6828930766,1045762.18856233,5899764.559367124,21815247.07069514,39331.76372911416,647817.2849501156,15542987.5724817,3553740.534583491,1191521.077676105,4085876.161506801,55527.19585286705,76349.8942976922,254499.647658974,5929841.790454093,1992038.151221605,9254.532642144508,881494.2341642644,2116974.341890556,2406178.486957572,71722.62797661994,0.0,879180.6010037283,145758.889113776,1179952.911873425,465040.2652677616,8854274.105371758,886121.5004853366,62468.09533447543,185090.6528428902,2022115.382308575,50899.9295317948,594603.7222577847,1698206.739833517,853730.636237831,0.0,814398.8725087167,175836.1202007457,2288183.19577023,0.0
sample234,322536393.1115454,1018594.72920469,1148826.018783372,5972034.850679555,13646378.70085188,153486.8770034465,12423134.80230926,22799777.91123924,8037131.013998653,1841842.524041358,5697618.919067332,46511.17484952925,106975.7021539172,399996.1037059515,5330180.637756051,3199968.829647612,0.0,916270.1445357262,1986027.166074899,497669.5708899628,18604.4699398117,0.0,5083671.411053546,246509.226702505,776736.6199871383,451158.3960404336,4451119.433099948,572087.4506492097,195346.9343680228,339531.5764015634,2111607.338168628,130231.2895786819,702318.7402278916,502320.6883749157,376740.5162811868,0.0,1320917.36572663,251160.3441874579,2920901.780550437,0.0
sample235,135995005.1960312,2810455.636512515,1076964.012610664,7271932.679744982,17323596.79744452,35575.38780395588,3070802.792714192,14919023.9945135,1251606.825466448,1015515.61549474,4400028.646116544,77619.02793590374,87321.40642789172,278134.8501036551,7596962.359226578,1392291.313600273,17787.69390197794,729295.4499810956,1980902.275447544,842489.8657209552,124513.8573138456,0.0,2411041.05525901,163323.3712817975,692102.9990951417,585376.8356832741,7606664.737718567,295922.544005633,74384.90177190775,181111.0651837754,1395525.439764269,53363.08170593382,456011.7891234345,6788430.818227582,522311.3754853523,0.0,612866.90807724,160089.2451178015,2162013.340631319,0.0
sample246,162899028.3471496,3752183.86879431,2023014.796729462,25926234.32233177,26057334.72256675,83633.0139430057,1231891.691863192,11738006.52448726,3322717.040438335,153703.9175168753,395561.5524331351,42946.68283559753,63289.84838930162,54248.44147654425,144662.510604118,103976.1794967098,0.0,825028.3807891104,155964.2692450647,162745.3244296327,0.0,0.0,617076.0217956908,110757.2346812778,79112.31048662702,712010.794379643,4446111.849348439,666803.7598158563,169526.3796142008,185348.8417115262,63289.84838930162,92674.42085576308,108496.8829530885,472413.5111915728,67810.5518456803,0.0,47467.38629197621,133360.7519631713,4821330.236227869,0.0
sample247,180649406.7157716,13298398.22231362,1179033.244452548,26708583.1386451,38935516.44471205,145533.6205138208,1826552.39659375,27090345.24463063,7356829.97611894,649628.3350472,1174814.878640553,67493.85299191688,80148.95042790129,90694.86495788829,124441.7914538467,495657.9829093896,25310.19487196883,1581887.179498052,651737.5179531974,426054.9470114753,124441.7914538467,0.0,689702.8102611506,94913.23076988311,221464.2051297273,894293.5521428986,9322588.444508519,748759.9316290779,84367.3162398961,111786.6940178623,523077.3606873558,27419.37777796623,318486.6188056078,881638.4547069143,210918.2905997402,0.0,189826.4615397662,137096.8888898312,1965758.468389579,0.0
sample250,97977605.34055762,4037746.855820127,1244881.738389583,11709465.88187837,20099968.79862416,17320.09375150725,1188591.433697185,11863181.713923,5911564.498561316,647338.5039625834,999152.9082900743,55207.79883292934,54125.29297346015,80105.43360072101,192686.0429855181,640843.4688057681,9742.552735222826,773991.6895204801,525015.3418425634,99590.53907116667,19485.10547044565,0.0,141808.2675904656,72527.89258443659,181860.9843908261,886572.298905277,1845672.490394991,652751.0332599293,41135.22265982971,120158.1504010815,307431.6640892536,40052.7168003605,251141.3593968551,768579.1602231341,57372.81055186775,0.0,161293.3730609112,71445.3867249674,473055.0605880416,0.0
sample261,93767049.65335774,1153843.262160767,1126187.897688205,5150043.428445925,9326003.463802734,82966.09341768496,424048.921912612,5119315.245698635,3046699.319393875,755913.295583352,2618041.17006917,90648.13910450765,215097.2792310351,76820.45686822681,342619.2376322916,2210892.748667568,0.0,616100.064083179,969474.1656770224,282699.2812750747,107548.6396155175,0.0,145958.868049631,259653.1442146066,663728.7473414796,565398.5625501494,2717907.763997865,892653.7088087955,16900.5005110099,110621.4578902466,307281.8274729073,58383.54721985238,382565.8752037695,3102010.048338999,170541.4142474635,13827.68223628083,195123.9604452961,53774.31980775877,333400.7828081044,9218.454824187218
sample262,132139750.7067145,2190423.918722789,1711336.125662238,7028779.018009973,15440870.08715424,187750.6216048105,1145926.207725912,11737650.92998349,9590388.073698595,930120.895536475,3316927.648351652,170486.1966296555,345288.4995030997,56109.3811692537,97112.3904852468,1834345.153610217,0.0,697051.1583718825,615045.1397398963,172644.2497515499,105744.6029728243,0.0,211489.2059456486,211489.2059456485,485561.9524262339,1670333.116346245,1914193.119120309,770424.9645162912,0.0,153221.7716545005,448875.0493540296,38844.95619409872,332340.1807717335,2188265.865600894,82006.01863198617,0.0,168328.1435077611,51793.27492546495,287021.0652119516,12948.31873136624
sample264,174423118.0991969,171884.1437472727,1532224.367118546,7339452.938008546,13149136.99666636,250459.7523174545,2313069.477284728,10764858.37411491,15661100.98314437,370778.6529405455,2234493.868714545,78575.60857018182,324124.385352,22099.38991036364,211171.9480323636,535296.3333843637,0.0,476364.6269567273,321668.8975841819,39287.80428509091,105585.9740161818,0.0,152240.2416047273,51565.24312418182,166973.1682116364,505830.4801705455,2101897.529252364,218538.4113358182,54020.73089200001,206260.9724967273,46654.26758854546,71209.14526672728,223449.3868714546,176795.1192829091,68753.6574989091,22099.38991036364,66298.16973109092,58931.70642763637,665437.1850787273,0.0
sample265,158643041.6539315,4077217.048235428,2739557.330834741,17799565.25089248,23660328.58899549,119029.0426500611,1526594.705734118,22409578.96622818,15430320.49719126,1092044.232567228,3905286.208852006,221053.9363501135,413767.6244502125,64237.89603336633,204049.7874001048,642378.9603336634,11336.09930000582,1486918.358184097,789748.2512337391,495009.6694335876,272066.3832001397,0.0,438329.1729335585,272066.3832001397,529017.967333605,1596500.651417487,5067236.387102603,954121.6910838236,52901.79673336051,166262.7897334187,385427.376200198,73684.64545003786,411878.2745668782,2988951.515434869,141701.2412500728,30229.59813334886,230500.6857667851,96356.8440500495,1322544.918334013,0.0
sample411,8398359.991968779,202870.64410296,194215.753142936,2977974.88152502,232643.4690054421,118745.1039715278,1500065.70119134,5197088.923675144,61622.82363537009,713855.4063827706,1836567.861717069,2226037.954918144,81702.17066262552,3202655.85084724,158211.4067492367,872066.813132007,1472023.854480863,62661.41055057295,391547.2670314808,217410.8609158001,515831.5012174237,0.0,147479.3419588071,48467.38937613377,385315.7455402635,1077360.826703774,0.0,808713.0113046322,85856.51832343698,1303080.382941197,8308.695321622934,35311.95511689746,270378.7935911463,36004.34639369938,383584.7673482588,49852.1719297376,32542.39000968982,0.0,0.0,145748.3637668023
sample412,14737749.58595569,784364.8614130312,343539.6486033819,4417372.64974083,280709.3883868342,241187.1279280381,805646.0785831523,10147087.02497246,404343.1262322991,4475135.953488301,5232139.249968321,432718.0824591271,284762.9535620954,22128412.29175059,1396453.202877464,3149620.141177909,14743829.9337186,105392.6945567897,2206152.846635878,710387.2969645153,201664.8674692419,0.0,544191.1247788086,146941.7376032165,958668.1639492605,1485631.636733209,2026.782587630572,2199059.107579171,269562.0841548661,4185306.04345713,32428.52140208915,58776.69504128659,1271806.073738184,64857.0428041783,1843358.763450005,220919.3020517323,176330.0851238598,0.0,0.0,582699.9939437894
sample414,17138791.10144236,966318.1464282545,213695.9625466945,7853326.623591024,465819.7078320491,90914.51038170776,172456.390827157,1939197.13381189,124655.9781522385,3938379.099215835,4704122.965008156,157460.1829291433,100287.1403179663,14257644.65903648,934451.2046449756,2265364.655593687,3307601.104505636,190264.3877060482,1026302.978020309,631715.2577038251,399274.0352846135,0.0,638276.0986592061,95600.82534983702,615781.7868121855,981314.3543262681,0.0,956945.5164919961,165895.549871776,809795.2264927372,25306.10082789804,25306.10082789804,1307481.876108065,73106.51350281655,992561.5102497786,145275.7640120072,61859.35757930631,0.0,0.0,687951.0373213763
sample426,80741424.39227346,3588428.562230533,169881980.9803538,41774724.96030641,45078074.78869539,1895773.58004632,58287910.61807828,7843228.664815694,217372.5345541833,3068159.872969701,4628965.940752197,2273502.902386376,131848.9144017177,32367126.74353519,481070.3633576187,1108243.577809033,6752802.507871759,1204457.650480557,356348.4173019398,1681964.529665156,242316.923765319,0.0,737641.2238150154,342094.4806098622,171047.2403049311,726950.7712959572,0.0,1336306.564882274,249443.8921113578,5990216.894845609,71269.68346038795,11980433.78969122,174610.7244779505,481070.3633576187,612919.2777593364,42761.81007623277,138975.8827477565,21380.90503811639,0.0,573720.951856123
sample427,57873392.44972017,2857466.96893886,74199699.48750475,23591053.56898506,21554502.95807185,799122.118432054,21317187.9047193,16592681.07726192,94441.70490560638,435884.7918720295,355972.580028824,16444964.56446085,82333.79402027224,2893790.701594862,31480.5683018688,70225.88313493808,2106776.494048142,864504.8372128584,50853.22571840344,680464.5917557793,75069.04748907175,0.0,62961.13660373759,89598.54055147273,0.0,324492.0117269552,7264.746531200492,656248.7699851111,341443.0869664231,1765333.407081719,19372.65741653464,5104695.229256879,31480.5683018688,106549.6157909405,222785.5602901484,12107.91088533415,9686.328708267321,0.0,0.0,72647.46531200492
sample429,350543152.6417425,6781728.898912996,49418338.1006589,72478891.59518752,30684982.43413494,922957.187426029,7858512.284243363,10834714.80891425,314340.4913697345,5363852.639968663,3317295.398284858,561800.0271288872,153826.1979043382,34095911.17027462,896204.8051817964,1544950.07460444,6454012.216421145,3477809.691750254,127073.8156601055,5484238.360067709,327716.6824918509,0.0,675497.6516668764,334404.7780529091,167202.3890264545,876140.5184986219,0.0,1083471.480891425,441414.30702984,3277166.824918509,127073.8156601055,2855816.804571844,220707.15351492,1451316.736749626,1023278.620841902,113697.6245379891,227395.2490759782,0.0,0.0,3036395.384720414
sample441,301667682.4268375,56047821.62383988,30080251.47104964,2888071.941989065,4530636.736781688,11209564.32476798,17821619.0457907,26164009.19949573,13362034.7301578,9792695.455977391,6649670.708689727,1295661.797419118,62693.31277834439,19526877.15336167,150463.9506680265,2231881.93490906,7794868.55544082,2980022.13406397,973836.1251569496,568419.3691903225,351082.5515587286,0.0,133745.7339271347,292568.7929656072,1295661.797419117,1115940.96745453,0.0,1767951.420349312,37615.98766700664,1111761.413269307,100309.300445351,1642564.794792623,505726.0564119781,2148290.851204601,823372.1744889229,29256.87929656072,902783.7040081592,0.0,0.0,2194265.947242054
sample442,158034007.1743825,36373232.44334443,12379692.45550743,6387909.56995489,6963026.830272372,3529928.898785362,3169013.475218779,11434856.95641443,10404927.57696833,2737675.529980667,9794599.05581508,214201.836750899,73356.79340784211,7670186.318723971,909624.2382572423,3670773.942128418,20745301.17573775,2517605.149757141,2150821.182717931,2227112.247862086,401995.2278749748,0.0,604459.977680619,349178.3366213284,1757628.770051897,305164.2605766232,0.0,167253.48896988,55751.16298996001,563380.1733722275,49882.61951733263,610328.5211532464,762910.6514415579,3491783.366213284,1590375.281082017,0.0,146713.5868156842,0.0,0.0,487089.1082280716
sample444,122007715.8260523,19905300.66567691,7051848.720236166,8864849.728112597,13497429.90343845,194353.7080443534,1009478.961185597,2633927.864242879,139238.4774049099,2851487.985188051,5792900.820366775,162444.8903057282,58016.03225204579,9244854.739363497,1218336.677292962,490235.4725297869,5082204.425279211,2407665.338459901,116032.0645040916,855736.4757176754,159544.0886931259,0.0,153742.4854679214,104428.8580536824,388707.4160887068,174048.0967561374,0.0,104428.8580536824,31908.81773862519,397409.8209265137,37710.42096382976,380005.0112509,400310.622539116,3071948.907745825,786117.2370152205,43512.02418903435,284278.5580350244,0.0,0.0,385806.6144761045
sample456,263490101.9659315,2629045.047046731,24889931.14633962,4357171.230619504,10630842.5889927,19418896.59360685,9774969.66869244,14246803.30011772,15123151.6491333,2018877.271330278,8714342.46123901,1695365.497628266,110567.315062713,10553035.9598745,266180.5732991238,1904214.870524501,20688373.17395652,18014282.18373609,503695.5463968036,323511.7737020121,298941.2592436314,0.0,364462.6311326465,307131.4307297583,687974.4048346586,999200.9213074804,0.0,462744.6889661691,45045.94317369789,1298142.180551112,24570.51445838067,884538.520501704,470934.8604522961,409508.5743063444,1404614.409870761,45045.94317369789,773971.205438991,0.0,0.0,339892.1166742658
sample457,136885520.9682362,6364180.583105896,16361978.72845584,7339993.073319846,15970369.76856735,3776993.520236014,2816160.607722716,21743927.00233322,9131122.57838361,3049414.031918595,14095782.61631424,199014.3894515294,32099.09507282731,12159137.21358699,793917.6181345956,2542248.329767923,18191627.147607,12734780.98522636,1793269.444735286,1846767.936523331,748978.8850326373,0.0,843136.2305795974,276052.2176263149,898774.6620391647,481486.4260924097,0.0,136956.1389773965,102717.1042330474,697620.3329161135,85597.58686087283,530705.0385374116,712599.9106167663,763958.4627332902,1902406.367982899,42798.79343043642,507165.7021506716,0.0,0.0,701900.2122591572
sample459,141772971.2269335,6729017.460926587,8948017.867773948,15168420.63098501,29774214.38396614,1026231.425479105,1291791.311896943,3591809.989176867,13084450.67485859,21150269.59792243,5554252.539654455,130529.4356969037,0.0,4523520.099151318,436598.4573310227,661649.2085325808,7255636.218738233,24418006.50536905,153034.5108170595,418594.3972348981,211547.7061294646,0.0,288064.9615379943,175539.5859372153,540121.8028837395,243054.8112976827,0.0,94521.31550465438,99022.33052868555,711160.3737969236,27006.09014418697,256557.8563697762,301568.0066100878,481608.6075713343,738166.4639411104,40509.13521628045,238553.7962736516,0.0,0.0,306069.021634119
sample471,371753695.6874902,14186919.65990281,4707280.682261331,11540430.05973745,6173696.231205412,655114.6387294569,898071.0610397191,40031409.08315695,22889965.7876597,676807.1764357304,4173644.254687004,312372.5429703371,121478.2111551311,21644814.12331961,390465.6787129214,2269039.444076199,5904708.763647622,2885107.514934364,516282.3974093072,264648.9600165356,212586.8695214794,0.0,151847.7639439139,65077.61311882023,485912.8446205244,2464272.283432659,0.0,2117191.680132285,164863.2865676779,1830850.182409476,34708.06033003746,95447.165907603,468558.8144555057,56400.59803631087,585698.5180693822,73754.62820132959,234279.4072277528,0.0,0.0,212586.8695214794
sample472,241671526.0470128,3508322.20713883,1290025.091730037,13209674.92519329,5098670.600647287,50053.88362973687,222967.2998051915,31891149.40172826,13828522.94097912,200215.5345189475,814513.1972475364,227517.6528624403,59154.58974423448,3014608.900427334,52329.06015836127,125134.7090743422,939647.9063218784,1060232.262338972,127409.8856029666,0.0,147886.4743605862,0.0,59154.58974423449,0.0,100107.7672594737,1067057.791924845,4550.353057248807,177463.7692327034,213866.5936906939,941923.082850503,0.0,27302.11834349284,38678.00098661485,18201.41222899523,241168.7120341867,13651.05917174642,54604.23668698568,0.0,0.0,104658.1203167225
sample474,112335577.6756338,6067701.182416984,2815820.078208333,8191298.824732436,20176133.03260665,205320.2140360243,420417.5811213831,8944139.609531194,12718120.6865743,260072.2711122974,1138060.614942535,72350.93256507523,41064.04280720485,3541284.834468952,166211.6018386863,254205.9792826967,1816595.036566348,7473655.790911283,48885.76524667245,275715.7159912326,260072.2711122974,0.0,150568.1569597511,0.0,152523.587569618,350022.0791661747,0.0,74306.36317494212,35197.75097760416,557297.7238120659,0.0,84083.51622427661,123192.1284216146,142746.4345202835,307002.605749103,58662.91829600694,129058.4202512153,0.0,0.0,598361.7666192708
sample486,236563051.8978089,11485273.37379519,9979438.079926204,5173357.490434931,3609807.254989079,724060.1761460652,1353677.720620905,42934669.72031342,17786695.63141421,388264.1524261509,3294998.482751659,110183.0702830969,120676.6960243442,13022589.54488793,309561.959366796,215119.3276955701,3174321.786727315,5105148.923116823,246600.2049193121,110183.0702830969,414498.2167792692,0.0,152157.5732480862,73455.38018873126,257093.8306605594,1804903.62749454,0.0,1663239.679987701,125923.5088949679,1280222.340432173,36727.69009436563,125923.5088949679,251847.0177899358,62961.75444748393,561408.9771567318,162651.1989893335,209872.5148249465,0.0,0.0,152157.5732480862
sample487,185323212.053265,5627227.40415218,2676653.587026775,4197234.391904999,8047215.578724333,116470.0190970555,437840.9977167086,15408552.15609934,15154043.59585022,524115.0859367497,7143494.504619402,213528.3683446017,92744.64483654418,8510938.802907053,420586.1800727003,741957.1586923534,31235533.64006588,2607634.316450742,1552933.58796074,69019.27057603288,375292.2837571788,0.0,148822.8021795709,28039.07867151335,476664.337415727,562938.4256357681,0.0,297645.6043591418,112156.3146860534,513330.8249092445,0.0,62548.71395952979,427056.7366892034,81960.38380903903,700976.9667878338,116470.0190970555,252351.7080436202,0.0,0.0,461566.3719772199
sample489,103585560.2877346,18583571.14102094,12601615.93971506,15820180.48024001,21076630.10672548,501384.4259109218,1601195.424683266,5295728.590727339,12398289.53658067,5757834.052396392,4535565.10628175,233363.2581428714,101663.2015671915,26032711.18312606,2603964.27650511,1548053.296591325,32888045.70698645,5771697.216246463,711642.4109703406,284194.8589264672,1088258.362230618,0.0,935763.559879831,62384.23732532206,700089.7744286143,640016.0644116374,0.0,378926.478568623,233363.2581428714,1189921.56379781,11552.63654172631,258779.0585346693,478279.1528274692,231052.7308345262,783268.7575290437,566079.1905445892,445931.7705106355,0.0,0.0,628463.4278699112
sample501,237236854.9407656,19748505.54411768,6220683.099826749,5711106.277120693,10210765.76818548,100953.898837992,807631.1907039365,26997956.94638873,18142857.819742,216329.7832242687,5384207.938026244,163449.1695472252,57687.94219313832,10691498.61979497,552842.7793509089,235559.0972886481,15532478.43550249,6244719.742407223,447081.5519968219,67302.59922532804,384586.2812875888,0.0,399008.2668358734,0.0,134605.1984506561,1355666.64153875,0.0,495154.8371577705,163449.1695472252,903777.7610258335,43265.95664485374,134605.1984506561,240366.425804743,173063.8265794149,1072034.259089154,562457.4363830986,230751.7687725533,0.0,0.0,322091.0105783556
sample502,249698006.176249,17117854.62026452,5545906.557866188,4752640.124244174,10544412.88668327,215712.8021252846,874448.6709809925,41342634.24818359,33792686.17379864,459259.5142022188,2943435.977386947,266741.6370366423,81182.23735897808,5258289.488365809,122933.1022864525,475495.9616740145,4112460.195356233,5678117.630136524,658735.8688557078,55667.81990329926,517246.826601489,0.0,456940.0217062481,41750.86492747444,315450.9794520291,1628283.732171503,0.0,649457.8988718246,160044.9822219854,1189899.650433021,11597.46247985401,113655.1323025693,477815.4541699853,143808.5347501897,524205.3040894013,480134.9466659561,129891.5797743649,0.0,0.0,361840.8293714452
sample504,221302435.3672831,21584008.16881368,5803078.301286231,28075708.86431929,41704693.74991118,129116.6989161337,817739.0931355134,26260901.92955364,46507117.63459738,326378.3222602268,702968.6940989501,301272.2974709786,86077.79927742247,4605162.261342102,294099.1475311934,835671.9679849764,4906434.55881308,9131419.873346565,545159.3954236757,208021.3482537709,964788.6669011102,0.0,616890.8948215276,60971.77448817424,258233.3978322674,1190742.890004344,0.0,1448976.287836612,154222.7237053819,1316273.013950585,0.0,118356.9740064559,208021.348253771,60971.77448817425,380176.9468086159,455495.0211763605,233127.3730430191,0.0,0.0,520053.3706344274
sample516,69975208.56990151,234513.4600177158,6440100.402024964,10471927.96463723,414908.4292621125,360789.9384887935,1497278.244728493,1380021.514719635,559224.4046576299,32768746.16324467,36520961.52352811,171375.2207821769,721579.8769775869,7053443.297455912,53947115.55253685,31677356.59931606,396868.9323376729,1217666.042399678,17182620.82052879,9912703.5599796,21097191.6531322,0.0,9010728.713757617,5285572.598860824,16921048.11512441,12853141.55866327,45098.74231109919,17462233.0228576,2570628.311732654,288631.9507910348,24010570.40642921,153335.7238577372,5601263.795038519,1298843.778559657,2805141.771750369,0.0,929034.0916086432,369809.6869510133,90197.48462219838,0.0
sample517,28045920.38067243,196218.873707996,3344639.892749932,4290058.102433912,258652.1517059947,187299.8339939962,829470.693401983,276490.2311339944,392437.747415992,30645820.45730338,38035244.86035223,200678.3935649959,338923.5091319931,6212111.160800874,24322221.30007751,44381141.61686309,312166.3899899937,258652.1517059947,16803470.82117566,12700712.55273574,17467939.27986864,0.0,5636833.099247884,2216381.368928955,14578170.4125327,17459020.24015465,26757.11914199945,8499844.847441826,138245.1155669972,120407.0361389975,26654550.18528846,182840.3141369963,7969161.984458838,704604.1374059856,5917782.850238879,124866.5559959974,1034608.606823979,508385.2636979896,0.0,0.0
sample519,99900887.10152146,173798.7999089702,1223276.16859006,8382449.810994178,12185969.70130972,227275.3537271149,487973.5535905701,60161.12304541276,494658.1228178383,4010741.536360851,20174029.92789508,73530.26149994892,842255.7226357786,848940.2918630466,4017426.105588119,6323602.488995606,80214.830727217,327543.8921361361,2179169.568089395,1898417.660544136,1002685.384090213,0.0,1370336.691589957,795463.738044902,889047.7072266552,1123007.630181038,213906.2152725787,16330402.62221593,1557504.629953464,340913.0305906723,3228646.936770485,0.0,815517.4457267063,407758.7228633531,1390390.399271762,46791.98459087659,334228.4613634042,46725138.89860391,668456.9227268085,0.0
sample531,140691129.2937473,34223079.2125796,42816837.14015879,9995097.628932966,5512498.945686847,1857197.194565247,4161810.076912121,18394694.03162579,962365.8190019917,21129838.99089461,41483031.88224376,2076684.13574114,8568432.511289662,877947.7647035713,20572679.83252503,27486518.47956565,523391.936650206,253254.162895261,10847719.97734701,4263111.742070226,12831544.25335989,447415.6877816277,3984532.16288544,8779477.647035714,11734109.54748042,801971.5158349931,118185.2760177884,202603.3303162088,2093567.746600824,11067206.9185229,253254.162895261,109743.4705879464,9817819.71490628,937040.4027124656,3562441.891393337,4980665.203606799,1266270.814476305,413648.4660622596,0.0,953924.0135721496
sample532,137559420.4515153,52101458.57703733,19136835.87777642,8975931.796402205,8761330.516446643,1502208.959688934,2724503.206392353,5868878.482262979,3200358.218467729,45868690.96789318,26675872.14751966,10692742.0360467,4422652.465171149,550498.9355381809,6167454.176114196,17690609.86068459,410541.579045423,149287.8469256084,8388110.89913262,2957765.467213616,8444093.841729725,0.0,3470942.441020395,2939104.486347915,4637253.745126709,261253.7321198147,37321.96173140209,121296.3756270568,6148793.195248495,3638891.268811705,149287.8469256084,0.0,5738251.616203072,690456.2920309388,1716810.239644496,6503351.831696815,858405.1198222481,401211.0886125725,0.0,289245.2034183662
sample534,42935273.69830906,8126714.712847886,11452634.1622398,2027954.244338072,325887.9639661732,340785.6994617697,1024219.315322259,4104326.129036833,63315.37585628509,21285139.58933348,9117414.12330505,109870.7992800241,1851043.635327864,150839.5718929144,1085672.474241594,4225370.229938555,119181.8839647719,61453.15891933552,1495360.200370498,661087.0126170941,1433907.041451162,83799.76216273024,1063325.870998199,294230.2760380307,1026081.532259208,679709.1819865899,31657.68792814254,0.0,65177.59279323464,260710.3711729386,61453.15891933552,40968.77261289035,409687.7261289035,178772.8259471579,921797.3837900328,2636899.182720579,219741.5985600482,80075.32828883114,0.0,400376.6414441557
sample276,26756731.57571327,10330027.095816,3650378.773310506,6592475.098068228,9761585.028131329,1029733.713665202,457659.4282956455,5486464.813020417,152553.1427652152,2488069.114146962,8463067.205784556,107150.4217041392,9360224.973951418,1816.108842443038,98069.87749192405,2731427.699034329,0.0,0.0,2477172.461092303,3775690.283439075,2262871.617684025,0.0,1712590.638423785,1489209.250803291,693753.5778132405,32689.95916397468,18161.08842443038,5448.326527329114,877180.5708999874,2729611.590191886,14528.8707395443,0.0,1173206.312218203,374118.4215432658,2428137.522346342,1552773.060288797,250623.0202571393,99885.98633436707,0.0,145288.707395443
sample277,55264422.22156968,1959911.220758067,6618664.591783307,11508928.51153887,15447779.21733421,478877.9843599807,540719.8432673953,6548894.289426226,3379102.598248738,1996382.060626542,914942.3740917512,8098112.13949146,22443837.71732174,0.0,47570.66069801132,661232.1837023575,12685.50951946969,33299.46248860793,505834.6920888537,250538.8130095263,2094694.759402432,0.0,344094.4457156152,1146452.922822073,187111.2654121779,25371.01903893937,231510.5487303218,38056.52855840906,3737468.242173756,371051.1534444884,0.0,0.0,648546.6741828878,57084.79283761359,91969.94401615523,1174995.31924088,36470.83986847535,31713.77379867421,0.0,499491.9373291189
sample279,22979427.87727652,1838905.371849765,9287796.987619307,3986238.100015543,8183393.876687055,521464.8086167634,498147.2765241439,2478017.728752018,925282.0689480376,2211985.885331677,1692640.852359698,29492438.5458741,15789148.89017058,19077.98080305232,30736.74684936207,538423.0137750322,0.0,0.0,490728.0617674014,209857.7888335755,4808711.050191577,0.0,125066.7630422319,86910.80143612724,104928.8944167878,34976.29813892925,43455.40071806363,20137.86862544412,2055122.487617692,987815.4504691536,14838.42951348514,0.0,469530.3053195655,0.0,93270.12837047802,473769.8566091326,26497.19555979489,54054.27894198158,0.0,85850.91361373545
sample291,241904992.6076681,67470627.98805596,153830491.6092458,34179849.61034753,37072859.17687158,345749.9238040934,804397.7819115645,2970626.896357619,119954.0551973386,6399901.650822709,8897768.447284935,254020.3521825993,4932228.504878802,0.0,49392.84625772764,1319494.607170724,0.0,70561.20893961091,1629963.926505012,12256481.99281042,1446504.783262024,0.0,896127.3535330587,698555.9685021482,324581.5611222102,0.0,0.0,84673.4507275331,2547259.642719954,1065474.254988125,0.0,56448.96715168874,522152.9461531208,705612.0893961092,225795.8686067549,966688.5624726696,959632.4415787084,141122.4178792218,0.0,296357.0775463659
sample292,138460680.6179168,4844573.412214293,186661997.2561603,36542237.85402905,34025102.57208036,995910.0463362215,1824011.073875864,3418196.752443368,98496.59798929664,13289744.68425954,11750279.33790831,9068983.059310794,5938980.056539812,7296.044295503454,36480.22147751728,1302343.906747367,0.0,0.0,777028.7174711179,671236.0751863178,437762.6577302072,0.0,780676.7396188697,1656202.055079284,744196.5181413523,58368.35436402763,244417.4838993657,65664.39865953109,2473359.016175671,134976.8194668139,0.0,51072.31006852418,766084.6510278627,1896971.516830898,634755.8537088005,3254035.755794541,1586889.634272001,186049.1295353381,0.0,893765.4261991731
sample294,63801900.2401414,9916689.959255477,292710902.3082523,31339960.30248725,21528927.61829234,950915.4755450459,1207511.714977836,11270109.33979314,8618614.865654306,5554553.888898046,4417480.357293917,79217799.80135843,6218685.332135856,45281.68931166885,45281.68931166885,382378.7097429814,55344.28693648415,0.0,327034.4228064973,186158.0560590831,825133.0052348545,0.0,206283.2513087136,171064.1596218601,90563.3786233377,0.0,352190.9168685355,90563.3786233377,1615046.918782856,286784.032307236,45281.68931166885,30187.7928744459,166032.8608094525,90563.3786233377,201251.952496306,412566.5026174273,125782.4703101912,145907.6655598218,0.0,155970.2631846372
sample306,178577273.4953317,39055270.21556381,78831545.29051642,65581190.25223837,33176307.51593208,539493.1465356736,549577.1305830693,7956263.41339526,5152915.848219238,1815117.128531238,6347867.957835635,257141.5932085921,2894103.421602585,0.0,1431925.734730199,2127720.634000507,0.0,0.0,892432.5881945255,1976460.87328957,1275623.981995564,0.0,983188.4446210873,1063860.317000253,544535.1385593713,0.0,0.0,30251.95214218731,3912585.810389558,1028566.372834368,0.0,0.0,443695.2980854138,1436967.726753897,363023.4257062476,700836.8912940059,242015.6171374984,0.0,0.0,5092411.943934863
sample307,86374071.99781393,67064582.21136712,162323639.9675758,28530221.55045827,30031524.82760638,3821499.250922462,3854254.958787512,4877870.829570314,7266307.861396854,12212419.74901936,11781136.26212953,1771537.86703477,824351.9812704169,0.0,76429.98501844924,737003.4269636178,0.0,0.0,633277.0187242938,843459.4775250292,152859.9700368985,0.0,335746.0056167592,212912.1011228229,881674.4700342538,10918.56928834989,0.0,46403.91947548704,1700567.166660496,90078.19662888661,0.0,0.0,169237.8239694233,2003557.464412205,428553.8445677334,1086397.644190814,870755.900745904,0.0,0.0,1001778.732206103
sample309,20310084.21248538,33227702.64699449,148362390.3798104,3919612.402581387,9675125.182507219,1183213.361064194,1385651.045258068,540997.2594836287,5361108.326237767,1148310.312065251,3951025.146680437,9011967.251527287,638725.7966806714,0.0,45373.96369862693,383933.5389883817,0.0,0.0,565429.3937828895,0.0,841163.4808745454,0.0,188476.4645942965,62825.48819809882,984265.9817702149,0.0,0.0,0.0,575900.3084825726,34903.04899894379,0.0,0.0,181495.8547945077,111689.7567966201,600332.4427818332,834182.8710747566,910969.5788724329,20941.82939936627,0.0,1047091.469968314
sample321,156390122.2973486,51385671.57998467,60456374.72333347,11213933.30679249,21978479.64383065,594573.5292134117,563462.1236150354,4694365.42251054,11193192.3697269,8268720.243479538,8403536.334405832,273089.0046968576,1337790.440730176,0.0,93334.21679512857,2219280.266017502,24197.75990984815,0.0,459757.4382871148,639512.2261888438,902230.7623529095,0.0,224693.4848771614,936798.9907955497,604943.9977462037,0.0,0.0,27654.58275411217,3695343.620518239,515066.6037953392,0.0,0.0,359509.5758034581,1794091.056173027,342225.4615821381,608400.8205904677,432102.8555330026,0.0,0.0,556548.4779265075
sample322,135737383.0702838,85175546.93123646,44283046.63241026,17299320.84868658,18248673.82209012,31434131.78602806,9870257.10443355,10779425.8249946,5344505.628049513,5399758.97570792,783592.9304283119,316450.9911345107,1074928.763536274,35161.22123716785,25115.15802654846,261197.643476104,0.0,0.0,210967.3274230071,25115.15802654846,296358.8647132718,0.0,0.0,0.0,175806.1061858392,0.0,0.0,0.0,1808291.377911489,185852.1693964586,0.0,0.0,50230.31605309693,195898.232607078,221013.3906336265,210967.3274230071,0.0,0.0,0.0,642948.0454796407
sample324,437292.1600566863,160229.1884177171,313782.1606513627,34228960.37573481,69175613.99125731,33381.08092035772,46733.51328850082,40057.29710442927,80114.59420885854,357177.5658478276,96805.1346690374,273751568.4116696,176919.7288778959,46733.51328850081,70100.26993275122,110157.5670371805,0.0,0.0,0.0,33381.08092035772,76776.48611682277,0.0,0.0,103481.350853109,0.0,0.0,0.0,0.0,5314268.08252095,0.0,0.0,0.0,30042.97282832195,0.0,43395.40519646504,110157.5670371805,0.0,0.0,0.0,7290428.073006127
sample336,134672995.1375991,91349531.46706867,70332444.83712606,13178035.63957668,21360070.93790274,553733.7020079256,623983.5000238565,7529125.410883884,1541363.215290718,39608489.05780572,8450637.467210507,326454.9437210904,1644671.741784734,66117.45695617022,929776.7384461436,1805833.043115399,61985.11589640957,0.0,1057879.311298724,140499.5960318617,1033085.26494016,0.0,0.0,144631.9370916224,1954597.321266782,0.0,0.0,28926.38741832447,3194299.639194974,855394.5993704521,0.0,0.0,512410.2914103192,438028.1523346277,727292.0265178723,1739715.586159229,293396.2152430053,0.0,0.0,2107493.940477926
sample337,145258055.6991646,126619824.3873306,36703602.52894816,17530532.81009706,15961504.49756813,41666700.16373272,7416763.881194911,14876619.00845281,1503124.053844355,8534601.499652518,2694470.268527064,3830051.341245902,2598148.659680377,30417.35016211173,288964.8265400614,190108.4385131983,0.0,0.0,164760.6467114385,344729.9685039329,950542.1925659917,0.0,76043.37540527932,190108.4385131983,182504.1009726704,60834.70032422346,0.0,17743.45426123184,993633.4386289832,456260.252431676,0.0,0.0,131808.5173691509,0.0,119134.621468271,653973.0284854022,38021.68770263966,0.0,0.0,539907.9653774833
sample339,122272778.9447934,147348978.8700193,24444896.50160271,28884718.93987009,15865379.48220024,152744380.807432,11573896.09975686,17386717.24076738,227683.20196243,1742121.469561017,6833945.804357179,8558818.546496801,3542888.612354782,0.0,362223.2758493204,489863.8587676524,89693.38259126029,0.0,545059.7865161203,13312567.8238336,148339.0558240074,0.0,186286.2561510791,548509.5320003995,362223.2758493205,72444.65516986408,0.0,34497.45484279242,5257412.118041565,783092.224931388,0.0,0.0,210434.4745410337,310477.0935851318,524361.3136104449,4529515.820858645,331175.5664908073,10349.23645283773,0.0,431218.1855349052
sample351,178764761.4922813,73104440.16029303,40525337.96065796,41435602.2559008,33665846.3072209,1072811.49082191,515506.8202650737,3622480.358619437,8772904.3556822,7992677.816902629,464420.5587973637,157902.9899911037,1551164.666383195,0.0,46442.05587973637,130037.7564632618,0.0,0.0,78951.49499555184,0.0,1017081.023766227,51086.26146771001,0.0,120749.3452873146,46442.05587973637,0.0,0.0,0.0,2591466.718089289,887043.2673029647,0.0,0.0,106816.7285233937,130037.7564632618,65018.87823163092,199700.8402828664,55730.46705568365,0.0,0.0,896331.6784789121
sample352,267526137.3503538,156813050.42172,31099181.72152635,27194797.05833641,17399861.50436324,188727605.6472057,15617538.65275979,30273354.71110599,27477041.73278387,757879.2184237514,5049043.620671337,4411379.726549285,12481486.71445461,0.0,899001.5556474845,872867.7894949415,0.0,0.0,506995.0633593373,1761415.838681409,459954.2842847595,0.0,0.0,266564.4147559402,533128.8295118804,20907.01292203453,0.0,36587.27261356042,162029.3501457676,1986166.22759328,0.0,0.0,167256.1033762762,83628.0516881381,167256.1033762762,2435667.005417022,0.0,0.0,0.0,2372945.966650919
sample354,197395555.9235757,97373962.75812753,17075878.94014403,35923530.75387388,9500714.163643176,251083616.9609119,13906745.57380564,17844761.50792656,1932235.32251434,695337.2786902818,7053661.817483145,13752969.06024913,5937110.610355482,0.0,4031619.02932923,554932.6358778209,0.0,0.0,922659.0813390276,3149075.560222333,127032.7720684168,0.0,528188.8943897332,340982.7039731189,106974.965952351,20057.80611606582,0.0,0.0,220635.867276724,989518.4350592471,0.0,0.0,173834.3196725704,147090.5781844827,1210154.302335971,3363025.492127035,514817.0236456893,33429.67686010969,0.0,2126127.448302977
sample366,303732867.5985122,153373048.9869987,39609460.11729935,47966554.62552894,17366615.61841031,1666893.399204638,878701.7240151146,4193632.262252393,114962847.0166384,2383431.285740568,2296692.488949378,260216.3903735747,803276.6833271219,0.0,64111.28458479376,863616.7158775161,0.0,0.0,403523.9676807608,56568.7805159945,520432.7807471494,0.0,162163.8374791842,188562.6017199817,362040.1953023648,49026.27644719523,0.0,0.0,3918330.863741219,1116290.602182292,0.0,0.0,237588.8781671769,105595.0569631897,67882.5366191934,177248.8456167828,158392.5854447846,0.0,0.0,1263369.431523877
sample367,79231667.94134751,70031107.1600253,7686260.598245795,7161268.026064256,6794564.671625894,50078751.26349778,3510063.403454961,7373639.393203019,4873988.82967534,164884.6018158099,860038.0830712644,204456.9062516043,2733127.159698865,9233.537701685354,54082.14939558565,201818.7526225513,0.0,0.0,118716.9133073831,162246.448186757,25062.45947600311,0.0,110802.4524202243,44848.6116939003,183351.6772191806,17147.99858884423,0.0,0.0,55401.22621011213,447167.0401244764,0.0,0.0,36934.15080674142,40891.38125032086,85739.99294422116,160927.3713722305,35615.07399221494,0.0,0.0,122674.1437509626
sample369,80638153.80724655,66997717.29466362,11617518.52350494,10935695.6734157,3933083.17220737,56459972.70106654,4596334.971905071,6708128.702142553,1192526.735856467,395298.0726198301,4047162.481755375,1205791.771850422,3785841.27267448,0.0,128670.8491413541,267953.7270778714,0.0,0.0,432440.1734029014,786616.6344414742,26530.07198790806,0.0,175098.4751201932,96834.76275586443,23877.06478911726,31836.08638548967,0.0,5306.014397581613,33162.58998488507,500091.856972067,0.0,0.0,57039.65477400234,303769.3242615474,108773.2951504231,386012.5474240623,92855.25195767822,7959.021596372419,0.0,256015.1946833128
sample381,60862702.28823522,64028660.90998869,22815342.95060903,20369568.60993014,18779458.76161704,10071884.12888903,4144030.67344378,149741.2861640138,28896502.96093648,833084.4571505853,666705.2503016808,165190.7839428407,610849.3737166914,74870.64308200694,53479.03077286209,499137.6205467128,253134.0789915472,38029.53299403527,111711.7531699786,117653.8677002966,493195.5060163948,0.0,72493.79726987972,60609.5682092437,167567.6297549679,155683.4006943319,0.0,46348.49333648047,105769.6386396606,449223.8584920416,0.0,71305.37436381611,168756.0526610315,0.0,42783.22461828968,154494.9777882683,83189.60342445214,0.0,0.0,1416600.104027814
sample382,82888884.87594777,48164924.46763933,10261523.41406263,4755196.71171646,6885113.260488377,90063572.71208012,6855714.826412852,3757119.874852325,9266386.420606049,555630.4040274565,5494567.32871596,880483.1005620277,2004973.203950928,82315.61541147504,737900.6952957227,1109790.886351137,111714.0494870018,55857.02474350092,401288.6251309408,1278831.882285416,194029.6648984768,0.0,0.0,74966.00689259334,1245023.68309856,113183.9711907781,4409.76511132902,58796.8681510536,32338.27748307948,721731.556554183,0.0,63206.63326238262,310153.4794968078,0.0,689393.2790711034,135232.7967474233,370420.2693516377,29398.4340755268,0.0,395408.9383158354
sample384,58054452.65376668,51383762.8909282,9115538.605826357,3049815.08953744,3995632.525145892,38874881.16470662,4961972.414545846,1568629.29415062,3910865.868180984,119565.6003505023,514845.9059868645,5180581.161455347,739700.6170937794,41044.90758300827,25876.13738928782,109750.5137545656,54429.11657746749,33906.66278596335,82089.81516601653,183809.8035239066,160610.5079335106,0.0,33014.38218633274,39260.34638374704,119565.6003505024,82089.81516601655,0.0,55321.39717709809,19630.17319187352,405987.6728319296,0.0,66028.76437266548,33014.38218633273,0.0,48183.15238005319,125811.5645479167,8922.805996306146,9815.08659593676,0.0,153472.2631364657
sample396,107319461.8624303,62652267.41257848,11837159.35065188,4633721.593797159,8403030.656771753,4910098.38936628,2158091.148380149,3986882.285018369,13063213.85865532,2111048.289559873,3243017.079922759,149949.1124896289,338120.5477707318,91145.53896428423,41162.50146774126,1846432.208695823,482189.3029078263,38222.32279147403,505710.7323179642,934976.8190529802,1111387.539629014,0.0,0.0,220513.4007200425,1217233.971974635,129367.8617557583,0.0,38222.32279147403,267556.2595403183,358701.7985046025,0.0,52923.2161728102,264616.080864051,0.0,129367.8617557583,670360.7381889292,208752.6860149736,17641.0720576034,0.0,3551735.840930818
sample397,52285245.49415557,39499037.3018559,6015579.15054557,4279486.92664219,3758267.365063975,76553959.81746407,5425124.910361728,2773306.088297122,2736729.276958299,161983.0216433552,1929426.798122868,165901.9657153718,483336.4355487211,36576.81133882214,20901.03505075551,611355.2752345987,61396.79046159431,35270.49664814992,161983.0216433552,70540.99329629984,100586.2311817609,0.0,0.0,19594.72036008329,73153.62267764428,118874.636851172,0.0,56171.53169890543,296533.4347825938,309596.581689316,0.0,49639.95824554433,88829.3989657109,0.0,47027.3288641999,100586.2311817609,335722.8755027604,0.0,0.0,198559.8329821773
sample399,107768324.4454361,142625051.7398549,17214817.85047081,5057840.603068586,16078148.88515353,154660963.6536731,13414711.54630358,13212935.9903301,1099676.78005547,1143394.817183058,8158458.313194408,5404221.974156395,1557034.706928694,242130.667168177,359833.0748193741,635593.0013164646,181598.0003761327,0.0,413639.8897456357,8222353.905919344,174872.14851035,0.0,174872.1485103501,158057.5188458933,817191.0016925973,295937.4820944385,0.0,80710.22238939232,181598.0003761327,803739.2979610319,0.0,191686.7781748068,161420.4447787846,0.0,413639.8897456356,1782350.744432414,675948.1125111608,0.0,0.0,403551.1119469617
sample31,28426.4015382479,19171.29406067882,16526.97763851622,2040090.119698442,2443348.374078238,0.0,24054685.4133076,1983.237316621947,97839.70762001604,1560807.768181472,3963830.31682173,67430.06876514619,20892082.97240113,3305.395527703245,3952591.97202754,1558163.45175931,0.0,0.0,540762.7083322508,175185.962968272,969803.0478281319,1501971.727788354,118333.1598917762,7153537.001055362,530846.521749141,0.0,0.0,5949.71194986584,16526.97763851623,79990.57177041851,0.0,0.0,752308.0221052584,17188.05674405687,1258694.616949396,0.0,1434541.659023208,0.0,0.0,0.0
sample32,295.5420268174155,28.546673044864,60.45177821265318,10703.32317576254,10750.34122548349,0.0,27008.51113256427,45.33883365948989,1010.888069000478,7323.061244038347,5974.650746683889,591.0840536348311,28214.18826469441,13.43372849170071,261.9577055881638,5816.804436906406,0.0,0.0,982.3413959556141,177.9969025150343,9702.510403130835,4908.348547655145,302.2588910632659,15971.02396057068,2040.247514677045,0.0,0.0,0.0,68.84785851996612,10.07529636877553,0.0,0.0,1586.859178082146,0.0,1257.732830035479,0.0,5326.473346959331,6.716864245850353,0.0,15.1129445531633
sample34,135570.434749285,71091.81334413726,57865.42946615824,23442112.12573307,6823160.78305243,0.0,54492701.57727358,16532.97984747378,99197.87908484269,5758436.880875118,8165638.746667302,46292.34357292659,41970622.64079694,1653.297984747378,1395383.499126787,2774234.018406101,6613.191938989514,0.0,1195334.442972354,234768.3138341277,3313209.161433746,3723227.061651096,429857.4760343183,30169381.62567015,1069683.796131554,0.0,0.0,0.0,11573.08589323165,19839.57581696854,0.0,0.0,2212112.703591992,221541.9299561487,788623.1387244994,0.0,8279716.307614869,0.0,0.0,0.0
sample35,29877.11143250547,12548.3868016523,0.0,3259592.857286347,3731651.217919934,9560.675658401753,17867110.17886693,10158.21788705186,98594.46772726806,956665.1080688252,3515938.473377245,26889.40028925493,13426176.33553931,4780.337829200877,1605595.968382844,3070769.513032912,4780.337829200877,0.0,501337.9298374419,180457.7530523331,5753136.577443253,3719700.373346931,108155.1433856698,5578056.704448773,650723.4869999692,0.0,0.0,0.0,13145.92903030241,61546.84955096128,0.0,0.0,916032.2365206179,0.0,1524330.225286429,0.0,2302330.206988872,4182.795600550766,0.0,0.0
sample46,101785.5137069731,36897.24871877775,7633.913528022983,16133003.92255524,8145385.734400523,34352.61087610342,46681381.22386055,29263.33519075477,225200.449076678,18531325.08927579,4375504.770478506,50892.75685348656,39588203.23740585,31807.97303342909,7135164.510858815,2856355.978401933,12723.18921337164,0.0,258280.7410314442,830824.2556331679,178124.6489872029,2535731.610224967,159039.8651671455,2648967.994223975,306628.8600422565,0.0,0.0,10178.55137069731,0.0,151405.9516391225,0.0,0.0,348615.3844463829,395691.1845358579,321896.6870983025,0.0,1657831.554502324,20357.10274139462,0.0,0.0
sample47,27471.42977637969,0.0,15697.95987221696,8682934.05432001,11594415.04937025,0.0,14191446.28573014,5886.734952081361,22565.81731631188,3993659.103741197,2912462.117542253,28452.55226839325,9603717.513074733,5396.173706074581,1314213.578052164,331128.8410545766,4415.051214061021,0.0,41207.14466456953,135394.9038978713,24037.50105433222,2879103.952813792,1191573.266550469,973273.5120774517,103998.9841534374,0.0,0.0,2943.367476040681,0.0,23546.93980832545,0.0,0.0,236450.520575268,264903.0728436612,109885.7191055187,0.0,258525.7766455731,7358.4186901017,0.0,0.0
sample49,72561.51836955694,5149.52711009759,11703.47070476725,13833970.51186308,12608851.19848804,5617.66593828828,15909698.0760606,7958.36007924173,17789.27547124622,9616975.947521338,1331386.827374323,18725.5531276276,11133745.75085918,0.0,826733.1705847585,315057.4313723344,0.0,0.0,77242.90665146385,83796.85024613349,127801.9000960584,1007902.897094555,564107.2879697816,620283.9473526642,54772.24289831072,0.0,0.0,0.0,2340.69414095345,22002.52492496243,0.0,0.0,124993.0671269142,277606.3251170791,41196.21688078072,0.0,190532.5030736108,4213.249453716209,0.0,0.0
sample50,42967.12766162238,5035.210272846373,3021.126163707824,12260065.6530112,13784055.96225937,0.0,13068720.42283034,4028.168218277099,46995.29587989948,1162126.530972943,1543124.108284984,27861.49684308326,8933805.74676889,2349.764793994974,172875.5527010588,106410.7770994867,0.0,0.0,26518.77410365756,39610.32081305813,33232.38780078605,1538760.259381852,15441.31150339554,427321.5118222288,29875.58095222182,0.0,0.0,2685.445478851399,4363.848903133523,55722.99368616653,0.0,0.0,39946.00149791456,40617.36286762741,62436.60738329503,0.0,361192.4169055131,9399.059175979895,0.0,0.0
sample61,54155.5603371227,13172.97413605687,0.0,9162535.343524002,6974357.973145667,17563.9655147425,24174603.03535371,13904.80603250448,2428950.064309597,24960590.49213843,2061570.452292901,38055.25861527541,11599535.55869452,0.0,38787.09051172301,626448.1033591491,5854.655171580832,0.0,130997.9094641211,1647353.598903557,145634.5473930732,292000.926682594,9513.814653818852,195399.1163515103,168321.3361829489,2927.327585790416,0.0,0.0,32932.43534014218,35127.93102948499,0.0,0.0,322006.0344369458,0.0,197594.6120408531,0.0,279559.7844429847,2927.327585790416,0.0,0.0
sample62,76505.22615488071,4722.544824375352,0.0,10367874.90743365,11281215.07646784,0.0,33040812.60925971,5667.053789250423,80283.26201438098,7982045.262159219,10743789.47545393,40613.88548962802,10421711.91843153,10389.59861362577,17001.16136775127,887838.4269825661,7556.071719000563,0.0,316410.5032331486,376859.0769851531,489255.6438052865,6400937.254958352,322077.557022399,1267531.030862344,448641.7583156584,0.0,0.0,0.0,0.0,44391.92134912831,0.0,0.0,555371.2713465415,0.0,282408.180497646,0.0,301298.3597951475,7556.071719000563,0.0,0.0
sample64,64011.39910245966,11164.77891321971,4465.911565287883,16524617.11015938,15628457.52272495,14886.37188429294,23467620.95699361,9676.141724790414,59545.48753717178,4357985.369126759,2177131.888077844,25306.832203298,9516857.54562848,0.0,66244.3548851036,253812.6406271947,0.0,0.0,49869.34581238136,31261.38095701518,1633034.995706936,497204.8209353843,67732.99207353289,101971.6474074067,40937.5226818056,0.0,1488.637188429294,0.0,17119.32766693689,0.0,0.0,0.0,100483.0102189774,124301.2052338461,14142.0532900783,2232.955782643941,404164.9966585535,0.0,0.0,0.0
sample65,59089.64294678632,0.0,7303.214296793816,15967482.16708102,18123258.24178007,0.0,22137370.39072693,7967.142869229617,1373004.287797237,1788623.574142049,1634592.145336944,23901.42860768885,9577833.585958872,0.0,7303.214296793816,240342.1432217601,3319.642862179007,0.0,179924.6431301022,61745.35723652953,1050335.001593438,3821572.862940473,23901.42860768885,441512.500669808,99589.28586537023,0.0,0.0,5975.357151922212,10622.85715897282,49130.71436024931,0.0,0.0,131457.8573422887,0.0,55770.00008460732,0.0,381095.00057815,0.0,0.0,0.0
sample76,94139.00992955762,42690.94636340404,24082.07230756125,318540.1382500147,7229000.250869749,0.0,33370089.74072749,15324.9551048117,6507632.721293257,25315731.19349859,9193878.42323668,54731.98251718465,12356292.37307961,6567.837902062159,13135.67580412432,593294.6904862818,0.0,0.0,565928.6992276893,1286201.589153839,510102.077060161,367798.9225154809,0.0,200319.0560128958,581253.654332501,0.0,0.0,4378.558601374772,0.0,49258.78426546619,0.0,0.0,311972.3003479525,0.0,413773.7878299161,0.0,1648527.313417602,0.0,0.0,0.0
sample77,69782.27086988279,14483.11282205115,15141.43613214438,2056602.020731262,11348177.21938716,22382.99254316995,23791146.10345938,15141.43613214438,2810382.210788016,7078950.553432543,1341662.905970011,407502.1289477118,12171081.35700371,5266.586480745871,5266.586480745871,2593135.518457248,8558.20303121204,0.0,138906.2184296724,167872.4440737746,1009209.634372927,4578638.621698442,39499.39860559403,106648.3762351039,308095.3091236334,0.0,0.0,4608.263170652637,5266.586480745871,51349.21818727224,0.0,0.0,210663.4592298349,15799.75944223761,120473.1657470618,0.0,193547.0531674107,0.0,26991.25571382259,0.0
sample79,66315.53807369895,14028.28690020555,17216.53392297954,2941476.703211281,12867764.98391582,0.0,24853660.84133235,9564.741068321966,6324206.794374484,18394910.02259681,1827503.193454051,27418.9243958563,9451877.123715768,0.0,43360.15950972624,397255.5790376389,7651.792854657572,0.0,149847.6100703774,64402.58986003456,481425.3004388722,432326.2962881527,20404.78094575352,54200.1993871578,332852.9891776044,0.0,0.0,3188.247022773989,0.0,31244.82082318508,0.0,0.0,161962.9487569186,188106.5743436653,48461.35474616462,0.0,563682.0736264411,0.0,15303.58570931514,0.0
sample80,99894.90452884595,0.0,29302.50532846148,2012549.34324115,16269550.11759804,0.0,38984319.47539722,18647.04884538458,4721699.154063451,18172881.03188765,1987242.634093842,47949.55417384605,14944277.71751535,0.0,47949.55417384605,3176657.964017301,22642.84502653842,0.0,582054.3103880758,67928.53507961525,1029583.482677306,7203088.582559985,13319.32060384612,259726.7517749995,586050.1065692295,0.0,0.0,11987.38854346151,0.0,94567.17628730749,0.0,0.0,480827.4737988452,0.0,59936.94271730757,0.0,165159.575487692,0.0,0.0,0.0
sample81,84903.56530943605,8086.053838993907,28301.18843647868,9975495.086038817,20027807.68354808,0.0,30767434.85737181,0.0,4185880.53731918,8153437.620985523,8118398.054349883,32344.21535597563,9560410.988970462,6738.37819916159,12129.08075849086,447428.3124243296,0.0,0.0,309965.3971614331,29648.86407631099,495944.635458293,1070054.45802686,16172.10767798781,153635.0229408843,132072.2127035672,0.0,0.0,0.0,10781.40511865854,0.0,0.0,0.0,123986.1588645733,0.0,70079.13327128053,0.0,172502.4818985367,0.0,61993.07943228662,0.0
sample82,107403.9514081544,10564.32308932666,37855.49107008721,15555085.38877607,16905558.023695,0.0,32254639.11222919,10564.32308932666,1824106.453423737,6963649.63638116,2812751.022533224,50180.53467430166,15513708.45667621,3521.441029775554,14085.76411910222,1280924.174580858,5282.161544663332,0.0,597764.6148044005,15846.48463399,596003.8942895127,6332431.331793891,52821.61544663332,96839.62831882774,1066116.271764549,0.0,0.0,7042.882059551109,0.0,136455.8399038028,0.0,0.0,815213.5983930408,164627.3681420072,60744.85776362832,7923.242316994999,131173.6783591394,15846.48463399,0.0,0.0
sample84,59680.01046830245,23666.21104777511,47332.42209555022,11128264.02094295,20345738.74120249,0.0,36595165.03974442,4115.86279091741,5766323.770075291,13724344.4763141,1311931.264604924,42187.59360690345,13653345.84317078,0.0,13376.55407048158,579307.6878216255,14405.51976821094,0.0,239749.0075709392,7202.759884105468,597829.0703807538,879765.6715585964,0.0,84375.1872138069,438339.3872327042,0.0,0.0,10289.65697729353,0.0,73056.56453878403,0.0,0.0,83346.22151607757,80259.32442288949,47332.42209555022,0.0,170808.3058230726,0.0,0.0,0.0
sample85,158747.3596075979,37796.9903827614,29157.67829527308,11100436.11841155,22361779.42445258,0.0,35657680.7270971,4319.656043744159,4981643.332447952,15196549.96189195,2073434.900997197,48596.1304921218,12322898.77879115,10799.1401093604,36717.07637182536,2464363.772956043,0.0,0.0,551836.0595883164,26997.850273401,748380.4095786758,7909290.216095556,2159.82802187208,143628.5634544933,538877.0914570839,10799.1401093604,0.0,0.0,4319.656043744159,55075.61455773804,0.0,0.0,355291.7095979571,0.0,37796.9903827614,0.0,64794.84065616239,0.0,0.0,0.0
sample96,159734880.6348141,76052041.66329297,0.0,22683605.76708915,51516300.62721644,0.0,43824887.98291246,23572.6306962031,1006888.082594961,3933261.807595032,7068421.690190044,47145.2613924062,5950405.49145584,0.0,23572.6306962031,191948.564240511,0.0,0.0,336751.8670886158,0.0,138068.2655063324,2872493.426265893,0.0,158273.3775316494,121230.6721519017,37042.70537974773,0.0,37042.70537974773,0.0,3367.518670886157,0.0,0.0,191948.564240511,0.0,70717.89208860931,0.0,235726.306962031,0.0,333384.3484177296,0.0
sample97,59485855.02750023,51345044.26030743,50508.67994243708,21093316.07360776,25004767.67032649,0.0,32591468.50756256,19312.14233093182,90618.5140143724,6289816.202243489,7222741.231768501,51994.22935250875,5527729.354876717,0.0,525884.4911653743,414468.2854099984,0.0,0.0,1215179.417438633,11884.39528057343,84676.31637408568,6745879.871135493,75763.01991365562,148554.9410071679,967092.6659566627,35653.18584172029,0.0,11884.39528057343,8913.296460430072,32682.08702157693,0.0,0.0,589763.1157984565,0.0,22283.24115107518,0.0,343161.9137265577,0.0,310479.8267049809,0.0
sample99,148731596.3513757,22569832.61189889,0.0,12725140.72115038,24332212.48839477,0.0,36086149.24534716,9475.160626321953,41591217.56924021,625360.6013372489,8598708.268387172,99489.1865763805,3373157.182970616,0.0,23687.90156580488,852764.4563689758,0.0,0.0,142127.4093948293,0.0,194240.7928396001,994891.8657638051,265304.4975370147,156340.1503343122,265304.4975370147,47375.80313160977,0.0,0.0,0.0,0.0,0.0,0.0,663261.2438425368,341105.7825475903,322155.4612949464,0.0,1719741.653677434,14212.74093948293,307942.7203554634,0.0
sample100,46813257.44069744,38651527.71817064,22978.65133915692,16518777.98143643,16543192.79848429,11489.32566957846,13669425.21538097,10053.15996088115,440902.8725700734,5603918.595336894,5012218.323353603,43084.97126091923,2954192.862790362,0.0,0.0,330318.1130003807,0.0,0.0,453828.3639483491,0.0,47393.46838701115,5499078.498601991,145052.7365784281,94786.9367740223,202499.3649263203,18670.154213065,0.0,11489.32566957846,0.0,4308.497126091923,0.0,0.0,265690.656109002,0.0,44521.13696961653,4308.497126091923,244148.1704785423,8616.994252183846,262818.3246916073,0.0
sample111,72581199.10962965,49743186.04989336,0.0,14382198.75019144,22254560.17134887,0.0,16886113.18665292,0.0,995101.8650339438,24130794.96986586,7013341.862452907,64639.09550647841,978091.5767427653,23814.40360764994,20412.34594941423,166700.8252535496,13608.23063294282,0.0,175205.9693991388,0.0,88453.49911412834,7654629.731030338,141185.3928167818,146288.4793041353,64639.09550647841,25515.43243676779,0.0,13608.23063294282,79948.35496853909,8505.144145589264,0.0,0.0,69742.18199383197,0.0,40824.69189882847,267061.5261715029,93556.5856014819,0.0,275566.6703170922,0.0
sample112,121143842.0258894,38597494.02002031,36011.84364622159,12946257.79081666,23317668.76092848,0.0,34495745.02871567,21607.10618773296,2351573.39009827,19208717.4008946,8135075.479681458,126041.4527617756,583391.8670687899,0.0,262886.4586174177,604998.9732565227,0.0,0.0,1941038.372531344,0.0,226874.614971196,12996674.37192137,187261.5869603523,259285.2742527955,842677.1413215853,0.0,0.0,0.0,46815.39674008807,0.0,0.0,0.0,572588.3139749233,0.0,86428.42475093182,396130.2801084375,586993.051433412,0.0,334910.1459098608,0.0
sample114,154349679.5589636,26699009.71674923,36300.48907783716,8986963.938841686,21176149.59276401,0.0,16120010.04263669,20743.13661590695,25226247.01701984,640444.3430161271,20400874.86174448,147794.848388337,492649.49462779,31114.70492386042,28521.81284687205,1462391.13142144,20743.13661590695,0.0,570436.2569374411,0.0,173723.7691582207,4428659.667496134,298182.5888536624,775274.7310195221,430420.0847800692,57043.62569374411,0.0,12964.46038494184,28521.81284687205,0.0,0.0,0.0,469313.4659348947,0.0,347447.5383164414,228174.5027749764,2248037.430748916,0.0,173723.7691582207,0.0
sample115,56329909.77604652,29561020.55851091,9745.659130803897,7499284.701153597,17376510.23022335,17054.90347890682,13352771.21659269,8527.451739453409,1399720.292661709,13684123.62704002,4253980.210595901,62128.57695887483,233895.8191392935,7309.244348102921,41419.05130591655,81619.89522048263,6091.036956752435,0.0,154712.3387015118,0.0,56037.5400021224,4546349.984520018,119384.3243523477,96238.38391668846,56037.5400021224,21927.73304430877,0.0,0.0,37764.42913186509,3654.622174051461,0.0,0.0,45073.67347996801,0.0,0.0,581084.9256741822,63346.78435022532,0.0,185167.523485274,0.0
sample126,23832827.52703573,14529923.65541662,22337.69138375005,8323768.399298063,4504767.762389595,0.0,11126404.0782459,0.0,1329092.637333128,7917967.005826601,5678985.739462057,27549.81937329174,946373.5249582106,14147.2045430417,29783.58851166674,78926.50955591685,11913.4354046667,0.0,54355.0490337918,0.0,33506.53707562508,3167484.638215757,160831.3779630004,70736.02271520851,16380.97368141671,11913.4354046667,0.0,4467.53827675001,51376.69018262513,0.0,0.0,0.0,61056.35644891682,218909.3755607505,37229.48563958342,7842763.444834644,52121.2798954168,0.0,147428.7631327503,0.0
sample127,47718999.11765197,32457242.07118018,698258.0055152304,16975663.06000916,5965756.528602347,23510.37055606837,16932168.87448044,48196.25963994014,28342927.22386822,1512892.345282999,1169640.935164401,56424.88933456408,758209.4504332048,22334.85202826495,29387.96319508545,164572.5938924786,23510.37055606837,61126.96344577775,224524.0388104529,17632.77791705127,70531.11166820509,6761582.571925261,129307.038058376,49371.77816774356,250385.4464221281,12930.7038058376,10579.66675023076,32914.51877849571,98743.55633548714,41143.14847311964,11755.18527803418,116376.3342525384,41143.14847311964,39967.62994531622,27036.92613947862,244507.853783111,49371.77816774357,5877.592639017092,205715.7423655982,0.0
sample129,53654488.35975061,11027099.49310092,362109.6002425633,16449163.87768533,5150961.165355192,19159.23810807214,7450069.73832385,28738.8571621082,15296735.7054848,419587.3145667798,11137265.11222233,13411.46667565049,582440.8384853929,68973.25718905969,82384.72386471018,639918.5528096092,24907.00954049377,47898.09527018033,248112.1334995341,58435.67622962001,24907.00954049377,3621096.002425633,724219.2004851268,111123.5810268184,414797.5050397617,25864.97144589738,0.0,43108.28574316231,253859.9049319558,52687.90479719837,50771.98098639116,79510.83814849936,211709.5810941971,42150.3238377587,639918.5528096093,3213962.1926291,311337.6192561722,0.0,307505.7716345578,0.0
sample130,20720122.07527268,19870077.52222329,244897.057555968,13106798.97009352,4349097.091288322,10986.03622680978,6904266.017040499,21972.07245361956,10336486.83489965,1166350.846079638,538315.7751136792,10986.03622680978,201410.6641581793,23803.07849142119,6866.272641756113,47148.40547339198,8697.278679557743,21514.32094416915,37993.37528438382,6866.272641756113,2746.509056702445,2090093.392150561,52183.67207734645,22887.57547252038,35246.86622768138,4577.515094504075,1831.00603780163,8697.278679557743,94296.81094678395,14648.04830241304,11901.5392457106,51268.16905844564,16021.30283076426,6408.521132305706,10528.28471735937,434406.1824684368,12359.290755161,6408.521132305706,285636.9418970543,0.0
