SampleID,Acetate,Propionate,Butyrate,Iso-butyrate,Iso-valerate,Valerate,Total
sample237,3.922273836,0.996912288,0.419991041,0.050109254,0.034327305,0.054030416,5.477644141
sample206,5.494682097,2.134259203,0.466907016,0.292510944,0.178534031,0.06034329,8.62723658
sample240,5.625903458,1.033439014,0.25256159,0.055946143,0.042277892,0.038646107,7.048774204
sample191,5.89471168,2.738451712,2.931884816,0.275626923,0.159804304,0.272235414,12.27271485
sample200,6.155864963,2.885385682,3.889499337,0.051194141,0.011772309,0.299322098,13.29303853
sample221,6.473839266,2.026828531,0.787634212,-0.040425445,-0.052270986,-0.168151951,9.288302009
sample192,6.749712791,1.846453214,1.403383629,0.158173963,0.101155163,0.06536288,10.32424164
sample238,7.805352896,1.774983364,0.100773696,0.196609731,0.130920994,0.008407333,10.01704801
sample244,8.647450184,2.500843693,3.652848868,-0.106345977,-0.105294382,0.106168505,14.90731125
sample239,8.794207872,1.548058822,0.932173975,0.171912423,0.108682737,0.127262738,11.68229857
sample207,8.932939356,3.316753184,2.020416933,0.331743188,0.177464325,0.109976358,14.88929334
sample229,9.031134316,3.297915254,2.569668988,0.023075995,-0.010479988,0.185264502,15.10705905
sample194,9.306540048,2.458932452,1.798943809,0.221271231,0.127773024,0.198639389,14.11209995
sample188,9.663097181,5.279243849,3.19141797,0.101825553,0.022991404,0.119156623,18.37773258
sample201,10.35320702,8.660390474,3.394469157,0.073979716,0.035035548,0.262707822,22.77978974
sample222,10.7134131,2.59488161,1.118393028,0.191999154,0.071940576,0.065178154,14.75580562
sample227,10.71774856,1.971979508,1.968144879,-0.05805494,-0.054732121,0.037060232,14.69493318
sample212,10.78883675,3.422226465,1.100842587,-0.146359651,-0.133341207,-0.069271544,15.3119058
sample195,10.84068424,1.918449128,1.82587712,0.207398518,0.113238722,0.109796475,15.0154442
sample235,10.87206938,5.668429405,2.648912218,0.357708203,0.20975327,0.554761779,20.31163425
sample197,10.9533674,3.527356408,4.340200757,0.043037224,-0.005025364,0.296225518,19.16018731
sample196,11.1107128,3.144938926,3.256488415,0.031447907,0.001860721,0.17570739,17.72115616
sample209,11.44046042,2.447726007,2.226325879,0.238309798,0.14539301,0.150559683,16.6487748
sample223,11.48984723,2.964051752,2.022741761,0.405331846,0.286127683,0.342117739,17.51021801
sample243,11.56451554,2.62978939,3.143692275,-0.007397971,-0.02179061,0.091024351,17.42902155
sample225,12.01107121,1.794725587,2.150325014,0.246110334,0.136032635,0.151852293,16.49011708
sample228,12.31379232,3.952262824,2.246628851,0.134644581,0.049451011,0.152272172,18.84905176
sample224,12.33506756,2.482102294,1.832291814,0.34111062,0.210544739,0.286894213,17.48801124
sample236,12.48561379,2.5138554,0.497205197,0.213933704,0.12779212,0.000869491,15.8392697
sample185,12.56116739,3.586553945,5.127487166,0.148398002,0.035535495,0.465987921,21.92512991
sample232,12.61188283,5.143903656,3.225958432,0.19298134,0.125202233,0.53294334,21.83287183
sample208,12.89973678,2.512879509,1.672909204,0.205684228,0.11539687,0.097412694,17.50401929
sample193,13.01342692,2.625020966,1.821905903,0.241974504,0.122666409,0.196735711,18.02173041
sample242,13.94864143,2.300123521,2.673115383,-0.205514123,-0.172343973,-0.068834222,18.92188033
sample246,13.95237315,4.730903197,2.049320986,0.093856253,0.059117443,0.275836605,21.16140764
sample216,14.03788356,7.152088528,2.041557845,0.227408432,0.131566304,0.225153275,23.81565794
sample247,14.32081293,4.9495616,2.214316072,0.122184221,0.095610144,0.328964665,22.03144963
sample184,14.33338212,5.373208117,5.991956167,0.266121394,0.090550554,0.505282755,26.5605011
sample210,14.39069268,2.646690069,3.017141351,0.378618178,0.239045572,0.427242865,21.09943071
sample248,14.55195495,4.720261389,3.324433177,0.18092447,0.133786021,0.531973815,23.44333382
sample211,14.63816872,4.114535602,1.402177164,0.16302837,0.083511416,0.037482783,20.43890406
sample234,15.65832907,10.1960036,5.998275642,0.157988111,0.057342207,0.496392417,32.56433106
sample181,15.92246417,5.516580221,5.514435515,0.332591739,0.129683951,0.46289296,27.87864855
sample202,16.02339091,9.094751511,4.349549936,0.063860284,0.016232563,0.199544598,29.7473298
sample220,16.04894579,7.434375222,4.099376854,0.130846318,0.076026084,0.285267828,28.0748381
sample186,16.24623832,9.737915793,5.492082247,0.205287836,0.09831354,0.600798596,32.38063634
sample199,16.30720656,6.054033,4.591342841,0.185927276,0.077150171,0.43270393,27.64836378
sample198,16.84204061,4.522269466,4.47549199,0.2434056,0.147419681,0.298711499,26.52933884
sample205,16.86592811,13.18752654,6.411691906,0.297694855,0.201489936,0.839833532,37.80416487
sample190,17.0320859,12.78773871,4.601346397,-0.057893261,-0.094216929,0.390188867,34.81135987
sample218,17.07292161,9.123327973,3.64445568,0.277912403,0.199749453,0.305307147,30.62367427
sample203,17.18006479,7.639116865,3.751975269,0.218563331,0.119749245,0.249501357,29.15897086
sample215,17.55428269,3.529204177,2.502655868,-0.002409006,-0.019699559,0.139121059,23.72526379
sample231,18.51233557,5.540548279,1.475981058,0.218544904,0.140265815,0.695973276,26.5836489
sample219,19.24264988,8.009767614,2.38695697,0.065348387,0.0176956,0.340054391,30.06247284
sample189,19.45946,9.006324441,5.142657647,0.271316765,0.178705839,0.68647748,34.74494217
sample226,19.62622722,6.161612487,3.554687742,0.302767427,0.132528121,0.321407326,30.09923033
sample187,19.99590757,9.083936648,6.645948359,0.168053638,0.090878058,0.478017267,36.46274154
sample230,21.34671496,3.259007161,3.337478859,0.038915705,-0.006233414,0.133094611,28.1152113
sample233,21.57232377,9.486621697,5.569833505,0.314597611,0.208095161,0.735954711,37.88742645
sample214,21.95051469,5.690568878,2.696572257,0.26044521,0.115384024,0.200409373,30.91389443
sample245,23.86955804,3.878753875,4.017041584,0.064005198,0.037993079,0.150614415,32.01796619
sample217,24.02425479,9.041563615,8.44747269,0.250749737,0.134929636,0.880001052,42.77897152
sample241,24.66172185,4.343514416,3.892198656,0.057636838,0.023343276,0.230635373,33.20905041
sample213,27.61996647,6.865774032,5.497679407,0.558901009,0.242889681,0.511620574,41.29683118
sample183,30.6866147,8.167923468,7.620350501,0.571904619,0.231814009,0.973282232,48.25188952
sample36,1.37249183,0.463378187,0.553857504,0.031820234,0.034681655,0.058775302,2.515004711
sample86,2.019028246,0.64408975,0.757294088,0.070584137,0.066986544,0.116019061,3.674001827
sample116,2.066009762,0.856856711,0.582643716,0.082034062,0.06845048,0.079091881,3.735086612
sample161,13.12954001,3.322239667,2.602698981,0.416782043,0.212563034,0.233741768,19.9175655
sample141,5.233899217,1.930933382,1.109581982,0.209460321,0.103315925,0.115502277,8.702693104
sample66,2.892536476,0.88532127,0.401540339,0.093710481,0.087312134,0.09508734,4.455508041
sample277,2.061242664,1.140311557,1.142147328,0.069937495,0.046141482,0.10773348,4.567514006
sample67,2.948330324,0.698698908,0.612732412,0.101805917,0.102480939,0.117434312,4.581482812
sample69,2.644382807,0.955463614,0.682561621,0.110575575,0.104533153,0.102275458,4.599792229
sample162,11.82787402,2.240226118,0.434351217,-0.050786752,-0.111703541,-0.188879596,14.50245136
sample118,3.125989195,0.932184397,0.395970006,0.08839821,0.074655464,0.049744328,4.666941599
sample437,3.238248013,0.849379424,0.46832392,0.086443702,0.070850202,0.111301827,4.824547088
sample21,2.78918609,0.736371878,0.989160704,0.074576914,0.066009567,0.187180242,4.842485395
sample12,3.448878644,0.683207493,0.503917278,0.065897105,0.060060298,0.125478824,4.88743964
sample163,4.609470559,2.867305808,1.319021899,0.16277573,0.05693019,0.041512391,9.057016578
sample5,2.748731818,1.205416254,0.600512032,0.135581507,0.112802354,0.127893342,4.930937307
sample101,3.184016871,0.843814839,0.593676381,0.101362111,0.090068044,0.140916798,4.953855043
sample54,2.799338107,0.579109222,1.39869093,0.055986248,0.04090717,0.09774834,4.971780018
sample165,12.49404911,2.842158189,2.311764823,0.28327461,0.161337716,0.357654498,18.45023894
sample39,3.211286075,0.883732693,0.78026754,0.086299576,0.077179424,0.082076399,5.120841707
sample343,3.407846575,0.972946343,0.537068375,0.092456138,0.067002851,0.087337833,5.164658116
sample23,2.646565437,0.805951126,1.457256376,0.118462269,0.09528187,0.21541985,5.338936928
sample315,2.788662657,0.762407538,1.610269177,0.074333461,0.057266027,0.084496657,5.377435516
sample11,3.334032292,1.022602688,0.695120063,0.116129416,0.096846912,0.203373968,5.468105339
sample132,15.78955016,2.520569987,2.439410096,0.222234805,0.095222946,0.111324344,21.17831233
sample345,3.166499001,1.053385221,1.109704566,0.098839374,0.072766365,0.125682904,5.626877431
sample447,3.037189437,1.152522368,1.016243495,0.157554399,0.118059737,0.150927138,5.632496574
sample166,11.81975427,4.617365984,5.423926585,0.309442028,0.191181629,0.188056139,22.54972663
sample31,3.651461181,0.721203306,1.166315063,0.06987477,0.045754731,0.158089211,5.812698262
sample357,3.420655226,1.251503715,0.800500913,0.079320457,0.083295651,0.212812882,5.848088843
sample22,3.605874615,0.664217604,1.333121931,0.073717648,0.067413921,0.208200624,5.952546342
sample40,4.489466966,0.773162898,0.442023137,0.10045708,0.091228242,0.145206224,6.041544548
sample523,4.337898725,0.96710609,0.497351169,0.092008017,0.082817747,0.129080062,6.10626181
sample418,4.074210622,1.065107093,0.72628855,0.098252956,0.073710931,0.073259415,6.110829567
sample25,2.88694753,1.212714919,1.428617046,0.174750328,0.145795429,0.290229014,6.139054267
sample1,4.39951647,1.076939448,0.512477753,0.106446959,0.101657465,0.107951924,6.304990019
sample57,2.742257575,1.095915996,2.057106308,0.128025528,0.093829783,0.237922457,6.355057647
sample169,13.05466054,5.506801981,5.069679807,0.423053333,0.150613577,0.441164318,24.64597356
sample150,14.60624332,3.245740527,2.485739856,0.240372931,0.095542018,0.177526631,20.85116528
sample70,4.55747209,1.049230303,0.664016844,0.142065588,0.121160023,0.140573878,6.674518725
sample331,4.070979712,1.016620073,1.413940134,0.058092344,0.034143056,0.108079851,6.70185517
sample89,4.776289807,1.040545207,0.599751172,0.096901291,0.086766324,0.118691473,6.718945276
sample521,4.807249591,0.838265503,0.832086132,0.063267033,0.054588465,0.128445517,6.723902242
sample103,4.030872675,1.136777643,1.143812574,0.147974664,0.116097623,0.163277657,6.738812836
sample344,3.94220757,1.332971894,0.916796875,0.253636743,0.1554073,0.15146051,6.752480893
sample4,3.767728437,1.246480779,1.002005681,0.249018491,0.216935783,0.271251881,6.753421051
sample508,3.809618576,2.383398094,0.625765258,0.103244176,0.082076429,0.051367795,7.055470329
sample327,4.399266028,1.223916613,1.134420422,0.089482727,0.068698769,0.170926634,7.086711193
sample68,5.256873898,0.895028097,0.634632536,0.122852168,0.104093653,0.125960827,7.139441179
sample90,5.421987037,0.96688702,0.415147852,0.109640093,0.10796048,0.129391706,7.151014188
sample7,4.300590629,1.453169133,0.939640815,0.150644419,0.132005804,0.255006258,7.231057058
sample170,7.032478454,3.991422526,4.472896784,0.192716169,0.063229342,0.261721266,16.01446454
sample15,4.84797822,1.10708059,0.92056757,0.152063229,0.12871235,0.227246426,7.383648386
sample92,3.696321359,1.685481977,1.527208006,0.146807148,0.118111633,0.233656927,7.40758705
sample493,5.401236829,1.267378082,0.448780807,0.097401673,0.094473111,0.153735318,7.463005821
sample255,6.110730459,1.435251158,0.475893048,0.18571519,0.112831572,0.061001657,8.381423083
sample137,12.84876461,2.011737905,0.846364701,0.061972196,0.015822445,0.0501367,15.83479856
sample87,5.140839647,1.325059156,0.691045215,0.110441,0.098731713,0.174950018,7.541066748
sample16,2.776962029,1.158223251,3.090047255,0.179586072,0.113862264,0.279921557,7.598602429
sample139,21.64367604,3.95883073,2.736516544,0.369261023,0.171035502,0.170434397,29.04975424
sample252,7.790949338,0.774971289,0.392141404,0.043235724,0.015211003,0.06455311,9.081061869
sample28,4.747090623,0.772502761,2.082984241,0.04338163,0.026697702,0.138939805,7.811596762
sample330,5.088381187,1.780029068,0.738001794,0.186455843,0.133444242,0.146735431,8.073047565
sample27,3.817851431,1.301380792,2.469197836,0.148690325,0.093963705,0.273018189,8.104102279
sample37,6.851312053,0.654360512,0.328838597,0.0744213,0.07867398,0.133323888,8.120930329
sample29,3.721788711,1.387014352,2.541215462,0.12464608,0.094470104,0.276662357,8.145797065
sample52,5.268144818,1.015357148,1.462269296,0.084739399,0.082690318,0.247328036,8.160529015
sample33,5.055756599,1.411050874,1.201653883,0.200770098,0.157067573,0.258430402,8.284729428
sample390,4.324995096,2.061954618,1.333528413,0.208099652,0.164814852,0.289253792,8.382646422
sample6,5.233730751,1.52498945,0.859212726,0.257233777,0.236654608,0.274658318,8.38647963
sample388,4.864275277,1.986820979,1.196490795,0.131922236,0.098977632,0.118778975,8.397265893
sample298,5.410921756,1.865861477,0.701756204,0.210565222,0.119540685,0.096673428,8.405318774
sample88,6.689272151,0.95748862,0.598314194,0.091330769,0.064323663,0.055265833,8.455995231
sample251,7.686756699,2.226973095,0.896469998,0.239148881,0.138872969,0.031850842,11.22007248
sample273,4.923851286,2.022831745,1.122849663,0.202110026,0.132247211,0.123277898,8.527167829
sample464,5.603554744,1.704650283,0.943217759,0.142510516,0.116861492,0.095324276,8.606119071
sample485,4.150618174,1.345475631,2.816492007,0.067460386,0.032589343,0.199592546,8.612228087
sample360,5.074932582,1.206505319,1.66070658,0.195368162,0.177531977,0.311229953,8.626274572
sample2,5.60243034,1.296641954,1.245996739,0.156603349,0.139555897,0.239148092,8.680376369
sample107,4.032209661,1.52916969,2.341699071,0.260936688,0.208057167,0.312017277,8.684089555
sample17,4.2221545,1.160373267,2.769065818,0.150442365,0.105657664,0.308022906,8.715716519
sample120,6.476267299,1.295004945,0.608208104,0.153412891,0.109383436,0.081752504,8.724029179
sample356,5.411126233,1.10221928,1.313264775,0.303662855,0.272384944,0.3947926,8.797450686
sample102,5.216657404,1.817306783,1.38537277,0.229639352,0.172333511,0.130837331,8.952147152
sample317,6.161316796,1.565268076,1.17139662,0.047845528,0.026816537,0.078119991,9.050763547
sample405,6.596743282,1.500794639,0.657688142,0.141126783,0.135859749,0.208834949,9.241047544
sample371,6.185319572,1.610415285,1.080230771,0.140302329,0.1070151,0.128936169,9.252219226
sample136,22.40591026,4.444320871,3.492211248,0.363461631,0.168020139,0.509783981,31.38370813
sample509,6.569432878,1.584251959,0.790700544,0.190933616,0.135824518,0.124995286,9.396138801
sample55,5.582721881,1.191639866,2.26502871,0.116060278,0.07658404,0.18082495,9.412859725
sample93,3.94366044,1.579313047,3.42952383,0.094632687,0.078498161,0.317891507,9.443519672
sample253,3.290068935,0.497974946,0.65233888,-0.061830826,-0.056273744,0.041800092,4.482182853
sample147,16.69296054,4.026041275,3.38249096,0.261087502,0.157978637,0.692259972,25.21281888
sample149,12.53204087,3.41922359,1.634107461,0.28117084,0.132873617,0.104892561,18.10430894
sample144,12.58036796,3.14877291,1.477688466,0.156927984,0.105899671,0.1447236,17.61438059
sample9,6.54389096,1.863629646,0.808969095,0.290258203,0.247829641,0.277486229,10.03206377
sample179,12.76679938,3.30935556,3.45070343,0.400248449,0.22833697,0.390946982,20.54639077
sample24,5.40833828,1.25336191,2.783369299,0.192150095,0.128814874,0.350493411,10.11652787
sample378,5.21570671,1.948110631,2.850750882,0.04383671,0.014805035,0.184658341,10.25786831
sample373,6.511015476,1.968261053,1.246608392,0.17475962,0.136742781,0.227468888,10.26485621
sample75,4.553003703,1.609220973,3.484026506,0.238304291,0.145149031,0.308404344,10.33810885
sample285,7.010678077,2.158663061,0.515702456,0.248642607,0.178711345,0.239167011,10.35156456
sample145,8.06512734,3.134209359,1.835172277,0.30816816,0.174704759,0.060569013,13.57795091
sample417,6.790995811,2.199393634,0.963534123,0.146649643,0.107328189,0.190801189,10.39870259
sample480,6.82818377,1.508114903,1.316709565,0.285563126,0.273644724,0.330584029,10.54280012
sample8,6.361185496,1.484173863,1.893673187,0.254379185,0.202781929,0.364433335,10.560627
sample60,5.077495427,2.058436639,2.887533825,0.15972268,0.102487195,0.304165953,10.58984172
sample133,25.06492835,5.569482317,2.176444568,0.586308333,0.292804535,0.411654034,34.10162214
sample91,4.864546399,2.023220501,3.067058321,0.212605431,0.136993219,0.397301273,10.70172514
sample476,7.608469521,2.01602559,0.693808798,0.220066253,0.148279861,0.129621005,10.81627103
sample14,6.280825776,1.590755312,2.139524679,0.246685532,0.199064801,0.36821634,10.82507244
sample167,9.083973034,4.167519044,6.046348137,0.38811466,0.198527737,0.422774442,20.30725705
sample446,7.021211939,2.110220541,1.13455914,0.25185249,0.178324232,0.16148306,10.8576514
sample151,8.744313686,3.642003836,2.2939949,0.163387076,0.021048158,0.212327994,15.07707565
sample423,6.159365903,1.795632765,2.440222519,0.126236181,0.079373664,0.31065814,10.91148917
sample412,8.106015595,1.438977841,0.942043979,0.1635371,0.138446887,0.240323036,11.02934444
sample164,18.41936521,3.414083602,3.097628002,0.332290025,0.159233202,0.226620355,25.6492204
sample347,5.533803174,4.049579241,1.322731847,0.075107473,0.025842045,0.163280291,11.17034407
sample131,20.20574092,3.297965653,2.729282698,0.253520819,0.1439312,0.111531322,26.74197261
sample420,7.632759531,2.439133433,0.817827274,0.168663622,0.132386529,0.084102339,11.27487273
sample510,7.599455096,2.348052051,0.884964877,0.16538828,0.146940281,0.161253772,11.30605436
sample358,7.474593819,1.663774753,1.562205708,0.234869664,0.189284207,0.280174439,11.40490259
sample104,6.978550496,2.026252095,1.929198752,0.193546032,0.14851755,0.146557404,11.42262233
sample38,7.082886222,1.380342464,2.152518656,0.259299954,0.20126042,0.366931065,11.44323878
sample105,6.678017783,2.131414708,1.762227694,0.346927985,0.292884055,0.388412808,11.59988503
sample402,7.774054034,1.830384125,1.365243809,0.187233308,0.173682565,0.270358794,11.60095664
sample318,6.549333377,2.535911218,2.118027814,0.128614592,0.074372538,0.200688775,11.60694831
sample281,7.366725132,2.469556174,0.918343442,0.28724175,0.273549316,0.308106807,11.62352262
sample300,7.772845236,1.702242347,1.772971378,0.149517659,0.100324053,0.164072913,11.66197359
sample372,6.731965988,1.892729334,2.175135265,0.277669716,0.225636424,0.390854454,11.69399118
sample18,5.480970482,1.523209436,4.015196388,0.188459846,0.12418786,0.453818844,11.78584286
sample296,8.323156899,1.693603425,1.312515357,0.232731891,0.138622556,0.144775258,11.84540539
sample13,7.515467177,1.641818002,2.101126481,0.259361429,0.165886732,0.219110543,11.90277036
sample51,6.3841837,1.745411214,3.068844038,0.240609996,0.168264242,0.324648182,11.93196137
sample59,5.491471363,2.308875024,3.315285497,0.311997171,0.212881579,0.39782072,12.03833136
sample268,8.04422658,1.976301111,1.213075895,0.284743629,0.235394949,0.300662929,12.05440509
sample41,4.704916065,2.098680437,4.546386322,0.21386895,0.131003925,0.374477029,12.06933273
sample451,5.412792325,1.784420931,4.493398457,0.061439869,0.038050932,0.30316899,12.0932715
sample361,6.458008351,2.256890401,2.994737798,0.124677899,0.058765132,0.271612708,12.16469229
sample406,8.483425545,1.850868897,1.263977011,0.173707579,0.142854465,0.275251088,12.19008459
sample514,6.898100834,2.645370542,2.230843904,0.105743024,0.058699215,0.257059104,12.19581662
sample527,4.659531583,1.696119656,5.432363402,0.070357822,0.033549006,0.364241242,12.25616271
sample30,6.839395378,1.843253499,2.879551496,0.251570295,0.164412924,0.340143759,12.31832735
sample350,7.283629725,2.65714832,2.259323296,0.067400132,0.025597233,0.153387127,12.44648583
sample450,8.201772116,1.457436808,1.959108341,0.289270254,0.245072834,0.393590708,12.54625106
sample72,6.727046608,2.130584601,2.904993352,0.274488354,0.196248332,0.36711826,12.60047951
sample106,6.561426757,2.140984673,2.904802191,0.329153448,0.269020621,0.423521925,12.62890962
sample376,5.949535702,2.206644538,4.092431335,0.106209835,0.054411125,0.25241185,12.66164439
sample416,8.864595019,2.228884881,1.29875414,0.154075216,0.1015155,0.051040307,12.69886506
sample121,7.360833855,1.745657576,3.090177435,0.169451125,0.092742833,0.30926841,12.76813124
sample329,9.464303569,1.412210997,1.470376436,0.175762863,0.102342421,0.186481996,12.81147828
sample110,6.54672592,1.829929519,3.701260329,0.216943558,0.161769089,0.408245599,12.86487401
sample362,6.654694999,2.562690031,3.514872716,0.069362861,0.023509089,0.246042548,13.07117225
sample377,8.069135723,2.415919055,2.408341867,0.036618129,0.011886219,0.143825531,13.08572652
sample176,6.255722604,2.139382823,0.886778613,0.178345455,0.104712281,0.094131162,9.659072939
sample414,8.486632204,2.035314656,1.867931028,0.241737104,0.15235809,0.338361983,13.12233507
sample404,7.833991732,1.700130281,2.865009292,0.216399679,0.160087847,0.379649848,13.15526868
sample320,6.931342093,3.113155269,2.83781153,0.101864861,0.03479504,0.153919965,13.17288876
sample497,7.277873981,2.856884897,2.75377155,0.059686011,0.028935951,0.220191921,13.19734431
sample82,8.847588219,2.03424602,1.147162395,0.457466716,0.388744938,0.413922349,13.28913064
sample117,8.930080024,2.009960309,1.537789809,0.29584136,0.221425566,0.344442011,13.33953908
sample26,7.680219406,1.879431447,3.237758981,0.141200836,0.090194946,0.327130641,13.35593626
sample483,7.006365536,1.986061958,3.956191668,0.120068524,0.072159916,0.301999966,13.44284757
sample515,7.845025719,3.275226133,1.914895279,0.171414858,0.082008598,0.181571065,13.47014165
sample123,8.273435288,1.564550567,3.139692487,0.154785501,0.083823416,0.35798066,13.57426792
sample461,10.07574015,1.810804793,1.071070279,0.254383568,0.178871824,0.192870276,13.58374089
sample413,8.612628299,1.962431063,2.301846059,0.198118494,0.143506492,0.385111708,13.60364211
sample386,7.557481811,1.968965628,3.309967591,0.259271543,0.191435028,0.350124728,13.63724633
sample453,6.286906528,2.199466043,4.70813263,0.102155048,0.068353862,0.272699805,13.63771392
sample19,6.694003355,2.294935843,3.650947661,0.308944561,0.206306425,0.483750586,13.63888843
sample465,9.883301578,2.070106319,1.077396975,0.24233859,0.178779024,0.209419974,13.66134246
sample349,7.105294619,3.260322982,3.128916124,0.110788069,0.045820726,0.169498571,13.82064109
sample142,13.45982298,3.621771332,1.546647185,0.331413788,0.176167007,0.100109676,19.23593196
sample431,8.8219908,1.803538834,2.103916714,0.385121731,0.303774825,0.4910903,13.9094332
sample364,6.119980402,3.681714533,3.686249766,0.138428389,0.067060192,0.239995383,13.93342867
sample448,8.431698367,1.750469055,2.63033528,0.344770585,0.297344328,0.500466357,13.95508397
sample271,8.130509842,2.944186378,1.906462139,0.312218207,0.253374278,0.413988912,13.96073976
sample379,8.022962181,2.348029183,3.30232282,0.060566428,0.022260234,0.274561061,14.03070191
sample108,7.129523163,1.826753071,4.203492747,0.264089323,0.206458968,0.472080935,14.10239821
sample500,5.983800491,1.628951893,6.258213365,0.053284967,0.027450217,0.275793861,14.22749479
sample122,7.927843516,1.691952335,4.236471583,0.160560177,0.092679517,0.347129558,14.45663669
sample303,6.18176708,3.438221029,4.416490308,0.115522622,0.060637734,0.303278336,14.51591711
sample34,7.91718273,2.166153562,3.451682331,0.294440607,0.219765938,0.524085003,14.57331017
sample341,10.90119684,1.752811073,1.318431693,0.244541093,0.160618055,0.224812135,14.60241089
sample479,9.561368951,2.144958813,2.042667517,0.271494358,0.232121506,0.360779422,14.61339057
sample158,36.22477671,20.06945996,7.334946234,0.081271861,-0.081572754,0.482992147,64.19344691
sample124,8.963610137,1.638973483,3.563526315,0.152691652,0.108115006,0.307294112,14.73421071
sample287,6.789843681,4.100536388,3.118183608,0.194445664,0.083441275,0.448235699,14.73468632
sample359,11.56643633,1.948866344,0.608886709,0.284744278,0.263859854,0.242477663,14.91527117
sample178,13.29395109,1.268721917,1.749605428,0.067333208,-0.007699512,0.010717537,16.39032918
sample56,5.673015235,2.580922293,5.942951751,0.241312232,0.145415036,0.50425256,15.08786911
sample311,11.61236986,1.582738544,1.579518772,0.162271804,0.069466018,0.099775059,15.10614006
sample526,7.522075139,3.341534053,4.002660568,0.063958083,0.036183952,0.17421903,15.14063083
sample53,10.71167892,2.58695172,0.829407388,0.382126809,0.288484971,0.395732496,15.19438231
sample35,10.29078305,2.170059978,1.812848808,0.453388591,0.305119127,0.320431735,15.35263129
sample114,7.618579932,5.297691781,2.063559773,0.130372452,0.090016367,0.242295642,15.44251595
sample10,11.9158883,1.413701404,1.783506366,0.146298178,0.078618492,0.141096284,15.47910903
sample498,7.61259868,2.600463242,4.793256833,0.078955643,0.041800925,0.371252925,15.49832825
sample408,11.20847523,1.765663751,1.813451696,0.175387052,0.157120018,0.384505596,15.50460334
sample155,8.247479165,3.50920367,6.580089454,0.289613685,0.099137265,0.562962691,19.28848593
sample470,6.87656191,3.135989592,5.033642978,0.203592996,0.101790397,0.278065748,15.62964362
sample135,21.80126454,4.224118899,3.10771294,0.356514436,0.182744998,0.218643866,29.89099968
sample156,14.94481013,11.38480337,5.38276989,-0.008044922,-0.048756008,0.325866865,32.03825026
sample43,7.871273181,2.215774195,4.741116369,0.30585507,0.223164664,0.539989642,15.89717312
sample3,9.597360306,2.165910962,2.974905585,0.37568219,0.303334717,0.504106179,15.92129994
sample44,7.043346363,3.302557932,5.098838989,0.198368601,0.119904439,0.331654546,16.09467087
sample269,12.17608755,1.976330598,1.422729429,0.196475885,0.124877705,0.247062152,16.14356332
sample407,11.94564562,2.772970747,0.956402039,0.301914384,0.207108695,0.13493194,16.31897343
sample425,8.88551841,1.938165919,4.713782327,0.212662691,0.126575218,0.4606501,16.33735467
sample481,8.359402062,3.297538256,4.138358451,0.146624137,0.059996665,0.379863289,16.38178286
sample478,11.33265927,2.313990857,1.738765928,0.321233949,0.270948074,0.443403374,16.42100145
sample140,7.491249574,1.564889834,0.597219276,0.074266814,0.04113937,-0.014783836,9.768764868
sample477,10.96659895,2.340820906,2.168785079,0.322533102,0.247196324,0.392141823,16.43807618
sample272,9.928113841,2.855362053,2.719758878,0.334549874,0.266550079,0.350529694,16.45486442
sample276,9.126347802,3.044433897,3.173745722,0.352706926,0.255963793,0.556707882,16.50990602
sample374,11.26877133,2.197477523,2.140840524,0.289054413,0.229713964,0.399138871,16.52499663
sample512,9.663620142,4.22088915,2.260756847,0.094906637,0.049763955,0.287256114,16.57719285
sample507,12.41522693,2.415903038,1.172058101,0.260760219,0.168031331,0.156110331,16.58808995
sample332,9.955973048,3.333929973,2.861713463,0.120586281,0.051339524,0.275424883,16.59896717
sample494,10.36795966,3.269641201,2.042976502,0.243321927,0.238572901,0.444755292,16.60722748
sample283,11.02667411,3.113494318,1.531724114,0.346718769,0.276502007,0.31586625,16.61097957
sample112,8.043746032,5.781749636,2.392897908,0.163821587,0.117563417,0.223279668,16.72305825
sample410,11.6569577,2.622625986,1.719325905,0.313194586,0.20886991,0.236030843,16.75700493
sample528,8.537501147,2.290117218,5.519416959,0.082857408,0.033034707,0.305670324,16.76859776
sample363,7.912870627,4.137310245,4.345965801,0.105320007,0.036084026,0.270032106,16.80758281
sample496,10.56140898,2.131388823,3.679549848,0.083392125,0.039208893,0.397413864,16.89236254
sample434,13.00503349,2.161264852,1.322002595,0.293273057,0.153793568,0.116102278,17.05146984
sample421,11.75706901,2.351705592,2.294240066,0.216884426,0.132916653,0.387457661,17.1402734
sample20,8.567149169,2.813580481,4.848191606,0.380114287,0.195726012,0.413095702,17.21785726
sample342,11.1441533,2.551159401,2.067277398,0.547602768,0.434781047,0.527588652,17.27256257
sample45,7.550880147,3.040372879,6.014178454,0.142192038,0.101853475,0.456581698,17.30605869
sample58,7.104650839,2.752292614,6.35147667,0.337279898,0.214334642,0.565852854,17.32588752
sample393,9.273075289,3.341450864,4.377249365,0.069700168,0.023865319,0.249339259,17.33468026
sample426,8.228369377,5.44007522,3.541504322,0.057882189,0.013420258,0.173355414,17.45460678
sample484,9.331448327,2.865769773,4.755023823,0.123189411,0.0605635,0.366701441,17.50269627
sample94,10.14824783,2.725402461,3.66936572,0.327753833,0.200476799,0.500091299,17.57133794
sample422,9.073495097,2.238592384,5.434330232,0.229727457,0.128963639,0.467387959,17.57249677
sample506,11.21580913,2.07941728,3.269298336,0.331419129,0.266037072,0.453163292,17.61514424
sample128,8.120739373,5.995238895,3.120405976,0.103771305,0.05914749,0.270740894,17.67004393
sample525,12.55962608,2.018361788,2.27868854,0.281423999,0.232816953,0.500185342,17.8711027
sample302,9.496263407,4.399968393,3.411899984,0.206081909,0.084354092,0.319569507,17.91813729
sample125,9.71566941,1.851531166,5.717651682,0.179347451,0.108451577,0.469197736,18.04184902
sample288,8.605675131,3.699231069,4.804980218,0.280003077,0.148351673,0.520394862,18.05863603
sample499,8.982481979,2.928094129,5.710240249,0.081060142,0.030460209,0.334766093,18.0671028
sample115,8.540466251,6.220653514,2.608122466,0.236302564,0.142651985,0.349566448,18.09776323
sample409,11.8740952,2.79910403,2.632026415,0.309938372,0.193242231,0.382753138,18.19115938
sample275,10.30350847,3.471977417,3.291335586,0.388548496,0.279267489,0.557918291,18.29255575
sample396,9.717617225,4.138683807,3.838208345,0.18287204,0.101411374,0.388468794,18.36726158
sample78,10.60016025,3.202422691,4.340823194,0.111375773,0.097097978,0.297213102,18.64909299
sample403,11.28533398,2.370556293,3.673222554,0.400976174,0.357343847,0.577913321,18.66534617
sample154,6.417581521,1.586978274,2.607055974,0.04320948,-0.00546156,0.222731984,10.87755723
sample530,10.66530648,2.093828179,5.6100901,0.078168432,0.036856502,0.224202132,18.70845183
sample148,27.81960112,5.672930835,5.717182042,0.666452999,0.375004915,0.730802272,40.98197418
sample274,10.10991636,4.210696622,3.68419199,0.444192925,0.264477645,0.482535135,19.19601068
sample375,14.23368827,2.939485049,1.28805077,0.38340802,0.232800928,0.264037821,19.34147086
sample279,11.09616374,4.156311869,2.804553097,0.400391864,0.332548106,0.571581812,19.36155048
sample411,12.46677302,2.244245835,3.63118175,0.305102148,0.226217712,0.499728089,19.37324855
sample438,11.84068009,3.170945059,3.681080882,0.170236723,0.094054783,0.420275909,19.37727345
sample111,9.462275293,5.926474708,3.442438075,0.127661609,0.077586168,0.353638557,19.39007441
sample314,12.34371008,2.72968016,3.228371547,0.37840562,0.248080386,0.474732686,19.40298048
sample74,9.227872835,4.397295432,4.729031927,0.400854426,0.224468708,0.457421282,19.43694461
sample265,11.09942031,6.387468704,5.418496784,-0.039601127,-0.048202748,0.135084606,23.04047041
sample100,11.96629649,4.275834932,2.590949642,0.251829207,0.163435956,0.445845418,19.69419164
sample264,22.83638541,5.617318711,4.051144381,0.153548994,0.090232123,0.542030753,33.29066037
sample495,14.50108598,3.038464775,1.448089539,0.395796763,0.259944809,0.171300153,19.81468202
sample395,10.92477445,4.936625989,3.703103328,0.122903887,0.026042486,0.345786157,20.0592363
sample392,12.26117937,4.263127228,2.876885052,0.236983055,0.130408808,0.300653367,20.06923688
sample83,8.158937509,2.38945333,8.886857488,0.113810131,0.089682265,0.482771515,20.12151224
sample513,13.5777013,3.231480459,2.87003626,0.115448638,0.072302868,0.31500545,20.18197497
sample173,39.04876247,16.89272701,4.048509558,-0.205643366,-0.215139011,0.395317583,60.38531662
sample267,12.20430058,4.04070878,2.36402156,0.585005515,0.469854097,0.601652825,20.26554336
sample113,8.892579697,6.800795945,4.202928182,0.100506767,0.052180138,0.316172162,20.36516289
sample109,9.963259297,3.424424635,5.682620114,0.488168245,0.299133593,0.6117985,20.46940438
sample126,10.42483248,5.334726666,4.096762026,0.19968367,0.105417738,0.310490587,20.47191317
sample71,11.64196908,3.696527799,4.056336979,0.475018805,0.365716859,0.553523009,20.78909253
sample96,11.23065592,6.10082275,2.774925085,0.209798918,0.135704579,0.400012062,20.85191932
sample366,10.19284449,4.851197165,5.163191599,0.237534035,0.122863364,0.541982892,21.10961355
sample270,13.45431439,4.196724996,1.975329156,0.654511987,0.458148266,0.48104188,21.22007068
sample294,10.42595445,6.645397076,3.900227926,0.066600505,0.026120965,0.179846882,21.2441478
sample321,10.13818134,7.201676311,3.651177961,0.043765671,0.020821553,0.193793026,21.24941586
sample440,11.38677627,3.992864736,5.095094124,0.331251587,0.176521794,0.48963921,21.47214772
sample532,12.0489757,5.466427028,3.521889144,0.160411723,0.105125197,0.353845611,21.65667441
sample529,11.84088073,3.077093552,6.183222779,0.102491567,0.048769281,0.417491863,21.66994977
sample467,12.99769044,2.274561634,5.765373036,0.170064316,0.125531641,0.411191446,21.74441251
sample98,13.51020888,5.439708323,2.198579475,0.188658507,0.122765039,0.339792507,21.79971273
sample389,12.62989606,3.612644016,4.194087446,0.483857379,0.371003049,0.590084186,21.88157214
sample419,15.44913281,3.793890045,1.892859522,0.318676493,0.199368808,0.328329138,21.98225681
sample304,11.60460627,4.307569386,5.291260178,0.226206617,0.141495471,0.479276168,22.05041409
sample42,13.59006218,2.748670659,4.490083181,0.350553175,0.240124281,0.663923509,22.08341698
sample280,13.79321843,3.734325454,3.214560666,0.475574822,0.332194169,0.657848618,22.20772216
sample73,12.22143372,3.852017236,5.006038724,0.350854167,0.236983007,0.547557878,22.21488473
sample84,9.274994238,2.999379171,9.193841629,0.106398026,0.091615201,0.560960346,22.22718861
sample335,12.43270533,3.501322261,5.327671737,0.295682944,0.184848203,0.526117221,22.26834769
sample97,14.34710811,4.21171397,2.860408028,0.230464862,0.174593825,0.496554316,22.32084311
sample365,11.20817941,4.963466668,5.328724385,0.228082323,0.08969546,0.522306898,22.34045514
sample138,22.30705331,3.581340273,2.125602197,0.206319323,0.097680299,0.09860697,28.41660237
sample524,15.33657417,2.200741711,3.589018808,0.408531002,0.363023886,0.617381558,22.51527113
sample492,15.9326308,3.198842009,2.376112558,0.336327144,0.238164462,0.522929797,22.60500677
sample348,15.32626105,4.403309684,2.301210801,0.183797127,0.101535067,0.33278904,22.64890277
sample119,17.16393787,2.544231982,2.215811505,0.366637479,0.203359511,0.194941723,22.68892007
sample177,26.23408695,5.506610644,3.333494098,0.335147109,0.111185182,0.19225119,35.71277517
sample306,8.261241245,4.979156292,9.072705386,0.097025157,0.037484507,0.550346974,22.99795956
sample462,16.80169588,2.84884023,2.419502355,0.402891345,0.248181619,0.332998198,23.05410963
sample313,15.49152894,3.553126323,2.729178432,0.460373766,0.307383375,0.533310424,23.07490126
sample81,8.742147761,3.081795686,10.5320096,0.127950313,0.083317152,0.554563073,23.12178358
sample387,15.05442268,4.494388693,2.418100255,0.477795612,0.318006797,0.366811353,23.12952539
sample384,9.721254351,10.05269934,3.351974618,0.150073781,0.023290974,0.134716697,23.43400976
sample282,16.65912091,4.090034185,1.678806677,0.467911347,0.254520451,0.284021743,23.43441532
sample266,13.56542527,5.043457125,2.923076129,0.655483572,0.510434036,0.767059945,23.46493607
sample143,18.07537795,2.859915669,1.682655797,0.234599989,0.144922099,0.220279841,23.21775134
sample370,10.17972657,8.709362744,4.140132486,0.168861707,0.078788037,0.246139171,23.52301071
sample391,14.51189532,3.711655259,4.741398543,0.242943067,0.127053456,0.408561351,23.743507
sample491,16.47820295,3.697388735,2.429768553,0.436935364,0.287882586,0.533964992,23.86414318
sample432,17.93176996,3.209332756,1.588148132,0.476261488,0.327419671,0.381046733,23.91397874
sample326,15.96018305,4.35757695,2.658377703,0.559093503,0.413598319,0.558536538,24.50736606
sample99,14.54726157,5.753650639,3.497492828,0.204760524,0.121619432,0.428968056,24.55375305
sample297,16.24188376,3.38038766,3.458487303,0.584442784,0.395910951,0.50876696,24.56987942
sample290,13.27036592,4.143700253,6.580744413,0.443988891,0.219156238,0.577101366,25.23505708
sample95,12.8293921,3.742695472,6.940790224,0.662271339,0.527458455,0.775844764,25.47845236
sample319,15.27163671,4.310970382,5.11641853,0.255985526,0.159022213,0.481037734,25.5950711
sample258,27.8255991,6.934770324,5.794275316,0.399651849,0.13748996,0.504041831,41.59582838
sample449,18.30310962,3.835965323,2.293880403,0.51267438,0.403653156,0.498320635,25.84760351
sample511,15.27069714,4.144967401,6.00708023,0.171082727,0.091706399,0.422054595,26.10758849
sample346,15.97612105,4.283084557,4.579668622,0.432816034,0.252388042,0.583972534,26.10805084
sample295,13.62001579,7.191261307,5.000743485,0.071331711,0.021754392,0.232225348,26.13733203
sample354,9.770949957,11.4342497,4.375856498,0.162203826,0.104777855,0.325062249,26.17310008
sample427,11.41002514,10.12097794,4.54582236,0.0838994,0.02783584,0.265036192,26.45359687
sample134,16.98093878,3.224844389,2.51346187,0.276613929,0.126857041,0.187955683,23.31067169
sample289,12.9802165,4.167662166,8.046173185,0.42720311,0.240056704,0.681731011,26.54304268
sample482,12.80585601,4.283685611,8.567035464,0.191427163,0.092430295,0.618777644,26.55921219
sample333,19.01900939,4.15042861,2.620902539,0.256716841,0.147173305,0.473345913,26.66757659
sample334,16.9430656,5.50430483,3.245638708,0.384876485,0.18520475,0.410627173,26.67371755
sample463,17.48238105,2.920732314,4.664851774,0.458141779,0.377948258,0.784124536,26.68817971
sample367,12.41786636,9.859726967,3.895634081,0.210865671,0.123614369,0.18825547,26.69596292
sample262,13.88256768,5.148518139,2.990095232,0.219513505,0.125260066,0.425341239,22.79129586
sample292,13.41376931,8.210203866,5.086936568,0.146167997,0.040353687,0.286584601,27.18401603
sample250,14.63773858,5.700256671,3.676643461,0.188810907,0.119772934,0.51948416,24.84270671
sample85,11.69306023,4.175590207,11.00638573,0.07752552,0.064861401,0.550706642,27.56812973
sample433,21.38531539,2.846843629,2.405084131,0.45347317,0.275567557,0.261096009,27.62737989
sample32,20.0154278,3.24210555,2.653637517,0.589231016,0.45170869,0.695812109,27.64792268
sample399,13.68356052,8.571567346,5.591016243,0.182432829,0.082490684,0.438203478,28.5492711
sample534,16.09628442,6.710636025,5.034824279,0.184814171,0.108613548,0.424323611,28.55949605
sample394,16.2633663,5.418615111,6.355818423,0.189297425,0.081719297,0.510333594,28.81915015
sample488,14.7901164,6.325930528,6.777870156,0.194542605,0.145521924,0.62029242,28.85427403
sample301,14.16591916,5.61539922,7.450609993,0.586661016,0.277241631,0.83156787,28.92739889
sample153,3.320544613,1.340709185,1.281309944,-0.048172727,-0.068832216,0.07287843,6.015442173
sample312,17.66740225,4.414318528,4.801874239,0.791105947,0.55403118,0.836069722,29.06480186
sample385,13.40507666,12.97392586,2.617068291,0.095899359,0.036112985,0.14223867,29.27032182
sample436,17.05610022,3.118841413,8.263380275,0.292581796,0.225905431,0.567995614,29.52480475
sample400,13.71700614,10.39543629,4.697535726,0.313402603,0.211725286,0.467496363,29.80260241
sample439,18.63669107,3.46101754,6.614440889,0.355248943,0.237371931,0.609856443,29.91462681
sample352,12.28428421,13.89801739,3.310896699,0.209313819,0.118606074,0.230450296,30.05156848
sample382,14.67468484,10.69727035,4.253071817,0.209788739,0.087525286,0.182054792,30.10439583
sample324,10.32813501,12.74649643,6.238966702,0.378689608,0.042043476,0.382967944,30.11729916
sample351,16.1720715,7.539054501,6.048502128,0.103079712,0.049345796,0.316576842,30.22863048
sample129,17.35060173,6.482332732,5.894335935,0.170131921,0.066791892,0.547411535,30.51160574
sample487,14.65566869,8.322028291,6.897163443,0.195223522,0.099623524,0.467634903,30.63734237
sample380,18.55705788,7.009489927,4.474581701,0.25238698,0.063823133,0.400249753,30.75758938
sample424,17.34146121,5.826852335,5.830174562,0.751459159,0.352546828,0.878619945,30.98111404
sample486,16.85150231,7.188242101,5.977686748,0.269741728,0.203005855,0.59303142,31.08321016
sample452,17.61325919,5.49756207,6.708674024,0.430837339,0.224178462,0.71924513,31.19375621
sample340,15.30084467,11.3963742,4.310137671,0.132123527,0.064679432,0.283657491,31.48781699
sample260,40.23399822,3.684544274,3.445648009,0.038453123,-0.003690069,0.205165491,47.60780911
sample284,25.34941645,3.516439875,1.827379986,0.448806792,0.238107933,0.28416743,31.66431847
sample401,21.06662135,5.810071692,3.616158939,0.611015254,0.373336573,0.625279895,32.1024837
sample517,20.3956149,7.383377409,3.708207103,0.215714182,0.118217763,0.422613467,32.24374483
sample263,20.04828756,8.284436134,5.090017333,0.120906693,0.072048974,0.237784321,33.85348101
sample429,16.72714724,9.273233932,5.655343536,0.165293112,0.056336851,0.512245126,32.3895998
sample328,23.85953397,3.544067248,3.996584549,0.573151165,0.287769641,0.511581303,32.77268787
sample64,15.46261501,3.403768313,13.08056671,0.212789895,0.086616354,0.682015149,32.92837143
sample454,17.37449035,5.591421024,8.566427209,0.420648437,0.237940794,0.737625607,32.92855342
sample63,17.7367014,4.10477808,10.38075638,0.079880516,0.088135074,0.557973402,32.94822485
sample472,12.14457736,11.84426316,8.692123197,0.083643053,0.043748028,0.419305933,33.22766073
sample305,19.18443647,5.494943399,7.179951231,0.524995526,0.311815582,0.791460175,33.48760239
sample77,20.82558616,3.481710617,8.528681717,0.189856441,0.08389436,0.412772235,33.52250153
sample522,26.80404767,3.026131017,2.838070947,0.509620935,0.245856016,0.348024716,33.7717513
sample175,18.56934828,9.241505341,6.129034212,0.143825837,0.094840408,0.509873685,34.68842776
sample316,21.69897433,5.533053291,5.592539833,0.3885762,0.182948542,0.478944903,33.8750371
sample435,18.66421634,3.730038277,10.10143086,0.346825427,0.195567157,0.869541157,33.90761922
sample50,19.72580406,3.981016021,10.2554727,0.106474897,0.048093002,0.635652505,34.75251318
sample171,32.23625077,15.70081177,9.701298118,0.329317641,0.14782389,0.807456561,58.92295875
sample168,7.331557343,1.466855917,2.236514418,-0.180547096,-0.162359039,-0.153669021,11.03492768
sample65,19.02693735,3.011916377,12.77633172,0.177636633,0.084589124,0.66642973,35.74384093
sample473,13.65093667,13.32406619,8.251732099,0.110654837,0.050113277,0.526161249,35.91366432
sample259,24.41336385,3.984207847,4.562419337,-0.004702752,0.009347406,0.134008532,33.10334698
sample533,20.08448772,10.47271533,4.825314218,0.174914324,0.120544777,0.501212727,36.1791891
sample428,17.8113338,11.32020113,6.381625598,0.174700872,0.048726847,0.523522395,36.26011064
sample286,21.85421104,6.94495491,6.026474685,0.56943774,0.288958649,0.629717091,36.31375412
sample503,22.54397974,6.89928877,6.279291985,0.244981377,0.166623602,0.579604386,36.71376986
sample519,21.66765592,8.363230228,6.008957879,0.265985959,0.173219103,0.652745025,37.13179412
sample469,21.77396653,6.287829869,8.099599459,0.31500802,0.139760411,0.642666747,37.25883103
sample337,18.10666769,14.1754722,4.303230162,0.193507828,0.08636498,0.396410181,37.26165303
sample48,19.14983255,3.568486283,13.71840558,0.175555264,0.07175776,0.658087009,37.34212445
sample502,23.61627417,7.85825038,4.642135898,0.361134051,0.238535646,0.864200231,37.58053038
sample310,18.55502879,13.3176326,5.606267836,0.096546896,0.024665588,0.301928076,37.90206979
sample261,25.22553886,4.853439856,3.813547059,0.1951055,0.110452983,0.463123227,34.66120749
sample80,21.94218769,2.781224608,12.62249945,0.121192776,0.076892094,0.455906284,37.9999029
sample127,19.74850845,10.14110892,8.024905581,0.115037588,0.046176613,0.493284609,38.56902176
sample442,16.81866277,12.10326896,8.757371269,0.175047672,0.064279002,0.651226726,38.5698564
sample516,25.73044846,8.08080092,3.867260181,0.26736587,0.163293305,0.547165715,38.65633445
sample130,20.42398697,9.221088311,7.735202069,0.346229607,0.131044674,0.850216317,38.70776794
sample46,22.54448084,4.426143534,11.32892535,0.128182021,0.073171455,0.525305906,39.02620911
sample444,18.8995687,9.452757459,10.06369716,0.20486914,0.114472575,0.66195761,39.39732264
sample369,20.16950965,13.22348366,5.318122077,0.307996417,0.158832297,0.257983202,39.4359273
sample299,24.14847453,4.863104145,7.843458924,0.926159482,0.664006909,1.165895364,39.61109935
sample307,19.63605011,11.28694315,7.471534094,0.471775519,0.147546208,0.682179171,39.69602825
sample355,15.27822304,14.18702087,9.341487628,0.364318622,0.176816386,0.501644897,39.84951144
sample172,10.49036403,8.574914641,3.714451542,-0.031172139,-0.035594982,0.067338222,22.84706844
sample441,19.31010122,13.40486497,7.43860397,0.229980479,0.14276084,0.581003404,41.10731488
sample468,24.30005707,4.363996263,11.0655773,0.410904563,0.28285733,0.772945173,41.19633769
sample291,19.0853365,13.59646272,7.749983969,0.145534741,0.054649406,0.575807927,41.20777527
sample309,15.74001749,15.53835448,9.63654257,0.147151889,0.055568407,0.659932708,41.77756754
sample397,16.69140833,14.24935595,10.22182655,0.196637213,0.086598282,0.483530995,41.92935733
sample501,22.76782085,9.899830549,8.836375157,0.554143643,0.294026704,0.845376188,43.19757309
sample504,20.94268574,12.41079812,9.122761807,0.203816282,0.113974115,0.630680556,43.42471662
sample256,31.11719071,5.008657996,2.737774635,0.023632051,0.00116055,0.202061696,39.09047764
sample456,21.07515725,12.74169033,9.620270934,0.192473244,0.062323993,0.576230701,44.26814644
sample531,26.72767261,9.297623941,6.936079618,0.530482565,0.278570279,0.789741697,44.56017071
sample457,22.8096488,12.56070852,8.272462781,0.215313928,0.091697424,0.650289338,44.60012079
sample381,25.93236886,8.377137788,9.514843246,0.210236593,0.11026235,0.886085587,45.03093442
sample471,24.67491995,10.5847222,8.577625322,0.302435796,0.203854504,0.753771362,45.09732913
sample61,34.21815823,2.760612661,8.123417611,0.159746484,0.06126285,0.482896271,45.80609411
sample322,20.87640451,17.49403869,6.687109588,0.191444406,0.068404377,0.535704029,45.8531056
sample49,24.84679066,4.960590863,15.7306684,0.117282846,0.057563371,0.716376827,46.42927297
sample518,28.13967236,15.06611265,3.026049376,0.146133928,0.075760285,0.249736952,46.70346555
sample47,26.39183115,5.168721181,14.75298909,0.122865215,0.062748087,0.78632768,47.2854824
sample474,24.88397714,13.58906127,7.849190696,0.208592418,0.107842698,0.676028374,47.3146926
sample336,26.51985873,11.54114478,8.254032018,0.385721122,0.225404774,0.685643569,47.61180499
sample325,26.87123811,10.65308729,10.06466728,0.232201766,0.084066687,0.473854451,48.37911558
sample466,30.99969022,5.694652604,11.13124369,0.308640807,0.176406255,0.972746571,49.28338015
sample157,21.18045108,13.78954601,5.047879588,-0.206898198,-0.24880543,0.054856682,40.07273336
sample62,28.31904884,5.319100766,16.01997062,0.145207164,0.083751202,0.681326984,50.56840557
sample76,33.06675175,4.092687885,12.48291975,0.2141953,0.130587264,0.607584532,50.59472649
sample79,33.25644024,5.109085136,11.52965378,0.192940523,0.082874764,0.463659155,50.6346536
sample455,32.17886232,7.949711395,10.28920676,0.746621803,0.403560854,0.924199379,52.49216251
sample443,28.75503596,14.44353333,9.791194224,0.238795226,0.081010224,0.623722688,53.93329165
sample489,28.78480452,9.756489493,13.97724837,0.335746969,0.158263672,1.100016148,54.11256917
sample459,33.14642625,9.705095735,11.79788012,0.269149729,0.135450016,0.587206857,55.64120871
sample339,23.14334656,19.0544941,12.39125307,0.51368859,0.20957951,0.633277656,55.94563948
sample458,36.58682027,19.44630079,11.17054226,0.254385066,0.077452285,0.508410457,68.04391113