,Genus,InulinFlux,MaxGrowth,FracOpt,MaxSecrFlux,MaxCplexStatus,MinSecrFlux,MinCplexStatus
0,Bacteroides_816,0.0,0.2747149806736711,0.0,0.0,1,0.0,1
1,Bacteroides_816,0.0,0.2747149806736711,0.01,1.0988599226946845,1,0.0,1
2,Bacteroides_816,0.0,0.2747149806736711,0.02,2.197719845389369,1,0.0,1
3,Bacteroides_816,0.0,0.2747149806736711,0.03,3.2965797680840536,1,0.0,1
4,Bacteroides_816,0.0,0.2747149806736711,0.04,4.395439690778738,1,0.0,1
5,Bacteroides_816,0.0,0.2747149806736711,0.05,5.494299613473422,1,0.0,1
6,Bacteroides_816,0.0,0.2747149806736711,0.06,6.593159536168107,1,0.0,1
7,Bacteroides_816,0.0,0.2747149806736711,0.07,7.692019458862792,1,0.0,1
8,Bacteroides_816,0.0,0.2747149806736711,0.08,8.790879381557476,1,0.0,1
9,Bacteroides_816,0.0,0.2747149806736711,0.09,9.88973930425216,1,0.0,1
10,Bacteroides_816,0.0,0.2747149806736711,0.1,10.988599226946844,1,0.0,1
11,Bacteroides_816,0.0,0.2747149806736711,0.11,12.087459149641528,1,0.0,1
12,Bacteroides_816,0.0,0.2747149806736711,0.12,13.186319072336214,1,0.0,1
13,Bacteroides_816,0.0,0.2747149806736711,0.13,14.285178995030897,1,0.0,1
14,Bacteroides_816,0.0,0.2747149806736711,0.14,15.384038917725583,1,0.0,1
15,Bacteroides_816,0.0,0.2747149806736711,0.15,15.887156271222128,1,0.0,1
16,Bacteroides_816,0.0,0.2747149806736711,0.16,15.866740598706855,1,0.0,1
17,Bacteroides_816,0.0,0.2747149806736711,0.17,15.845741068505301,1,0.0,1
18,Bacteroides_816,0.0,0.2747149806736711,0.18,15.824741538303783,1,0.0,1
19,Bacteroides_816,0.0,0.2747149806736711,0.19,15.803742008102262,1,0.0,1
20,Bacteroides_816,0.0,0.2747149806736711,0.2,15.782735643431717,1,0.0,1
21,Bacteroides_816,0.0,0.2747149806736711,0.21,15.761536342701353,1,0.0,1
22,Bacteroides_816,0.0,0.2747149806736711,0.22,15.739763190588361,1,0.0,1
23,Bacteroides_816,0.0,0.2747149806736711,0.23,15.71789846717496,1,0.0,1
24,Bacteroides_816,0.0,0.2747149806736711,0.24,15.696031634980876,1,0.0,1
25,Bacteroides_816,0.0,0.2747149806736711,0.25,15.674163601458593,1,0.0,1
26,Bacteroides_816,0.0,0.2747149806736711,0.26,15.652201943666423,1,0.0,1
27,Bacteroides_816,0.0,0.2747149806736711,0.27,15.630055361568491,1,0.0,1
28,Bacteroides_816,0.0,0.2747149806736711,0.28,15.605133725677305,1,0.0,1
29,Bacteroides_816,0.0,0.2747149806736711,0.29,15.577261263432238,1,0.0,1
30,Bacteroides_816,0.0,0.2747149806736711,0.3,15.548716044267223,1,0.0,1
31,Bacteroides_816,0.0,0.2747149806736711,0.31,15.520169502889097,1,0.0,1
32,Bacteroides_816,0.0,0.2747149806736711,0.32,15.491572961510904,1,0.0,1
33,Bacteroides_816,0.0,0.2747149806736711,0.33,15.462941640097414,1,0.0,1
34,Bacteroides_816,0.0,0.2747149806736711,0.34,15.433986865031839,1,0.0,1
35,Bacteroides_816,0.0,0.2747149806736711,0.35000000000000003,15.403578924209798,1,0.0,1
36,Bacteroides_816,0.0,0.2747149806736711,0.36,15.372906958991974,1,0.0,1
37,Bacteroides_816,0.0,0.2747149806736711,0.37,15.341783312109175,1,0.0,1
38,Bacteroides_816,0.0,0.2747149806736711,0.38,15.31065625289644,1,0.0,1
39,Bacteroides_816,0.0,0.2747149806736711,0.39,15.279505958081275,1,0.0,1
40,Bacteroides_816,0.0,0.2747149806736711,0.4,15.247065316321343,1,0.0,1
41,Bacteroides_816,0.0,0.2747149806736711,0.41000000000000003,15.213417858597339,1,0.0,1
42,Bacteroides_816,0.0,0.2747149806736711,0.42,15.179369494380104,1,0.0,1
43,Bacteroides_816,0.0,0.2747149806736711,0.43,15.144967825823713,1,0.0,1
44,Bacteroides_816,0.0,0.2747149806736711,0.44,15.110548430575783,1,0.0,1
45,Bacteroides_816,0.0,0.2747149806736711,0.45,15.076117814698563,1,0.0,1
46,Bacteroides_816,0.0,0.2747149806736711,0.46,15.039875283373739,1,0.0,1
47,Bacteroides_816,0.0,0.2747149806736711,0.47000000000000003,15.00345658461009,1,0.0,1
48,Bacteroides_816,0.0,0.2747149806736711,0.48,14.966967108708758,1,0.0,1
49,Bacteroides_816,0.0,0.2747149806736711,0.49,14.930272362061732,1,0.0,1
50,Bacteroides_816,0.0,0.2747149806736711,0.5,14.893212146568654,1,0.0,1
51,Bacteroides_816,0.0,0.2747149806736711,0.51,14.849633546282393,1,0.0,1
52,Bacteroides_816,0.0,0.2747149806736711,0.52,14.80489393017801,1,0.0,1
53,Bacteroides_816,0.0,0.2747149806736711,0.53,14.759312370648368,1,0.0,1
54,Bacteroides_816,0.0,0.2747149806736711,0.54,14.713568025324117,1,0.0,1
55,Bacteroides_816,0.0,0.2747149806736711,0.55,14.66782367999986,1,0.0,1
56,Bacteroides_816,0.0,0.2747149806736711,0.56,14.622039497910691,1,0.0,1
57,Bacteroides_816,0.0,0.2747149806736711,0.5700000000000001,14.576157129637489,1,0.0,1
58,Bacteroides_816,0.0,0.2747149806736711,0.58,14.530200049130473,1,0.0,1
59,Bacteroides_816,0.0,0.2747149806736711,0.59,14.483710818219588,1,0.0,1
60,Bacteroides_816,0.0,0.2747149806736711,0.6,14.43710569843963,1,0.0,1
61,Bacteroides_816,0.0,0.2747149806736711,0.61,14.390235209070424,1,0.0,1
62,Bacteroides_816,0.0,0.2747149806736711,0.62,14.34312260527692,1,0.0,1
63,Bacteroides_816,0.0,0.2747149806736711,0.63,14.295686493589258,1,0.0,1
64,Bacteroides_816,0.0,0.2747149806736711,0.64,14.248095241032631,1,0.0,1
65,Bacteroides_816,0.0,0.2747149806736711,0.65,14.200400127512134,1,0.0,1
66,Bacteroides_816,0.0,0.2747149806736711,0.66,14.152034907746481,1,0.0,1
67,Bacteroides_816,0.0,0.2747149806736711,0.67,14.10316659310123,1,0.0,1
68,Bacteroides_816,0.0,0.2747149806736711,0.68,14.054158363012032,1,0.0,1
69,Bacteroides_816,0.0,0.2747149806736711,0.6900000000000001,14.00480008796746,1,0.0,1
70,Bacteroides_816,0.0,0.2747149806736711,0.7000000000000001,13.954217826069334,1,0.0,1
71,Bacteroides_816,0.0,0.2747149806736711,0.71,13.902355151383915,1,0.0,1
72,Bacteroides_816,0.0,0.2747149806736711,0.72,13.848918965043081,1,0.0,1
73,Bacteroides_816,0.0,0.2747149806736711,0.73,13.794888281340924,1,0.0,1
74,Bacteroides_816,0.0,0.2747149806736711,0.74,13.740385170979327,1,0.0,1
75,Bacteroides_816,0.0,0.2747149806736711,0.75,13.685562706589437,1,0.0,1
76,Bacteroides_816,0.0,0.2747149806736711,0.76,13.630481031097247,1,0.0,1
77,Bacteroides_816,0.0,0.2747149806736711,0.77,13.574769154154618,1,0.0,1
78,Bacteroides_816,0.0,0.2747149806736711,0.78,13.517900782262206,1,0.0,1
79,Bacteroides_816,0.0,0.2747149806736711,0.79,13.449610111477176,1,0.0,1
80,Bacteroides_816,0.0,0.2747149806736711,0.8,13.374557223200938,1,0.0,1
81,Bacteroides_816,0.0,0.2747149806736711,0.81,13.296035536552141,1,0.0,1
82,Bacteroides_816,0.0,0.2747149806736711,0.8200000000000001,13.204207470229022,1,0.0,1
83,Bacteroides_816,0.0,0.2747149806736711,0.8300000000000001,13.105210221549314,1,0.0,1
84,Bacteroides_816,0.0,0.2747149806736711,0.84,13.000646047321217,1,0.0,1
85,Bacteroides_816,0.0,0.2747149806736711,0.85,12.892416231534295,1,0.0,1
86,Bacteroides_816,0.0,0.2747149806736711,0.86,12.775649423464392,1,0.0,1
87,Bacteroides_816,0.0,0.2747149806736711,0.87,12.648476772868234,1,0.0,1
88,Bacteroides_816,0.0,0.2747149806736711,0.88,12.510980326789895,1,0.14715663715965807,1
89,Bacteroides_816,0.0,0.2747149806736711,0.89,12.371017995238763,1,0.4431305204889733,1
90,Bacteroides_816,0.0,0.2747149806736711,0.9,12.226863767335029,1,0.7391044038184951,1
91,Bacteroides_816,0.0,0.2747149806736711,0.91,12.069688175223574,1,1.0388068099796952,1
92,Bacteroides_816,0.0,0.2747149806736711,0.92,11.911936972088611,1,1.34492930151269,1
93,Bacteroides_816,0.0,0.2747149806736711,0.93,11.559210356622609,1,1.6510517930455377,1
94,Bacteroides_816,0.0,0.2747149806736711,0.9400000000000001,11.159880271400292,1,1.9571742845782873,1
95,Bacteroides_816,0.0,0.2747149806736711,0.9500000000000001,10.758402160360724,1,2.263296776110902,1
96,Bacteroides_816,0.0,0.2747149806736711,0.96,10.123559599900346,1,2.5694192676439105,1
97,Bacteroides_816,0.0,0.2747149806736711,0.97,9.331982323171859,1,3.0267926133623884,1
98,Bacteroides_816,0.0,0.2747149806736711,0.98,8.53784183156222,1,3.5195511547159724,1
99,Bacteroides_816,0.0,0.2747149806736711,0.99,7.462127308891559,1,4.0740973702233845,1
100,Bacteroides_816,0.0,0.2747149806736711,1.0,5.269903151018559,1,5.269899589893986,1
101,Parabacteroides_375288_clone,0.0,0.19633913022460087,0.0,0.0,1,0.0,1
102,Parabacteroides_375288_clone,0.0,0.19633913022460087,0.01,0.7853565208984035,1,0.0,1
103,Parabacteroides_375288_clone,0.0,0.19633913022460087,0.02,1.570713041796807,1,0.0,1
104,Parabacteroides_375288_clone,0.0,0.19633913022460087,0.03,2.3560695626952106,1,0.0,1
105,Parabacteroides_375288_clone,0.0,0.19633913022460087,0.04,3.141426083593614,1,0.0,1
106,Parabacteroides_375288_clone,0.0,0.19633913022460087,0.05,3.9267826044920175,1,0.0,1
107,Parabacteroides_375288_clone,0.0,0.19633913022460087,0.06,4.71213912539042,1,0.0,1
108,Parabacteroides_375288_clone,0.0,0.19633913022460087,0.07,5.497495646288825,1,0.0,1
109,Parabacteroides_375288_clone,0.0,0.19633913022460087,0.08,6.282852167187228,1,0.0,1
110,Parabacteroides_375288_clone,0.0,0.19633913022460087,0.09,7.068208688085631,1,0.0,1
111,Parabacteroides_375288_clone,0.0,0.19633913022460087,0.1,7.853565208984035,1,0.0,1
112,Parabacteroides_375288_clone,0.0,0.19633913022460087,0.11,8.638921729882439,1,0.0,1
113,Parabacteroides_375288_clone,0.0,0.19633913022460087,0.12,9.424278250780842,1,0.0,1
114,Parabacteroides_375288_clone,0.0,0.19633913022460087,0.13,10.209634771679244,1,0.0,1
115,Parabacteroides_375288_clone,0.0,0.19633913022460087,0.14,10.99499129257765,1,0.0,1
116,Parabacteroides_375288_clone,0.0,0.19633913022460087,0.15,11.780347813476052,1,0.0,1
117,Parabacteroides_375288_clone,0.0,0.19633913022460087,0.16,12.565704334374455,1,0.0,1
118,Parabacteroides_375288_clone,0.0,0.19633913022460087,0.17,12.823492743492377,1,0.0,1
119,Parabacteroides_375288_clone,0.0,0.19633913022460087,0.18,12.793737795913078,1,0.0,1
120,Parabacteroides_375288_clone,0.0,0.19633913022460087,0.19,12.763982848333729,1,0.0,1
121,Parabacteroides_375288_clone,0.0,0.19633913022460087,0.2,12.73422790075439,1,0.0,1
122,Parabacteroides_375288_clone,0.0,0.19633913022460087,0.21,12.704472953175078,1,0.0,1
123,Parabacteroides_375288_clone,0.0,0.19633913022460087,0.22,12.674718005595729,1,0.0,1
124,Parabacteroides_375288_clone,0.0,0.19633913022460087,0.23,12.644963058016419,1,0.0,1
125,Parabacteroides_375288_clone,0.0,0.19633913022460087,0.24,12.615208110437099,1,0.0,1
126,Parabacteroides_375288_clone,0.0,0.19633913022460087,0.25,12.585453162857693,1,0.0,1
127,Parabacteroides_375288_clone,0.0,0.19633913022460087,0.26,12.55569821527844,1,0.0,1
128,Parabacteroides_375288_clone,0.0,0.19633913022460087,0.27,12.52594326769914,1,0.0,1
129,Parabacteroides_375288_clone,0.0,0.19633913022460087,0.28,12.496188320119796,1,0.0,1
130,Parabacteroides_375288_clone,0.0,0.19633913022460087,0.29,12.466433372540477,1,0.0,1
131,Parabacteroides_375288_clone,0.0,0.19633913022460087,0.3,12.436678424961137,1,0.0,1
132,Parabacteroides_375288_clone,0.0,0.19633913022460087,0.31,12.406923477381811,1,0.0,1
133,Parabacteroides_375288_clone,0.0,0.19633913022460087,0.32,12.377168529802486,1,0.0,1
134,Parabacteroides_375288_clone,0.0,0.19633913022460087,0.33,12.347413582223155,1,0.0,1
135,Parabacteroides_375288_clone,0.0,0.19633913022460087,0.34,12.317658634643823,1,0.0,1
136,Parabacteroides_375288_clone,0.0,0.19633913022460087,0.35000000000000003,12.287903687064478,1,0.0,1
137,Parabacteroides_375288_clone,0.0,0.19633913022460087,0.36,12.258148739485176,1,0.0,1
138,Parabacteroides_375288_clone,0.0,0.19633913022460087,0.37,12.228393791905852,1,0.0,1
139,Parabacteroides_375288_clone,0.0,0.19633913022460087,0.38,12.198638844326528,1,0.0,1
140,Parabacteroides_375288_clone,0.0,0.19633913022460087,0.39,12.168883896747197,1,0.0,1
141,Parabacteroides_375288_clone,0.0,0.19633913022460087,0.4,12.139128949167867,1,0.0,1
142,Parabacteroides_375288_clone,0.0,0.19633913022460087,0.41000000000000003,12.109374001588556,1,0.0,1
143,Parabacteroides_375288_clone,0.0,0.19633913022460087,0.42,12.079619054009239,1,0.0,1
144,Parabacteroides_375288_clone,0.0,0.19633913022460087,0.43,12.04986410642989,1,0.0,1
145,Parabacteroides_375288_clone,0.0,0.19633913022460087,0.44,12.020109158850563,1,0.0,1
146,Parabacteroides_375288_clone,0.0,0.19633913022460087,0.45,11.990354211271242,1,0.0,1
147,Parabacteroides_375288_clone,0.0,0.19633913022460087,0.46,11.958691736568694,1,0.0,1
148,Parabacteroides_375288_clone,0.0,0.19633913022460087,0.47000000000000003,11.926659881253176,1,0.0,1
149,Parabacteroides_375288_clone,0.0,0.19633913022460087,0.48,11.894628025937685,1,0.0,1
150,Parabacteroides_375288_clone,0.0,0.19633913022460087,0.49,11.862596170622188,1,0.0,1
151,Parabacteroides_375288_clone,0.0,0.19633913022460087,0.5,11.830564315306704,1,0.0,1
152,Parabacteroides_375288_clone,0.0,0.19633913022460087,0.51,11.798532459991204,1,0.0,1
153,Parabacteroides_375288_clone,0.0,0.19633913022460087,0.52,11.76650060467573,1,0.0,1
154,Parabacteroides_375288_clone,0.0,0.19633913022460087,0.53,11.70380779913697,1,0.0,1
155,Parabacteroides_375288_clone,0.0,0.19633913022460087,0.54,11.639605996481803,1,0.0,1
156,Parabacteroides_375288_clone,0.0,0.19633913022460087,0.55,11.57067735260243,1,0.0,1
157,Parabacteroides_375288_clone,0.0,0.19633913022460087,0.56,11.501512260746956,1,0.0,1
158,Parabacteroides_375288_clone,0.0,0.19633913022460087,0.5700000000000001,11.432347168891585,1,0.0,1
159,Parabacteroides_375288_clone,0.0,0.19633913022460087,0.58,11.363182077036157,1,0.0,1
160,Parabacteroides_375288_clone,0.0,0.19633913022460087,0.59,11.288153939060564,1,0.0,1
161,Parabacteroides_375288_clone,0.0,0.19633913022460087,0.6,11.20828584115536,1,0.0,1
162,Parabacteroides_375288_clone,0.0,0.19633913022460087,0.61,11.128417743250221,1,0.0,1
163,Parabacteroides_375288_clone,0.0,0.19633913022460087,0.62,11.047392475439565,1,0.0,1
164,Parabacteroides_375288_clone,0.0,0.19633913022460087,0.63,10.964561103020497,1,0.0,1
165,Parabacteroides_375288_clone,0.0,0.19633913022460087,0.64,10.881729730601458,1,0.0,1
166,Parabacteroides_375288_clone,0.0,0.19633913022460087,0.65,10.798898358182402,1,0.0,1
167,Parabacteroides_375288_clone,0.0,0.19633913022460087,0.66,10.716066985763362,1,0.0,1
168,Parabacteroides_375288_clone,0.0,0.19633913022460087,0.67,10.633235613344286,1,0.0,1
169,Parabacteroides_375288_clone,0.0,0.19633913022460087,0.68,10.550404240925259,1,0.0,1
170,Parabacteroides_375288_clone,0.0,0.19633913022460087,0.6900000000000001,10.46185945119718,1,0.0,1
171,Parabacteroides_375288_clone,0.0,0.19633913022460087,0.7000000000000001,10.350781022349825,1,0.0,1
172,Parabacteroides_375288_clone,0.0,0.19633913022460087,0.71,10.239702593502388,1,0.0,1
173,Parabacteroides_375288_clone,0.0,0.19633913022460087,0.72,10.12862416465505,1,0.0,1
174,Parabacteroides_375288_clone,0.0,0.19633913022460087,0.73,10.01754573580764,1,0.0,1
175,Parabacteroides_375288_clone,0.0,0.19633913022460087,0.74,9.906467306960232,1,0.0,1
176,Parabacteroides_375288_clone,0.0,0.19633913022460087,0.75,9.79538887811288,1,0.0,1
177,Parabacteroides_375288_clone,0.0,0.19633913022460087,0.76,9.684310449265478,1,0.0,1
178,Parabacteroides_375288_clone,0.0,0.19633913022460087,0.77,9.573232020418095,1,0.0,1
179,Parabacteroides_375288_clone,0.0,0.19633913022460087,0.78,9.462153591570702,1,0.0,1
180,Parabacteroides_375288_clone,0.0,0.19633913022460087,0.79,9.341335223720405,1,0.0,1
181,Parabacteroides_375288_clone,0.0,0.19633913022460087,0.8,9.199081541629578,1,0.0,1
182,Parabacteroides_375288_clone,0.0,0.19633913022460087,0.81,9.050723398399976,1,0.0,1
183,Parabacteroides_375288_clone,0.0,0.19633913022460087,0.8200000000000001,8.902365255170395,1,0.0,1
184,Parabacteroides_375288_clone,0.0,0.19633913022460087,0.8300000000000001,8.75400711194074,1,0.0,1
185,Parabacteroides_375288_clone,0.0,0.19633913022460087,0.84,8.605648968711103,1,0.0,1
186,Parabacteroides_375288_clone,0.0,0.19633913022460087,0.85,8.415769042561019,1,0.0,1
187,Parabacteroides_375288_clone,0.0,0.19633913022460087,0.86,8.205379664489687,1,0.0,1
188,Parabacteroides_375288_clone,0.0,0.19633913022460087,0.87,7.993509048254568,1,0.0,1
189,Parabacteroides_375288_clone,0.0,0.19633913022460087,0.88,7.781638432019349,1,0.0,1
190,Parabacteroides_375288_clone,0.0,0.19633913022460087,0.89,7.551808792580635,1,0.0,1
191,Parabacteroides_375288_clone,0.0,0.19633913022460087,0.9,7.2411742669647365,1,0.0,1
192,Parabacteroides_375288_clone,0.0,0.19633913022460087,0.91,6.919739363681007,1,0.0,1
193,Parabacteroides_375288_clone,0.0,0.19633913022460087,0.92,6.598304460397091,1,0.0,1
194,Parabacteroides_375288_clone,0.0,0.19633913022460087,0.93,6.2768695571135,1,0.0,1
195,Parabacteroides_375288_clone,0.0,0.19633913022460087,0.9400000000000001,5.955434653829913,1,0.0,1
196,Parabacteroides_375288_clone,0.0,0.19633913022460087,0.9500000000000001,5.633999750546179,1,0.0,1
197,Parabacteroides_375288_clone,0.0,0.19633913022460087,0.96,5.312564847262395,1,0.0,1
198,Parabacteroides_375288_clone,0.0,0.19633913022460087,0.97,4.951611894173192,1,0.03398129893518442,1
199,Parabacteroides_375288_clone,0.0,0.19633913022460087,0.98,4.578681313185392,1,0.5795981162015186,1
200,Parabacteroides_375288_clone,0.0,0.19633913022460087,0.99,3.9154568204088185,1,1.200990175210563,1
201,Parabacteroides_375288_clone,0.0,0.19633913022460087,1.0,2.790452995488928,1,1.8340375827350788,1
202,Bacteroides_816,0.0005,0.2762286216653559,0.0,0.0,1,0.0,1
203,Bacteroides_816,0.0005,0.2762286216653559,0.01,1.1049144866614236,1,0.0,1
204,Bacteroides_816,0.0005,0.2762286216653559,0.02,2.209828973322847,1,0.0,1
205,Bacteroides_816,0.0005,0.2762286216653559,0.03,3.3147434599842707,1,0.0,1
206,Bacteroides_816,0.0005,0.2762286216653559,0.04,4.419657946645694,1,0.0,1
207,Bacteroides_816,0.0005,0.2762286216653559,0.05,5.524572433307117,1,0.0,1
208,Bacteroides_816,0.0005,0.2762286216653559,0.06,6.629486919968541,1,0.0,1
209,Bacteroides_816,0.0005,0.2762286216653559,0.07,7.734401406629967,1,0.0,1
210,Bacteroides_816,0.0005,0.2762286216653559,0.08,8.839315893291388,1,0.0,1
211,Bacteroides_816,0.0005,0.2762286216653559,0.09,9.944230379952812,1,0.0,1
212,Bacteroides_816,0.0005,0.2762286216653559,0.1,11.049144866614235,1,0.0,1
213,Bacteroides_816,0.0005,0.2762286216653559,0.11,12.15405935327566,1,0.0,1
214,Bacteroides_816,0.0005,0.2762286216653559,0.12,13.258973839937083,1,0.0,1
215,Bacteroides_816,0.0005,0.2762286216653559,0.13,14.363888326598506,1,0.0,1
216,Bacteroides_816,0.0005,0.2762286216653559,0.14,15.468802813259932,1,0.0,1
217,Bacteroides_816,0.0005,0.2762286216653559,0.15,15.910021186784267,1,0.0,1
218,Bacteroides_816,0.0005,0.2762286216653559,0.16,15.88914003051573,1,0.0,1
219,Bacteroides_816,0.0005,0.2762286216653559,0.17,15.868024795849742,1,0.0,1
220,Bacteroides_816,0.0005,0.2762286216653559,0.18,15.846909561183743,1,0.0,1
221,Bacteroides_816,0.0005,0.2762286216653559,0.19,15.825794326517741,1,0.0,1
222,Bacteroides_816,0.0005,0.2762286216653559,0.2,15.804679091851746,1,0.0,1
223,Bacteroides_816,0.0005,0.2762286216653559,0.21,15.783457462403739,1,0.0,1
224,Bacteroides_816,0.0005,0.2762286216653559,0.22,15.761948250931304,1,0.0,1
225,Bacteroides_816,0.0005,0.2762286216653559,0.23,15.739994331900146,1,0.0,1
226,Bacteroides_816,0.0005,0.2762286216653559,0.24,15.718007016529306,1,0.0,1
227,Bacteroides_816,0.0005,0.2762286216653559,0.25,15.696019701158496,1,0.0,1
228,Bacteroides_816,0.0005,0.2762286216653559,0.26,15.67399637941175,1,0.0,1
229,Bacteroides_816,0.0005,0.2762286216653559,0.27,15.651888664713157,1,0.0,1
230,Bacteroides_816,0.0005,0.2762286216653559,0.28,15.629217975387531,1,0.0,1
231,Bacteroides_816,0.0005,0.2762286216653559,0.29,15.602814740514981,1,0.0,1
232,Bacteroides_816,0.0005,0.2762286216653559,0.3,15.574128290734215,1,0.0,1
233,Bacteroides_816,0.0005,0.2762286216653559,0.31,15.545425961883375,1,0.0,1
234,Bacteroides_816,0.0005,0.2762286216653559,0.32,15.516717168237937,1,0.0,1
235,Bacteroides_816,0.0005,0.2762286216653559,0.33,15.48785181355373,1,0.0,1
236,Bacteroides_816,0.0005,0.2762286216653559,0.34,15.458843454280263,1,0.0,1
237,Bacteroides_816,0.0005,0.2762286216653559,0.35000000000000003,15.428831512054286,1,0.0,1
238,Bacteroides_816,0.0005,0.2762286216653559,0.36,15.398294640435624,1,0.0,1
239,Bacteroides_816,0.0005,0.2762286216653559,0.37,15.367220659097928,1,0.0,1
240,Bacteroides_816,0.0005,0.2762286216653559,0.38,15.335922669070628,1,0.0,1
241,Bacteroides_816,0.0005,0.2762286216653559,0.39,15.304624679043322,1,0.0,1
242,Bacteroides_816,0.0005,0.2762286216653559,0.4,15.273096000373865,1,0.0,1
243,Bacteroides_816,0.0005,0.2762286216653559,0.41000000000000003,15.239270840990855,1,0.0,1
244,Bacteroides_816,0.0005,0.2762286216653559,0.42,15.205005040002362,1,0.0,1
245,Bacteroides_816,0.0005,0.2762286216653559,0.43,15.17054630500487,1,0.0,1
246,Bacteroides_816,0.0005,0.2762286216653559,0.44,15.136079570540588,1,0.0,1
247,Bacteroides_816,0.0005,0.2762286216653559,0.45,15.10160199675992,1,0.0,1
248,Bacteroides_816,0.0005,0.2762286216653559,0.46,15.066030877273075,1,0.0,1
249,Bacteroides_816,0.0005,0.2762286216653559,0.47000000000000003,15.029411516590034,1,0.0,1
250,Bacteroides_816,0.0005,0.2762286216653559,0.48,14.9927345475454,1,0.0,1
251,Bacteroides_816,0.0005,0.2762286216653559,0.49,14.955916336932635,1,0.0,1
252,Bacteroides_816,0.0005,0.2762286216653559,0.5,14.918918628580766,1,0.0,1
253,Bacteroides_816,0.0005,0.2762286216653559,0.51,14.875586633304536,1,0.0,1
254,Bacteroides_816,0.0005,0.2762286216653559,0.52,14.830512456667021,1,0.0,1
255,Bacteroides_816,0.0005,0.2762286216653559,0.53,14.784863849838072,1,0.0,1
256,Bacteroides_816,0.0005,0.2762286216653559,0.54,14.738871293464378,1,0.0,1
257,Bacteroides_816,0.0005,0.2762286216653559,0.55,14.692878737090691,1,0.0,1
258,Bacteroides_816,0.0005,0.2762286216653559,0.56,14.646884552937832,1,0.0,1
259,Bacteroides_816,0.0005,0.2762286216653559,0.5700000000000001,14.60081196962982,1,0.0,1
260,Bacteroides_816,0.0005,0.2762286216653559,0.58,14.554023637927578,1,0.0,1
261,Bacteroides_816,0.0005,0.2762286216653559,0.59,14.507227109936593,1,0.0,1
262,Bacteroides_816,0.0005,0.2762286216653559,0.6,14.460430581945634,1,0.0,1
263,Bacteroides_816,0.0005,0.2762286216653559,0.61,14.413416836480721,1,0.0,1
264,Bacteroides_816,0.0005,0.2762286216653559,0.62,14.366116793237296,1,0.0,1
265,Bacteroides_816,0.0005,0.2762286216653559,0.63,14.318791577704694,1,0.0,1
266,Bacteroides_816,0.0005,0.2762286216653559,0.64,14.271401815889291,1,0.0,1
267,Bacteroides_816,0.0005,0.2762286216653559,0.65,14.223926106871282,1,0.0,1
268,Bacteroides_816,0.0005,0.2762286216653559,0.66,14.175813348411086,1,0.0,1
269,Bacteroides_816,0.0005,0.2762286216653559,0.67,14.127308388768796,1,0.0,1
270,Bacteroides_816,0.0005,0.2762286216653559,0.68,14.078529759140213,1,0.0,1
271,Bacteroides_816,0.0005,0.2762286216653559,0.6900000000000001,14.029226879487846,1,0.0,1
272,Bacteroides_816,0.0005,0.2762286216653559,0.7000000000000001,13.978365916425052,1,0.0,1
273,Bacteroides_816,0.0005,0.2762286216653559,0.71,13.926081937691169,1,0.0,1
274,Bacteroides_816,0.0005,0.2762286216653559,0.72,13.872597342213142,1,0.0,1
275,Bacteroides_816,0.0005,0.2762286216653559,0.73,13.818409989111945,1,0.0,1
276,Bacteroides_816,0.0005,0.2762286216653559,0.74,13.763608345360135,1,0.0,1
277,Bacteroides_816,0.0005,0.2762286216653559,0.75,13.708489912438072,1,0.0,1
278,Bacteroides_816,0.0005,0.2762286216653559,0.76,13.653109261134784,1,0.0,1
279,Bacteroides_816,0.0005,0.2762286216653559,0.77,13.597437841149123,1,0.0,1
280,Bacteroides_816,0.0005,0.2762286216653559,0.78,13.540740145204321,1,0.0,1
281,Bacteroides_816,0.0005,0.2762286216653559,0.79,13.473627091954185,1,0.0,1
282,Bacteroides_816,0.0005,0.2762286216653559,0.8,13.39835711516458,1,0.0,1
283,Bacteroides_816,0.0005,0.2762286216653559,0.81,13.322004478060425,1,0.0,1
284,Bacteroides_816,0.0005,0.2762286216653559,0.8200000000000001,13.231215807683672,1,0.0,1
285,Bacteroides_816,0.0005,0.2762286216653559,0.8300000000000001,13.13428232473754,1,0.0,1
286,Bacteroides_816,0.0005,0.2762286216653559,0.84,13.029922595287445,1,0.0,1
287,Bacteroides_816,0.0005,0.2762286216653559,0.85,12.921828341440534,1,0.0,1
288,Bacteroides_816,0.0005,0.2762286216653559,0.86,12.806266018194062,1,0.0,1
289,Bacteroides_816,0.0005,0.2762286216653559,0.87,12.68041721935695,1,0.0,1
290,Bacteroides_816,0.0005,0.2762286216653559,0.88,12.54158613539106,1,0.0,1
291,Bacteroides_816,0.0005,0.2762286216653559,0.89,12.402045875623797,1,0.4525106491876481,1
292,Bacteroides_816,0.0005,0.2762286216653559,0.9,12.258180834816706,1,0.7501153070790507,1
293,Bacteroides_816,0.0005,0.2762286216653559,0.91,12.099038568733711,1,1.0509141112409885,1
294,Bacteroides_816,0.0005,0.2762286216653559,0.92,11.940437282469183,1,1.3587232947427108,1
295,Bacteroides_816,0.0005,0.2762286216653559,0.93,11.594703068761206,1,1.6665324782454294,1
296,Bacteroides_816,0.0005,0.2762286216653559,0.9400000000000001,11.194545648465246,1,1.9743416617469143,1
297,Bacteroides_816,0.0005,0.2762286216653559,0.9500000000000001,10.79096866117505,1,2.2821508452482937,1
298,Bacteroides_816,0.0005,0.2762286216653559,0.96,10.159979899056928,1,2.5899600287501663,1
299,Bacteroides_816,0.0005,0.2762286216653559,0.97,9.364043783911997,1,3.045504271015903,1
300,Bacteroides_816,0.0005,0.2762286216653559,0.98,8.56810489138368,1,3.540977842771105,1
301,Bacteroides_816,0.0005,0.2762286216653559,0.99,7.481009894933167,1,4.093408559564503,1
302,Bacteroides_816,0.0005,0.2762286216653559,1.0,5.296964695175623,1,5.296890750117548,1
303,Parabacteroides_375288_clone,0.0005,0.19633913022460087,0.0,0.0,1,0.0,1
304,Parabacteroides_375288_clone,0.0005,0.19633913022460087,0.01,0.7853565208984035,1,0.0,1
305,Parabacteroides_375288_clone,0.0005,0.19633913022460087,0.02,1.570713041796807,1,0.0,1
306,Parabacteroides_375288_clone,0.0005,0.19633913022460087,0.03,2.3560695626952106,1,0.0,1
307,Parabacteroides_375288_clone,0.0005,0.19633913022460087,0.04,3.141426083593614,1,0.0,1
308,Parabacteroides_375288_clone,0.0005,0.19633913022460087,0.05,3.9267826044920175,1,0.0,1
309,Parabacteroides_375288_clone,0.0005,0.19633913022460087,0.06,4.71213912539042,1,0.0,1
310,Parabacteroides_375288_clone,0.0005,0.19633913022460087,0.07,5.497495646288825,1,0.0,1
311,Parabacteroides_375288_clone,0.0005,0.19633913022460087,0.08,6.282852167187228,1,0.0,1
312,Parabacteroides_375288_clone,0.0005,0.19633913022460087,0.09,7.068208688085631,1,0.0,1
313,Parabacteroides_375288_clone,0.0005,0.19633913022460087,0.1,7.853565208984035,1,0.0,1
314,Parabacteroides_375288_clone,0.0005,0.19633913022460087,0.11,8.638921729882439,1,0.0,1
315,Parabacteroides_375288_clone,0.0005,0.19633913022460087,0.12,9.424278250780842,1,0.0,1
316,Parabacteroides_375288_clone,0.0005,0.19633913022460087,0.13,10.209634771679244,1,0.0,1
317,Parabacteroides_375288_clone,0.0005,0.19633913022460087,0.14,10.99499129257765,1,0.0,1
318,Parabacteroides_375288_clone,0.0005,0.19633913022460087,0.15,11.780347813476052,1,0.0,1
319,Parabacteroides_375288_clone,0.0005,0.19633913022460087,0.16,12.565704334374455,1,0.0,1
320,Parabacteroides_375288_clone,0.0005,0.19633913022460087,0.17,12.823492743492377,1,0.0,1
321,Parabacteroides_375288_clone,0.0005,0.19633913022460087,0.18,12.793737795913078,1,0.0,1
322,Parabacteroides_375288_clone,0.0005,0.19633913022460087,0.19,12.763982848333729,1,0.0,1
323,Parabacteroides_375288_clone,0.0005,0.19633913022460087,0.2,12.73422790075439,1,0.0,1
324,Parabacteroides_375288_clone,0.0005,0.19633913022460087,0.21,12.704472953175078,1,0.0,1
325,Parabacteroides_375288_clone,0.0005,0.19633913022460087,0.22,12.674718005595729,1,0.0,1
326,Parabacteroides_375288_clone,0.0005,0.19633913022460087,0.23,12.644963058016419,1,0.0,1
327,Parabacteroides_375288_clone,0.0005,0.19633913022460087,0.24,12.615208110437099,1,0.0,1
328,Parabacteroides_375288_clone,0.0005,0.19633913022460087,0.25,12.585453162857693,1,0.0,1
329,Parabacteroides_375288_clone,0.0005,0.19633913022460087,0.26,12.55569821527844,1,0.0,1
330,Parabacteroides_375288_clone,0.0005,0.19633913022460087,0.27,12.52594326769914,1,0.0,1
331,Parabacteroides_375288_clone,0.0005,0.19633913022460087,0.28,12.496188320119796,1,0.0,1
332,Parabacteroides_375288_clone,0.0005,0.19633913022460087,0.29,12.466433372540477,1,0.0,1
333,Parabacteroides_375288_clone,0.0005,0.19633913022460087,0.3,12.436678424961137,1,0.0,1
334,Parabacteroides_375288_clone,0.0005,0.19633913022460087,0.31,12.406923477381811,1,0.0,1
335,Parabacteroides_375288_clone,0.0005,0.19633913022460087,0.32,12.377168529802486,1,0.0,1
336,Parabacteroides_375288_clone,0.0005,0.19633913022460087,0.33,12.347413582223155,1,0.0,1
337,Parabacteroides_375288_clone,0.0005,0.19633913022460087,0.34,12.317658634643823,1,0.0,1
338,Parabacteroides_375288_clone,0.0005,0.19633913022460087,0.35000000000000003,12.287903687064478,1,0.0,1
339,Parabacteroides_375288_clone,0.0005,0.19633913022460087,0.36,12.258148739485176,1,0.0,1
340,Parabacteroides_375288_clone,0.0005,0.19633913022460087,0.37,12.228393791905852,1,0.0,1
341,Parabacteroides_375288_clone,0.0005,0.19633913022460087,0.38,12.198638844326528,1,0.0,1
342,Parabacteroides_375288_clone,0.0005,0.19633913022460087,0.39,12.168883896747197,1,0.0,1
343,Parabacteroides_375288_clone,0.0005,0.19633913022460087,0.4,12.139128949167867,1,0.0,1
344,Parabacteroides_375288_clone,0.0005,0.19633913022460087,0.41000000000000003,12.109374001588556,1,0.0,1
345,Parabacteroides_375288_clone,0.0005,0.19633913022460087,0.42,12.079619054009239,1,0.0,1
346,Parabacteroides_375288_clone,0.0005,0.19633913022460087,0.43,12.04986410642989,1,0.0,1
347,Parabacteroides_375288_clone,0.0005,0.19633913022460087,0.44,12.020109158850563,1,0.0,1
348,Parabacteroides_375288_clone,0.0005,0.19633913022460087,0.45,11.990354211271242,1,0.0,1
349,Parabacteroides_375288_clone,0.0005,0.19633913022460087,0.46,11.958691736568694,1,0.0,1
350,Parabacteroides_375288_clone,0.0005,0.19633913022460087,0.47000000000000003,11.926659881253176,1,0.0,1
351,Parabacteroides_375288_clone,0.0005,0.19633913022460087,0.48,11.894628025937685,1,0.0,1
352,Parabacteroides_375288_clone,0.0005,0.19633913022460087,0.49,11.862596170622188,1,0.0,1
353,Parabacteroides_375288_clone,0.0005,0.19633913022460087,0.5,11.830564315306704,1,0.0,1
354,Parabacteroides_375288_clone,0.0005,0.19633913022460087,0.51,11.798532459991204,1,0.0,1
355,Parabacteroides_375288_clone,0.0005,0.19633913022460087,0.52,11.76650060467573,1,0.0,1
356,Parabacteroides_375288_clone,0.0005,0.19633913022460087,0.53,11.70380779913697,1,0.0,1
357,Parabacteroides_375288_clone,0.0005,0.19633913022460087,0.54,11.639605996481803,1,0.0,1
358,Parabacteroides_375288_clone,0.0005,0.19633913022460087,0.55,11.57067735260243,1,0.0,1
359,Parabacteroides_375288_clone,0.0005,0.19633913022460087,0.56,11.501512260746956,1,0.0,1
360,Parabacteroides_375288_clone,0.0005,0.19633913022460087,0.5700000000000001,11.432347168891585,1,0.0,1
361,Parabacteroides_375288_clone,0.0005,0.19633913022460087,0.58,11.363182077036157,1,0.0,1
362,Parabacteroides_375288_clone,0.0005,0.19633913022460087,0.59,11.288153939060564,1,0.0,1
363,Parabacteroides_375288_clone,0.0005,0.19633913022460087,0.6,11.20828584115536,1,0.0,1
364,Parabacteroides_375288_clone,0.0005,0.19633913022460087,0.61,11.128417743250221,1,0.0,1
365,Parabacteroides_375288_clone,0.0005,0.19633913022460087,0.62,11.047392475439565,1,0.0,1
366,Parabacteroides_375288_clone,0.0005,0.19633913022460087,0.63,10.964561103020497,1,0.0,1
367,Parabacteroides_375288_clone,0.0005,0.19633913022460087,0.64,10.881729730601458,1,0.0,1
368,Parabacteroides_375288_clone,0.0005,0.19633913022460087,0.65,10.798898358182402,1,0.0,1
369,Parabacteroides_375288_clone,0.0005,0.19633913022460087,0.66,10.716066985763362,1,0.0,1
370,Parabacteroides_375288_clone,0.0005,0.19633913022460087,0.67,10.633235613344286,1,0.0,1
371,Parabacteroides_375288_clone,0.0005,0.19633913022460087,0.68,10.550404240925259,1,0.0,1
372,Parabacteroides_375288_clone,0.0005,0.19633913022460087,0.6900000000000001,10.46185945119718,1,0.0,1
373,Parabacteroides_375288_clone,0.0005,0.19633913022460087,0.7000000000000001,10.350781022349825,1,0.0,1
374,Parabacteroides_375288_clone,0.0005,0.19633913022460087,0.71,10.239702593502388,1,0.0,1
375,Parabacteroides_375288_clone,0.0005,0.19633913022460087,0.72,10.12862416465505,1,0.0,1
376,Parabacteroides_375288_clone,0.0005,0.19633913022460087,0.73,10.01754573580764,1,0.0,1
377,Parabacteroides_375288_clone,0.0005,0.19633913022460087,0.74,9.906467306960232,1,0.0,1
378,Parabacteroides_375288_clone,0.0005,0.19633913022460087,0.75,9.79538887811288,1,0.0,1
379,Parabacteroides_375288_clone,0.0005,0.19633913022460087,0.76,9.684310449265478,1,0.0,1
380,Parabacteroides_375288_clone,0.0005,0.19633913022460087,0.77,9.573232020418095,1,0.0,1
381,Parabacteroides_375288_clone,0.0005,0.19633913022460087,0.78,9.462153591570702,1,0.0,1
382,Parabacteroides_375288_clone,0.0005,0.19633913022460087,0.79,9.341335223720405,1,0.0,1
383,Parabacteroides_375288_clone,0.0005,0.19633913022460087,0.8,9.199081541629578,1,0.0,1
384,Parabacteroides_375288_clone,0.0005,0.19633913022460087,0.81,9.050723398399976,1,0.0,1
385,Parabacteroides_375288_clone,0.0005,0.19633913022460087,0.8200000000000001,8.902365255170395,1,0.0,1
386,Parabacteroides_375288_clone,0.0005,0.19633913022460087,0.8300000000000001,8.75400711194074,1,0.0,1
387,Parabacteroides_375288_clone,0.0005,0.19633913022460087,0.84,8.605648968711103,1,0.0,1
388,Parabacteroides_375288_clone,0.0005,0.19633913022460087,0.85,8.415769042561019,1,0.0,1
389,Parabacteroides_375288_clone,0.0005,0.19633913022460087,0.86,8.205379664489687,1,0.0,1
390,Parabacteroides_375288_clone,0.0005,0.19633913022460087,0.87,7.993509048254568,1,0.0,1
391,Parabacteroides_375288_clone,0.0005,0.19633913022460087,0.88,7.781638432019349,1,0.0,1
392,Parabacteroides_375288_clone,0.0005,0.19633913022460087,0.89,7.551808792580635,1,0.0,1
393,Parabacteroides_375288_clone,0.0005,0.19633913022460087,0.9,7.2411742669647365,1,0.0,1
394,Parabacteroides_375288_clone,0.0005,0.19633913022460087,0.91,6.919739363681007,1,0.0,1
395,Parabacteroides_375288_clone,0.0005,0.19633913022460087,0.92,6.598304460397091,1,0.0,1
396,Parabacteroides_375288_clone,0.0005,0.19633913022460087,0.93,6.2768695571135,1,0.0,1
397,Parabacteroides_375288_clone,0.0005,0.19633913022460087,0.9400000000000001,5.955434653829913,1,0.0,1
398,Parabacteroides_375288_clone,0.0005,0.19633913022460087,0.9500000000000001,5.633999750546179,1,0.0,1
399,Parabacteroides_375288_clone,0.0005,0.19633913022460087,0.96,5.312564847262395,1,0.0,1
400,Parabacteroides_375288_clone,0.0005,0.19633913022460087,0.97,4.951611894173192,1,0.03398129893518442,1
401,Parabacteroides_375288_clone,0.0005,0.19633913022460087,0.98,4.578681313185392,1,0.5795981162015186,1
402,Parabacteroides_375288_clone,0.0005,0.19633913022460087,0.99,3.9154568204088185,1,1.200990175210563,1
403,Parabacteroides_375288_clone,0.0005,0.19633913022460087,1.0,2.790452995488928,1,1.8340375827350788,1
404,Bacteroides_816,0.001,0.2777413035988789,0.0,0.0,1,0.0,1
405,Bacteroides_816,0.001,0.2777413035988789,0.01,1.1109652143955155,1,0.0,1
406,Bacteroides_816,0.001,0.2777413035988789,0.02,2.221930428791031,1,0.0,1
407,Bacteroides_816,0.001,0.2777413035988789,0.03,3.332895643186547,1,0.0,1
408,Bacteroides_816,0.001,0.2777413035988789,0.04,4.443860857582062,1,0.0,1
409,Bacteroides_816,0.001,0.2777413035988789,0.05,5.554826071977578,1,0.0,1
410,Bacteroides_816,0.001,0.2777413035988789,0.06,6.665791286373094,1,0.0,1
411,Bacteroides_816,0.001,0.2777413035988789,0.07,7.7767565007686095,1,0.0,1
412,Bacteroides_816,0.001,0.2777413035988789,0.08,8.887721715164124,1,0.0,1
413,Bacteroides_816,0.001,0.2777413035988789,0.09,9.99868692955964,1,0.0,1
414,Bacteroides_816,0.001,0.2777413035988789,0.1,11.109652143955156,1,0.0,1
415,Bacteroides_816,0.001,0.2777413035988789,0.11,12.220617358350673,1,0.0,1
416,Bacteroides_816,0.001,0.2777413035988789,0.12,13.331582572746187,1,0.0,1
417,Bacteroides_816,0.001,0.2777413035988789,0.13,14.442547787141702,1,0.0,1
418,Bacteroides_816,0.001,0.2777413035988789,0.14,15.553513001537219,1,0.0,1
419,Bacteroides_816,0.001,0.2777413035988789,0.15,15.932771501127794,1,0.0,1
420,Bacteroides_816,0.001,0.2777413035988789,0.16,15.911540635308846,1,0.0,1
421,Bacteroides_816,0.001,0.2777413035988789,0.17,15.89030976948992,1,0.0,1
422,Bacteroides_816,0.001,0.2777413035988789,0.18,15.869078903670964,1,0.0,1
423,Bacteroides_816,0.001,0.2777413035988789,0.19,15.847848037852003,1,0.0,1
424,Bacteroides_816,0.001,0.2777413035988789,0.2,15.82661717203306,1,0.0,1
425,Bacteroides_816,0.001,0.2777413035988789,0.21,15.805380136293673,1,0.0,1
426,Bacteroides_816,0.001,0.2777413035988789,0.22,15.78394729922817,1,0.0,1
427,Bacteroides_816,0.001,0.2777413035988789,0.23,15.762086500201601,1,0.0,1
428,Bacteroides_816,0.001,0.2777413035988789,0.24,15.739984230222248,1,0.0,1
429,Bacteroides_816,0.001,0.2777413035988789,0.25,15.717876508014033,1,0.0,1
430,Bacteroides_816,0.001,0.2777413035988789,0.26,15.695741693408568,1,0.0,1
431,Bacteroides_816,0.001,0.2777413035988789,0.27,15.6735590478616,1,0.0,1
432,Bacteroides_816,0.001,0.2777413035988789,0.28,15.65133026699538,1,0.0,1
433,Bacteroides_816,0.001,0.2777413035988789,0.29,15.627376434271246,1,0.0,1
434,Bacteroides_816,0.001,0.2777413035988789,0.3,15.599522155316452,1,0.0,1
435,Bacteroides_816,0.001,0.2777413035988789,0.31,15.570673596698304,1,0.0,1
436,Bacteroides_816,0.001,0.2777413035988789,0.32,15.541804278956157,1,0.0,1
437,Bacteroides_816,0.001,0.2777413035988789,0.33,15.512744647183254,1,0.0,1
438,Bacteroides_816,0.001,0.2777413035988789,0.34,15.483555737053937,1,0.0,1
439,Bacteroides_816,0.001,0.2777413035988789,0.35000000000000003,15.45394827043818,1,0.0,1
440,Bacteroides_816,0.001,0.2777413035988789,0.36,15.423267263877943,1,0.0,1
441,Bacteroides_816,0.001,0.2777413035988789,0.37,15.392538922279869,1,0.0,1
442,Bacteroides_816,0.001,0.2777413035988789,0.38,15.36118338007769,1,0.0,1
443,Bacteroides_816,0.001,0.2777413035988789,0.39,15.329723037815292,1,0.0,1
444,Bacteroides_816,0.001,0.2777413035988789,0.4,15.298216750076625,1,0.0,1
445,Bacteroides_816,0.001,0.2777413035988789,0.41000000000000003,15.264941624618377,1,0.0,1
446,Bacteroides_816,0.001,0.2777413035988789,0.42,15.230386322164424,1,0.0,1
447,Bacteroides_816,0.001,0.2777413035988789,0.43,15.19578837139062,1,0.0,1
448,Bacteroides_816,0.001,0.2777413035988789,0.44,15.161178881791047,1,0.0,1
449,Bacteroides_816,0.001,0.2777413035988789,0.45,15.126493340035477,1,0.0,1
450,Bacteroides_816,0.001,0.2777413035988789,0.46,15.09138645611923,1,0.0,1
451,Bacteroides_816,0.001,0.2777413035988789,0.47000000000000003,15.054870410357687,1,0.0,1
452,Bacteroides_816,0.001,0.2777413035988789,0.48,15.01827055716768,1,0.0,1
453,Bacteroides_816,0.001,0.2777413035988789,0.49,14.981462755384403,1,0.0,1
454,Bacteroides_816,0.001,0.2777413035988789,0.5,14.944374509229242,1,0.0,1
455,Bacteroides_816,0.001,0.2777413035988789,0.51,14.901431368826938,1,0.0,1
456,Bacteroides_816,0.001,0.2777413035988789,0.52,14.856040889239656,1,0.0,1
457,Bacteroides_816,0.001,0.2777413035988789,0.53,14.810350680696299,1,0.0,1
458,Bacteroides_816,0.001,0.2777413035988789,0.54,14.764173873209153,1,0.0,1
459,Bacteroides_816,0.001,0.2777413035988789,0.55,14.717929452605429,1,0.0,1
460,Bacteroides_816,0.001,0.2777413035988789,0.56,14.671481153845686,1,0.0,1
461,Bacteroides_816,0.001,0.2777413035988789,0.5700000000000001,14.624623374110588,1,0.0,1
462,Bacteroides_816,0.001,0.2777413035988789,0.58,14.57760218531875,1,0.0,1
463,Bacteroides_816,0.001,0.2777413035988789,0.59,14.530580996526858,1,0.0,1
464,Bacteroides_816,0.001,0.2777413035988789,0.6,14.483546928821335,1,0.0,1
465,Bacteroides_816,0.001,0.2777413035988789,0.61,14.436357020602518,1,0.0,1
466,Bacteroides_816,0.001,0.2777413035988789,0.62,14.388801131222793,1,0.0,1
467,Bacteroides_816,0.001,0.2777413035988789,0.63,14.341245241843133,1,0.0,1
468,Bacteroides_816,0.001,0.2777413035988789,0.64,14.293643712909551,1,0.0,1
469,Bacteroides_816,0.001,0.2777413035988789,0.65,14.245958290058946,1,0.0,1
470,Bacteroides_816,0.001,0.2777413035988789,0.66,14.197501212008685,1,0.0,1
471,Bacteroides_816,0.001,0.2777413035988789,0.67,14.148772431220703,1,0.0,1
472,Bacteroides_816,0.001,0.2777413035988789,0.68,14.09972617108516,1,0.0,1
473,Bacteroides_816,0.001,0.2777413035988789,0.6900000000000001,14.050281637475031,1,0.0,1
474,Bacteroides_816,0.001,0.2777413035988789,0.7000000000000001,13.998856964597895,1,0.0,1
475,Bacteroides_816,0.001,0.2777413035988789,0.71,13.947156947900847,1,0.0,1
476,Bacteroides_816,0.001,0.2777413035988789,0.72,13.893922743468371,1,0.0,1
477,Bacteroides_816,0.001,0.2777413035988789,0.73,13.840788331855602,1,0.0,1
478,Bacteroides_816,0.001,0.2777413035988789,0.74,13.78634611341348,1,0.0,1
479,Bacteroides_816,0.001,0.2777413035988789,0.75,13.731394856327901,1,0.0,1
480,Bacteroides_816,0.001,0.2777413035988789,0.76,13.675719283509093,1,0.0,1
481,Bacteroides_816,0.001,0.2777413035988789,0.77,13.620021819389246,1,0.0,1
482,Bacteroides_816,0.001,0.2777413035988789,0.78,13.563070746092334,1,0.0,1
483,Bacteroides_816,0.001,0.2777413035988789,0.79,13.497324712267273,1,0.0,1
484,Bacteroides_816,0.001,0.2777413035988789,0.8,13.422099550123471,1,0.0,1
485,Bacteroides_816,0.001,0.2777413035988789,0.81,13.345510199175912,1,0.0,1
486,Bacteroides_816,0.001,0.2777413035988789,0.8200000000000001,13.25767666369656,1,0.0,1
487,Bacteroides_816,0.001,0.2777413035988789,0.8300000000000001,13.161839646515519,1,0.0,1
488,Bacteroides_816,0.001,0.2777413035988789,0.84,13.059147558906853,1,0.0,1
489,Bacteroides_816,0.001,0.2777413035988789,0.85,12.951269010604065,1,0.0,1
490,Bacteroides_816,0.001,0.2777413035988789,0.86,12.836214366909047,1,0.0,1
491,Bacteroides_816,0.001,0.2777413035988789,0.87,12.712298867102685,1,0.0,1
492,Bacteroides_816,0.001,0.2777413035988789,0.88,12.57458952565996,1,0.0,1
493,Bacteroides_816,0.001,0.2777413035988789,0.89,12.433527994685546,1,0.4617988163959692,1
494,Bacteroides_816,0.001,0.2777413035988789,0.9,12.289547269908082,1,0.7610332155741554,1
495,Bacteroides_816,0.001,0.2777413035988789,0.91,12.130654154506471,1,1.0629241603471113,1
496,Bacteroides_816,0.001,0.2777413035988789,0.92,11.971290515279454,1,1.3724189671133047,1
497,Bacteroides_816,0.001,0.2777413035988789,0.93,11.632251046169069,1,1.6819137738783794,1
498,Bacteroides_816,0.001,0.2777413035988789,0.9400000000000001,11.229319335018522,1,1.991408580644789,1
499,Bacteroides_816,0.001,0.2777413035988789,0.9500000000000001,10.823629730704608,1,2.300903387410351,1
500,Bacteroides_816,0.001,0.2777413035988789,0.96,10.19563322746334,1,2.610398194175957,1
501,Bacteroides_816,0.001,0.2777413035988789,0.97,9.39497011712862,1,3.0640490624234644,1
502,Bacteroides_816,0.001,0.2777413035988789,0.98,8.596077824781942,1,3.5622359443193528,1
503,Bacteroides_816,0.001,0.2777413035988789,0.99,7.501805900847613,1,4.112308394075448,1
504,Bacteroides_816,0.001,0.2777413035988789,1.0,5.322972667079457,1,5.323891176665421,1
505,Parabacteroides_375288_clone,0.001,0.19633913022460087,0.0,0.0,1,0.0,1
506,Parabacteroides_375288_clone,0.001,0.19633913022460087,0.01,0.7853565208984035,1,0.0,1
507,Parabacteroides_375288_clone,0.001,0.19633913022460087,0.02,1.570713041796807,1,0.0,1
508,Parabacteroides_375288_clone,0.001,0.19633913022460087,0.03,2.3560695626952106,1,0.0,1
509,Parabacteroides_375288_clone,0.001,0.19633913022460087,0.04,3.141426083593614,1,0.0,1
510,Parabacteroides_375288_clone,0.001,0.19633913022460087,0.05,3.9267826044920175,1,0.0,1
511,Parabacteroides_375288_clone,0.001,0.19633913022460087,0.06,4.71213912539042,1,0.0,1
512,Parabacteroides_375288_clone,0.001,0.19633913022460087,0.07,5.497495646288825,1,0.0,1
513,Parabacteroides_375288_clone,0.001,0.19633913022460087,0.08,6.282852167187228,1,0.0,1
514,Parabacteroides_375288_clone,0.001,0.19633913022460087,0.09,7.068208688085631,1,0.0,1
515,Parabacteroides_375288_clone,0.001,0.19633913022460087,0.1,7.853565208984035,1,0.0,1
516,Parabacteroides_375288_clone,0.001,0.19633913022460087,0.11,8.638921729882439,1,0.0,1
517,Parabacteroides_375288_clone,0.001,0.19633913022460087,0.12,9.424278250780842,1,0.0,1
518,Parabacteroides_375288_clone,0.001,0.19633913022460087,0.13,10.209634771679244,1,0.0,1
519,Parabacteroides_375288_clone,0.001,0.19633913022460087,0.14,10.99499129257765,1,0.0,1
520,Parabacteroides_375288_clone,0.001,0.19633913022460087,0.15,11.780347813476052,1,0.0,1
521,Parabacteroides_375288_clone,0.001,0.19633913022460087,0.16,12.565704334374455,1,0.0,1
522,Parabacteroides_375288_clone,0.001,0.19633913022460087,0.17,12.823492743492377,1,0.0,1
523,Parabacteroides_375288_clone,0.001,0.19633913022460087,0.18,12.793737795913078,1,0.0,1
524,Parabacteroides_375288_clone,0.001,0.19633913022460087,0.19,12.763982848333729,1,0.0,1
525,Parabacteroides_375288_clone,0.001,0.19633913022460087,0.2,12.73422790075439,1,0.0,1
526,Parabacteroides_375288_clone,0.001,0.19633913022460087,0.21,12.704472953175078,1,0.0,1
527,Parabacteroides_375288_clone,0.001,0.19633913022460087,0.22,12.674718005595729,1,0.0,1
528,Parabacteroides_375288_clone,0.001,0.19633913022460087,0.23,12.644963058016419,1,0.0,1
529,Parabacteroides_375288_clone,0.001,0.19633913022460087,0.24,12.615208110437099,1,0.0,1
530,Parabacteroides_375288_clone,0.001,0.19633913022460087,0.25,12.585453162857693,1,0.0,1
531,Parabacteroides_375288_clone,0.001,0.19633913022460087,0.26,12.55569821527844,1,0.0,1
532,Parabacteroides_375288_clone,0.001,0.19633913022460087,0.27,12.52594326769914,1,0.0,1
533,Parabacteroides_375288_clone,0.001,0.19633913022460087,0.28,12.496188320119796,1,0.0,1
534,Parabacteroides_375288_clone,0.001,0.19633913022460087,0.29,12.466433372540477,1,0.0,1
535,Parabacteroides_375288_clone,0.001,0.19633913022460087,0.3,12.436678424961137,1,0.0,1
536,Parabacteroides_375288_clone,0.001,0.19633913022460087,0.31,12.406923477381811,1,0.0,1
537,Parabacteroides_375288_clone,0.001,0.19633913022460087,0.32,12.377168529802486,1,0.0,1
538,Parabacteroides_375288_clone,0.001,0.19633913022460087,0.33,12.347413582223155,1,0.0,1
539,Parabacteroides_375288_clone,0.001,0.19633913022460087,0.34,12.317658634643823,1,0.0,1
540,Parabacteroides_375288_clone,0.001,0.19633913022460087,0.35000000000000003,12.287903687064478,1,0.0,1
541,Parabacteroides_375288_clone,0.001,0.19633913022460087,0.36,12.258148739485176,1,0.0,1
542,Parabacteroides_375288_clone,0.001,0.19633913022460087,0.37,12.228393791905852,1,0.0,1
543,Parabacteroides_375288_clone,0.001,0.19633913022460087,0.38,12.198638844326528,1,0.0,1
544,Parabacteroides_375288_clone,0.001,0.19633913022460087,0.39,12.168883896747197,1,0.0,1
545,Parabacteroides_375288_clone,0.001,0.19633913022460087,0.4,12.139128949167867,1,0.0,1
546,Parabacteroides_375288_clone,0.001,0.19633913022460087,0.41000000000000003,12.109374001588556,1,0.0,1
547,Parabacteroides_375288_clone,0.001,0.19633913022460087,0.42,12.079619054009239,1,0.0,1
548,Parabacteroides_375288_clone,0.001,0.19633913022460087,0.43,12.04986410642989,1,0.0,1
549,Parabacteroides_375288_clone,0.001,0.19633913022460087,0.44,12.020109158850563,1,0.0,1
550,Parabacteroides_375288_clone,0.001,0.19633913022460087,0.45,11.990354211271242,1,0.0,1
551,Parabacteroides_375288_clone,0.001,0.19633913022460087,0.46,11.958691736568694,1,0.0,1
552,Parabacteroides_375288_clone,0.001,0.19633913022460087,0.47000000000000003,11.926659881253176,1,0.0,1
553,Parabacteroides_375288_clone,0.001,0.19633913022460087,0.48,11.894628025937685,1,0.0,1
554,Parabacteroides_375288_clone,0.001,0.19633913022460087,0.49,11.862596170622188,1,0.0,1
555,Parabacteroides_375288_clone,0.001,0.19633913022460087,0.5,11.830564315306704,1,0.0,1
556,Parabacteroides_375288_clone,0.001,0.19633913022460087,0.51,11.798532459991204,1,0.0,1
557,Parabacteroides_375288_clone,0.001,0.19633913022460087,0.52,11.76650060467573,1,0.0,1
558,Parabacteroides_375288_clone,0.001,0.19633913022460087,0.53,11.70380779913697,1,0.0,1
559,Parabacteroides_375288_clone,0.001,0.19633913022460087,0.54,11.639605996481803,1,0.0,1
560,Parabacteroides_375288_clone,0.001,0.19633913022460087,0.55,11.57067735260243,1,0.0,1
561,Parabacteroides_375288_clone,0.001,0.19633913022460087,0.56,11.501512260746956,1,0.0,1
562,Parabacteroides_375288_clone,0.001,0.19633913022460087,0.5700000000000001,11.432347168891585,1,0.0,1
563,Parabacteroides_375288_clone,0.001,0.19633913022460087,0.58,11.363182077036157,1,0.0,1
564,Parabacteroides_375288_clone,0.001,0.19633913022460087,0.59,11.288153939060564,1,0.0,1
565,Parabacteroides_375288_clone,0.001,0.19633913022460087,0.6,11.20828584115536,1,0.0,1
566,Parabacteroides_375288_clone,0.001,0.19633913022460087,0.61,11.128417743250221,1,0.0,1
567,Parabacteroides_375288_clone,0.001,0.19633913022460087,0.62,11.047392475439565,1,0.0,1
568,Parabacteroides_375288_clone,0.001,0.19633913022460087,0.63,10.964561103020497,1,0.0,1
569,Parabacteroides_375288_clone,0.001,0.19633913022460087,0.64,10.881729730601458,1,0.0,1
570,Parabacteroides_375288_clone,0.001,0.19633913022460087,0.65,10.798898358182402,1,0.0,1
571,Parabacteroides_375288_clone,0.001,0.19633913022460087,0.66,10.716066985763362,1,0.0,1
572,Parabacteroides_375288_clone,0.001,0.19633913022460087,0.67,10.633235613344286,1,0.0,1
573,Parabacteroides_375288_clone,0.001,0.19633913022460087,0.68,10.550404240925259,1,0.0,1
574,Parabacteroides_375288_clone,0.001,0.19633913022460087,0.6900000000000001,10.46185945119718,1,0.0,1
575,Parabacteroides_375288_clone,0.001,0.19633913022460087,0.7000000000000001,10.350781022349825,1,0.0,1
576,Parabacteroides_375288_clone,0.001,0.19633913022460087,0.71,10.239702593502388,1,0.0,1
577,Parabacteroides_375288_clone,0.001,0.19633913022460087,0.72,10.12862416465505,1,0.0,1
578,Parabacteroides_375288_clone,0.001,0.19633913022460087,0.73,10.01754573580764,1,0.0,1
579,Parabacteroides_375288_clone,0.001,0.19633913022460087,0.74,9.906467306960232,1,0.0,1
580,Parabacteroides_375288_clone,0.001,0.19633913022460087,0.75,9.79538887811288,1,0.0,1
581,Parabacteroides_375288_clone,0.001,0.19633913022460087,0.76,9.684310449265478,1,0.0,1
582,Parabacteroides_375288_clone,0.001,0.19633913022460087,0.77,9.573232020418095,1,0.0,1
583,Parabacteroides_375288_clone,0.001,0.19633913022460087,0.78,9.462153591570702,1,0.0,1
584,Parabacteroides_375288_clone,0.001,0.19633913022460087,0.79,9.341335223720405,1,0.0,1
585,Parabacteroides_375288_clone,0.001,0.19633913022460087,0.8,9.199081541629578,1,0.0,1
586,Parabacteroides_375288_clone,0.001,0.19633913022460087,0.81,9.050723398399976,1,0.0,1
587,Parabacteroides_375288_clone,0.001,0.19633913022460087,0.8200000000000001,8.902365255170395,1,0.0,1
588,Parabacteroides_375288_clone,0.001,0.19633913022460087,0.8300000000000001,8.75400711194074,1,0.0,1
589,Parabacteroides_375288_clone,0.001,0.19633913022460087,0.84,8.605648968711103,1,0.0,1
590,Parabacteroides_375288_clone,0.001,0.19633913022460087,0.85,8.415769042561019,1,0.0,1
591,Parabacteroides_375288_clone,0.001,0.19633913022460087,0.86,8.205379664489687,1,0.0,1
592,Parabacteroides_375288_clone,0.001,0.19633913022460087,0.87,7.993509048254568,1,0.0,1
593,Parabacteroides_375288_clone,0.001,0.19633913022460087,0.88,7.781638432019349,1,0.0,1
594,Parabacteroides_375288_clone,0.001,0.19633913022460087,0.89,7.551808792580635,1,0.0,1
595,Parabacteroides_375288_clone,0.001,0.19633913022460087,0.9,7.2411742669647365,1,0.0,1
596,Parabacteroides_375288_clone,0.001,0.19633913022460087,0.91,6.919739363681007,1,0.0,1
597,Parabacteroides_375288_clone,0.001,0.19633913022460087,0.92,6.598304460397091,1,0.0,1
598,Parabacteroides_375288_clone,0.001,0.19633913022460087,0.93,6.2768695571135,1,0.0,1
599,Parabacteroides_375288_clone,0.001,0.19633913022460087,0.9400000000000001,5.955434653829913,1,0.0,1
600,Parabacteroides_375288_clone,0.001,0.19633913022460087,0.9500000000000001,5.633999750546179,1,0.0,1
601,Parabacteroides_375288_clone,0.001,0.19633913022460087,0.96,5.312564847262395,1,0.0,1
602,Parabacteroides_375288_clone,0.001,0.19633913022460087,0.97,4.951611894173192,1,0.03398129893518442,1
603,Parabacteroides_375288_clone,0.001,0.19633913022460087,0.98,4.578681313185392,1,0.5795981162015186,1
604,Parabacteroides_375288_clone,0.001,0.19633913022460087,0.99,3.9154568204088185,1,1.200990175210563,1
605,Parabacteroides_375288_clone,0.001,0.19633913022460087,1.0,2.790452995488928,1,1.8340375827350788,1
606,Bacteroides_816,0.005,0.28858596996432695,0.0,0.0,1,0.0,1
607,Bacteroides_816,0.005,0.28858596996432695,0.01,1.1543438798573078,1,0.0,1
608,Bacteroides_816,0.005,0.28858596996432695,0.02,2.3086877597146156,1,0.0,1
609,Bacteroides_816,0.005,0.28858596996432695,0.03,3.463031639571923,1,0.0,1
610,Bacteroides_816,0.005,0.28858596996432695,0.04,4.617375519429231,1,0.0,1
611,Bacteroides_816,0.005,0.28858596996432695,0.05,5.771719399286539,1,0.0,1
612,Bacteroides_816,0.005,0.28858596996432695,0.06,6.926063279143846,1,0.0,1
613,Bacteroides_816,0.005,0.28858596996432695,0.07,8.080407159001156,1,0.0,1
614,Bacteroides_816,0.005,0.28858596996432695,0.08,9.234751038858462,1,0.0,1
615,Bacteroides_816,0.005,0.28858596996432695,0.09,10.38909491871577,1,0.0,1
616,Bacteroides_816,0.005,0.28858596996432695,0.1,11.543438798573078,1,0.0,1
617,Bacteroides_816,0.005,0.28858596996432695,0.11,12.697782678430386,1,0.0,1
618,Bacteroides_816,0.005,0.28858596996432695,0.12,13.852126558287692,1,0.0,1
619,Bacteroides_816,0.005,0.28858596996432695,0.13,15.006470438145003,1,0.0,1
620,Bacteroides_816,0.005,0.28858596996432695,0.14,16.136402289473438,1,0.0,1
621,Bacteroides_816,0.005,0.28858596996432695,0.15,16.11434244484047,1,0.0,1
622,Bacteroides_816,0.005,0.28858596996432695,0.16,16.092282600207533,1,0.0,1
623,Bacteroides_816,0.005,0.28858596996432695,0.17,16.070222755574576,1,0.0,1
624,Bacteroides_816,0.005,0.28858596996432695,0.18,16.048162910941624,1,0.0,1
625,Bacteroides_816,0.005,0.28858596996432695,0.19,16.026103066308682,1,0.0,1
626,Bacteroides_816,0.005,0.28858596996432695,0.2,16.00404322167573,1,0.0,1
627,Bacteroides_816,0.005,0.28858596996432695,0.21,15.981983377042784,1,0.0,1
628,Bacteroides_816,0.005,0.28858596996432695,0.22,15.959923532409725,1,0.0,1
629,Bacteroides_816,0.005,0.28858596996432695,0.23,15.937863687776902,1,0.0,1
630,Bacteroides_816,0.005,0.28858596996432695,0.24,15.915803843143944,1,0.0,1
631,Bacteroides_816,0.005,0.28858596996432695,0.25,15.893719390345684,1,0.0,1
632,Bacteroides_816,0.005,0.28858596996432695,0.26,15.871358517002694,1,0.0,1
633,Bacteroides_816,0.005,0.28858596996432695,0.27,15.848739238427285,1,0.0,1
634,Bacteroides_816,0.005,0.28858596996432695,0.28,15.826066509878157,1,0.0,1
635,Bacteroides_816,0.005,0.28858596996432695,0.29,15.80313939253044,1,0.0,1
636,Bacteroides_816,0.005,0.28858596996432695,0.3,15.780097320481929,1,0.0,1
637,Bacteroides_816,0.005,0.28858596996432695,0.31,15.757052260412149,1,0.0,1
638,Bacteroides_816,0.005,0.28858596996432695,0.32,15.734003609107734,1,0.0,1
639,Bacteroides_816,0.005,0.28858596996432695,0.33,15.710952719871884,1,0.0,1
640,Bacteroides_816,0.005,0.28858596996432695,0.34,15.6849132326583,1,0.0,1
641,Bacteroides_816,0.005,0.28858596996432695,0.35000000000000003,15.654311439892483,1,0.0,1
642,Bacteroides_816,0.005,0.28858596996432695,0.36,15.623535916510583,1,0.0,1
643,Bacteroides_816,0.005,0.28858596996432695,0.37,15.592735941239907,1,0.0,1
644,Bacteroides_816,0.005,0.28858596996432695,0.38,15.561670417344045,1,0.0,1
645,Bacteroides_816,0.005,0.28858596996432695,0.39,15.52986273915026,1,0.0,1
646,Bacteroides_816,0.005,0.28858596996432695,0.4,15.497357847085725,1,0.0,1
647,Bacteroides_816,0.005,0.28858596996432695,0.41000000000000003,15.46482787962172,1,0.0,1
648,Bacteroides_816,0.005,0.28858596996432695,0.42,15.43228100741188,1,0.0,1
649,Bacteroides_816,0.005,0.28858596996432695,0.43,15.399734063303832,1,0.0,1
650,Bacteroides_816,0.005,0.28858596996432695,0.44,15.364740936278382,1,0.0,1
651,Bacteroides_816,0.005,0.28858596996432695,0.45,15.328438926654165,1,0.0,1
652,Bacteroides_816,0.005,0.28858596996432695,0.46,15.292117791299063,1,0.0,1
653,Bacteroides_816,0.005,0.28858596996432695,0.47000000000000003,15.255693306344845,1,0.0,1
654,Bacteroides_816,0.005,0.28858596996432695,0.48,15.21917853436475,1,0.0,1
655,Bacteroides_816,0.005,0.28858596996432695,0.49,15.182066960551166,1,0.0,1
656,Bacteroides_816,0.005,0.28858596996432695,0.5,15.142155604086378,1,0.0,1
657,Bacteroides_816,0.005,0.28858596996432695,0.51,15.099280870115791,1,0.0,1
658,Bacteroides_816,0.005,0.28858596996432695,0.52,15.054309155215602,1,0.0,1
659,Bacteroides_816,0.005,0.28858596996432695,0.53,15.008047996937885,1,0.0,1
660,Bacteroides_816,0.005,0.28858596996432695,0.54,14.960919440078783,1,0.0,1
661,Bacteroides_816,0.005,0.28858596996432695,0.55,14.913110634186653,1,0.0,1
662,Bacteroides_816,0.005,0.28858596996432695,0.56,14.86502805660832,1,0.0,1
663,Bacteroides_816,0.005,0.28858596996432695,0.5700000000000001,14.816612786368315,1,0.0,1
664,Bacteroides_816,0.005,0.28858596996432695,0.58,14.768059731191673,1,0.0,1
665,Bacteroides_816,0.005,0.28858596996432695,0.59,14.719487323001342,1,0.0,1
666,Bacteroides_816,0.005,0.28858596996432695,0.6,14.67019035246079,1,0.0,1
667,Bacteroides_816,0.005,0.28858596996432695,0.61,14.620441619659484,1,0.0,1
668,Bacteroides_816,0.005,0.28858596996432695,0.62,14.570692886858357,1,0.0,1
669,Bacteroides_816,0.005,0.28858596996432695,0.63,14.520624056257482,1,0.0,1
670,Bacteroides_816,0.005,0.28858596996432695,0.64,14.470353305636076,1,0.0,1
671,Bacteroides_816,0.005,0.28858596996432695,0.65,14.419828723556147,1,0.0,1
672,Bacteroides_816,0.005,0.28858596996432695,0.66,14.369188891416995,1,0.0,1
673,Bacteroides_816,0.005,0.28858596996432695,0.67,14.31850879763488,1,0.0,1
674,Bacteroides_816,0.005,0.28858596996432695,0.68,14.26752203621798,1,0.0,1
675,Bacteroides_816,0.005,0.28858596996432695,0.6900000000000001,14.215403405733085,1,0.0,1
676,Bacteroides_816,0.005,0.28858596996432695,0.7000000000000001,14.163127424953803,1,0.0,1
677,Bacteroides_816,0.005,0.28858596996432695,0.71,14.109924038088993,1,0.0,1
678,Bacteroides_816,0.005,0.28858596996432695,0.72,14.056408583743348,1,0.0,1
679,Bacteroides_816,0.005,0.28858596996432695,0.73,14.00284041038698,1,0.0,1
680,Bacteroides_816,0.005,0.28858596996432695,0.74,13.948698435968371,1,0.0,1
681,Bacteroides_816,0.005,0.28858596996432695,0.75,13.893586696815888,1,0.0,1
682,Bacteroides_816,0.005,0.28858596996432695,0.76,13.838080051292263,1,0.0,1
683,Bacteroides_816,0.005,0.28858596996432695,0.77,13.781392709578682,1,0.0,1
684,Bacteroides_816,0.005,0.28858596996432695,0.78,13.724340575862922,1,0.0,1
685,Bacteroides_816,0.005,0.28858596996432695,0.79,13.658398882127198,1,0.0,1
686,Bacteroides_816,0.005,0.28858596996432695,0.8,13.583901823395856,1,0.0,1
687,Bacteroides_816,0.005,0.28858596996432695,0.81,13.50779267171221,1,0.0,1
688,Bacteroides_816,0.005,0.28858596996432695,0.8200000000000001,13.428669299049574,1,0.0,1
689,Bacteroides_816,0.005,0.28858596996432695,0.8300000000000001,13.349353098949571,1,0.0,1
690,Bacteroides_816,0.005,0.28858596996432695,0.84,13.263113312728496,1,0.0,1
691,Bacteroides_816,0.005,0.28858596996432695,0.85,13.165740977549435,1,0.0,1
692,Bacteroides_816,0.005,0.28858596996432695,0.86,13.062439600118209,1,0.0,1
693,Bacteroides_816,0.005,0.28858596996432695,0.87,12.948355473352807,1,0.0,1
694,Bacteroides_816,0.005,0.28858596996432695,0.88,12.826429476051203,1,0.0,1
695,Bacteroides_816,0.005,0.28858596996432695,0.89,12.692817688964404,1,0.5168786184342617,1
696,Bacteroides_816,0.005,0.28858596996432695,0.9,12.548761343831195,1,0.8241807195068825,1
697,Bacteroides_816,0.005,0.28858596996432695,0.91,12.388705597568865,1,1.131482820579165,1
698,Bacteroides_816,0.005,0.28858596996432695,0.92,12.226318992931644,1,1.44770229006562,1
699,Bacteroides_816,0.005,0.28858596996432695,0.93,11.921660270111325,1,1.7655602335907885,1
700,Bacteroides_816,0.005,0.28858596996432695,0.9400000000000001,11.518600780423816,1,2.0834181771158398,1
701,Bacteroides_816,0.005,0.28858596996432695,0.9500000000000001,11.107937037018191,1,2.401276120640958,1
702,Bacteroides_816,0.005,0.28858596996432695,0.96,10.548439145277715,1,2.7191340641659645,1
703,Bacteroides_816,0.005,0.28858596996432695,0.97,9.731047759654787,1,3.1299031590397832,1
704,Bacteroides_816,0.005,0.28858596996432695,0.98,8.91432476236028,1,3.6409561790459857,1
705,Bacteroides_816,0.005,0.28858596996432695,0.99,7.824191457575436,1,4.152009199051771,1
706,Bacteroides_816,0.005,0.28858596996432695,1.0,5.661585918784664,1,5.661585918862823,1
707,Parabacteroides_375288_clone,0.005,0.19633913022460087,0.0,0.0,1,0.0,1
708,Parabacteroides_375288_clone,0.005,0.19633913022460087,0.01,0.7853565208984035,1,0.0,1
709,Parabacteroides_375288_clone,0.005,0.19633913022460087,0.02,1.570713041796807,1,0.0,1
710,Parabacteroides_375288_clone,0.005,0.19633913022460087,0.03,2.3560695626952106,1,0.0,1
711,Parabacteroides_375288_clone,0.005,0.19633913022460087,0.04,3.141426083593614,1,0.0,1
712,Parabacteroides_375288_clone,0.005,0.19633913022460087,0.05,3.9267826044920175,1,0.0,1
713,Parabacteroides_375288_clone,0.005,0.19633913022460087,0.06,4.71213912539042,1,0.0,1
714,Parabacteroides_375288_clone,0.005,0.19633913022460087,0.07,5.497495646288825,1,0.0,1
715,Parabacteroides_375288_clone,0.005,0.19633913022460087,0.08,6.282852167187228,1,0.0,1
716,Parabacteroides_375288_clone,0.005,0.19633913022460087,0.09,7.068208688085631,1,0.0,1
717,Parabacteroides_375288_clone,0.005,0.19633913022460087,0.1,7.853565208984035,1,0.0,1
718,Parabacteroides_375288_clone,0.005,0.19633913022460087,0.11,8.638921729882439,1,0.0,1
719,Parabacteroides_375288_clone,0.005,0.19633913022460087,0.12,9.424278250780842,1,0.0,1
720,Parabacteroides_375288_clone,0.005,0.19633913022460087,0.13,10.209634771679244,1,0.0,1
721,Parabacteroides_375288_clone,0.005,0.19633913022460087,0.14,10.99499129257765,1,0.0,1
722,Parabacteroides_375288_clone,0.005,0.19633913022460087,0.15,11.780347813476052,1,0.0,1
723,Parabacteroides_375288_clone,0.005,0.19633913022460087,0.16,12.565704334374455,1,0.0,1
724,Parabacteroides_375288_clone,0.005,0.19633913022460087,0.17,12.823492743492377,1,0.0,1
725,Parabacteroides_375288_clone,0.005,0.19633913022460087,0.18,12.793737795913078,1,0.0,1
726,Parabacteroides_375288_clone,0.005,0.19633913022460087,0.19,12.763982848333729,1,0.0,1
727,Parabacteroides_375288_clone,0.005,0.19633913022460087,0.2,12.73422790075439,1,0.0,1
728,Parabacteroides_375288_clone,0.005,0.19633913022460087,0.21,12.704472953175078,1,0.0,1
729,Parabacteroides_375288_clone,0.005,0.19633913022460087,0.22,12.674718005595729,1,0.0,1
730,Parabacteroides_375288_clone,0.005,0.19633913022460087,0.23,12.644963058016419,1,0.0,1
731,Parabacteroides_375288_clone,0.005,0.19633913022460087,0.24,12.615208110437099,1,0.0,1
732,Parabacteroides_375288_clone,0.005,0.19633913022460087,0.25,12.585453162857693,1,0.0,1
733,Parabacteroides_375288_clone,0.005,0.19633913022460087,0.26,12.55569821527844,1,0.0,1
734,Parabacteroides_375288_clone,0.005,0.19633913022460087,0.27,12.52594326769914,1,0.0,1
735,Parabacteroides_375288_clone,0.005,0.19633913022460087,0.28,12.496188320119796,1,0.0,1
736,Parabacteroides_375288_clone,0.005,0.19633913022460087,0.29,12.466433372540477,1,0.0,1
737,Parabacteroides_375288_clone,0.005,0.19633913022460087,0.3,12.436678424961137,1,0.0,1
738,Parabacteroides_375288_clone,0.005,0.19633913022460087,0.31,12.406923477381811,1,0.0,1
739,Parabacteroides_375288_clone,0.005,0.19633913022460087,0.32,12.377168529802486,1,0.0,1
740,Parabacteroides_375288_clone,0.005,0.19633913022460087,0.33,12.347413582223155,1,0.0,1
741,Parabacteroides_375288_clone,0.005,0.19633913022460087,0.34,12.317658634643823,1,0.0,1
742,Parabacteroides_375288_clone,0.005,0.19633913022460087,0.35000000000000003,12.287903687064478,1,0.0,1
743,Parabacteroides_375288_clone,0.005,0.19633913022460087,0.36,12.258148739485176,1,0.0,1
744,Parabacteroides_375288_clone,0.005,0.19633913022460087,0.37,12.228393791905852,1,0.0,1
745,Parabacteroides_375288_clone,0.005,0.19633913022460087,0.38,12.198638844326528,1,0.0,1
746,Parabacteroides_375288_clone,0.005,0.19633913022460087,0.39,12.168883896747197,1,0.0,1
747,Parabacteroides_375288_clone,0.005,0.19633913022460087,0.4,12.139128949167867,1,0.0,1
748,Parabacteroides_375288_clone,0.005,0.19633913022460087,0.41000000000000003,12.109374001588556,1,0.0,1
749,Parabacteroides_375288_clone,0.005,0.19633913022460087,0.42,12.079619054009239,1,0.0,1
750,Parabacteroides_375288_clone,0.005,0.19633913022460087,0.43,12.04986410642989,1,0.0,1
751,Parabacteroides_375288_clone,0.005,0.19633913022460087,0.44,12.020109158850563,1,0.0,1
752,Parabacteroides_375288_clone,0.005,0.19633913022460087,0.45,11.990354211271242,1,0.0,1
753,Parabacteroides_375288_clone,0.005,0.19633913022460087,0.46,11.958691736568694,1,0.0,1
754,Parabacteroides_375288_clone,0.005,0.19633913022460087,0.47000000000000003,11.926659881253176,1,0.0,1
755,Parabacteroides_375288_clone,0.005,0.19633913022460087,0.48,11.894628025937685,1,0.0,1
756,Parabacteroides_375288_clone,0.005,0.19633913022460087,0.49,11.862596170622188,1,0.0,1
757,Parabacteroides_375288_clone,0.005,0.19633913022460087,0.5,11.830564315306704,1,0.0,1
758,Parabacteroides_375288_clone,0.005,0.19633913022460087,0.51,11.798532459991204,1,0.0,1
759,Parabacteroides_375288_clone,0.005,0.19633913022460087,0.52,11.76650060467573,1,0.0,1
760,Parabacteroides_375288_clone,0.005,0.19633913022460087,0.53,11.70380779913697,1,0.0,1
761,Parabacteroides_375288_clone,0.005,0.19633913022460087,0.54,11.639605996481803,1,0.0,1
762,Parabacteroides_375288_clone,0.005,0.19633913022460087,0.55,11.57067735260243,1,0.0,1
763,Parabacteroides_375288_clone,0.005,0.19633913022460087,0.56,11.501512260746956,1,0.0,1
764,Parabacteroides_375288_clone,0.005,0.19633913022460087,0.5700000000000001,11.432347168891585,1,0.0,1
765,Parabacteroides_375288_clone,0.005,0.19633913022460087,0.58,11.363182077036157,1,0.0,1
766,Parabacteroides_375288_clone,0.005,0.19633913022460087,0.59,11.288153939060564,1,0.0,1
767,Parabacteroides_375288_clone,0.005,0.19633913022460087,0.6,11.20828584115536,1,0.0,1
768,Parabacteroides_375288_clone,0.005,0.19633913022460087,0.61,11.128417743250221,1,0.0,1
769,Parabacteroides_375288_clone,0.005,0.19633913022460087,0.62,11.047392475439565,1,0.0,1
770,Parabacteroides_375288_clone,0.005,0.19633913022460087,0.63,10.964561103020497,1,0.0,1
771,Parabacteroides_375288_clone,0.005,0.19633913022460087,0.64,10.881729730601458,1,0.0,1
772,Parabacteroides_375288_clone,0.005,0.19633913022460087,0.65,10.798898358182402,1,0.0,1
773,Parabacteroides_375288_clone,0.005,0.19633913022460087,0.66,10.716066985763362,1,0.0,1
774,Parabacteroides_375288_clone,0.005,0.19633913022460087,0.67,10.633235613344286,1,0.0,1
775,Parabacteroides_375288_clone,0.005,0.19633913022460087,0.68,10.550404240925259,1,0.0,1
776,Parabacteroides_375288_clone,0.005,0.19633913022460087,0.6900000000000001,10.46185945119718,1,0.0,1
777,Parabacteroides_375288_clone,0.005,0.19633913022460087,0.7000000000000001,10.350781022349825,1,0.0,1
778,Parabacteroides_375288_clone,0.005,0.19633913022460087,0.71,10.239702593502388,1,0.0,1
779,Parabacteroides_375288_clone,0.005,0.19633913022460087,0.72,10.12862416465505,1,0.0,1
780,Parabacteroides_375288_clone,0.005,0.19633913022460087,0.73,10.01754573580764,1,0.0,1
781,Parabacteroides_375288_clone,0.005,0.19633913022460087,0.74,9.906467306960232,1,0.0,1
782,Parabacteroides_375288_clone,0.005,0.19633913022460087,0.75,9.79538887811288,1,0.0,1
783,Parabacteroides_375288_clone,0.005,0.19633913022460087,0.76,9.684310449265478,1,0.0,1
784,Parabacteroides_375288_clone,0.005,0.19633913022460087,0.77,9.573232020418095,1,0.0,1
785,Parabacteroides_375288_clone,0.005,0.19633913022460087,0.78,9.462153591570702,1,0.0,1
786,Parabacteroides_375288_clone,0.005,0.19633913022460087,0.79,9.341335223720405,1,0.0,1
787,Parabacteroides_375288_clone,0.005,0.19633913022460087,0.8,9.199081541629578,1,0.0,1
788,Parabacteroides_375288_clone,0.005,0.19633913022460087,0.81,9.050723398399976,1,0.0,1
789,Parabacteroides_375288_clone,0.005,0.19633913022460087,0.8200000000000001,8.902365255170395,1,0.0,1
790,Parabacteroides_375288_clone,0.005,0.19633913022460087,0.8300000000000001,8.75400711194074,1,0.0,1
791,Parabacteroides_375288_clone,0.005,0.19633913022460087,0.84,8.605648968711103,1,0.0,1
792,Parabacteroides_375288_clone,0.005,0.19633913022460087,0.85,8.415769042561019,1,0.0,1
793,Parabacteroides_375288_clone,0.005,0.19633913022460087,0.86,8.205379664489687,1,0.0,1
794,Parabacteroides_375288_clone,0.005,0.19633913022460087,0.87,7.993509048254568,1,0.0,1
795,Parabacteroides_375288_clone,0.005,0.19633913022460087,0.88,7.781638432019349,1,0.0,1
796,Parabacteroides_375288_clone,0.005,0.19633913022460087,0.89,7.551808792580635,1,0.0,1
797,Parabacteroides_375288_clone,0.005,0.19633913022460087,0.9,7.2411742669647365,1,0.0,1
798,Parabacteroides_375288_clone,0.005,0.19633913022460087,0.91,6.919739363681007,1,0.0,1
799,Parabacteroides_375288_clone,0.005,0.19633913022460087,0.92,6.598304460397091,1,0.0,1
800,Parabacteroides_375288_clone,0.005,0.19633913022460087,0.93,6.2768695571135,1,0.0,1
801,Parabacteroides_375288_clone,0.005,0.19633913022460087,0.9400000000000001,5.955434653829913,1,0.0,1
802,Parabacteroides_375288_clone,0.005,0.19633913022460087,0.9500000000000001,5.633999750546179,1,0.0,1
803,Parabacteroides_375288_clone,0.005,0.19633913022460087,0.96,5.312564847262395,1,0.0,1
804,Parabacteroides_375288_clone,0.005,0.19633913022460087,0.97,4.951611894173192,1,0.03398129893518442,1
805,Parabacteroides_375288_clone,0.005,0.19633913022460087,0.98,4.578681313185392,1,0.5795981162015186,1
806,Parabacteroides_375288_clone,0.005,0.19633913022460087,0.99,3.9154568204088185,1,1.200990175210563,1
807,Parabacteroides_375288_clone,0.005,0.19633913022460087,1.0,2.790452995488928,1,1.8340375827350788,1
808,Bacteroides_816,0.01,0.30046925296822585,0.0,0.0,1,0.0,1
809,Bacteroides_816,0.01,0.30046925296822585,0.01,1.2018770118729032,1,0.0,1
810,Bacteroides_816,0.01,0.30046925296822585,0.02,2.403754023745807,1,0.0,1
811,Bacteroides_816,0.01,0.30046925296822585,0.03,3.60563103561871,1,0.0,1
812,Bacteroides_816,0.01,0.30046925296822585,0.04,4.807508047491614,1,0.0,1
813,Bacteroides_816,0.01,0.30046925296822585,0.05,6.009385059364517,1,0.0,1
814,Bacteroides_816,0.01,0.30046925296822585,0.06,7.21126207123742,1,0.0,1
815,Bacteroides_816,0.01,0.30046925296822585,0.07,8.413139083110325,1,0.0,1
816,Bacteroides_816,0.01,0.30046925296822585,0.08,9.615016094983227,1,0.0,1
817,Bacteroides_816,0.01,0.30046925296822585,0.09,10.816893106856131,1,0.0,1
818,Bacteroides_816,0.01,0.30046925296822585,0.1,12.018770118729034,1,0.0,1
819,Bacteroides_816,0.01,0.30046925296822585,0.11,13.220647130601936,1,0.0,1
820,Bacteroides_816,0.01,0.30046925296822585,0.12,14.42252414247484,1,0.0,1
821,Bacteroides_816,0.01,0.30046925296822585,0.13,15.624401154347744,1,0.0,1
822,Bacteroides_816,0.01,0.30046925296822585,0.14,16.3643380669516,1,0.0,1
823,Bacteroides_816,0.01,0.30046925296822585,0.15,16.341657837041048,1,0.0,1
824,Bacteroides_816,0.01,0.30046925296822585,0.16,16.318977607130492,1,0.0,1
825,Bacteroides_816,0.01,0.30046925296822585,0.17,16.296260282110996,1,0.0,1
826,Bacteroides_816,0.01,0.30046925296822585,0.18,16.27349152319211,1,0.0,1
827,Bacteroides_816,0.01,0.30046925296822585,0.19,16.25072273564848,1,0.0,1
828,Bacteroides_816,0.01,0.30046925296822585,0.2,16.227900558815712,1,0.0,1
829,Bacteroides_816,0.01,0.30046925296822585,0.21,16.205012841088134,1,0.0,1
830,Bacteroides_816,0.01,0.30046925296822585,0.22,16.182041712215074,1,0.0,1
831,Bacteroides_816,0.01,0.30046925296822585,0.23,16.159070582551117,1,0.0,1
832,Bacteroides_816,0.01,0.30046925296822585,0.24,16.136099439527506,1,0.0,1
833,Bacteroides_816,0.01,0.30046925296822585,0.25,16.113128296503895,1,0.0,1
834,Bacteroides_816,0.01,0.30046925296822585,0.26,16.090157153480277,1,0.0,1
835,Bacteroides_816,0.01,0.30046925296822585,0.27,16.067186010456666,1,0.0,1
836,Bacteroides_816,0.01,0.30046925296822585,0.28,16.044214867433098,1,0.0,1
837,Bacteroides_816,0.01,0.30046925296822585,0.29,16.02124372440943,1,0.0,1
838,Bacteroides_816,0.01,0.30046925296822585,0.3,15.998095630895865,1,0.0,1
839,Bacteroides_816,0.01,0.30046925296822585,0.31,15.974714002999772,1,0.0,1
840,Bacteroides_816,0.01,0.30046925296822585,0.32,15.950942430225252,1,0.0,1
841,Bacteroides_816,0.01,0.30046925296822585,0.33,15.927037257003107,1,0.0,1
842,Bacteroides_816,0.01,0.30046925296822585,0.34,15.903076404490058,1,0.0,1
843,Bacteroides_816,0.01,0.30046925296822585,0.35000000000000003,15.879069039871556,1,0.0,1
844,Bacteroides_816,0.01,0.30046925296822585,0.36,15.85487519243824,1,0.0,1
845,Bacteroides_816,0.01,0.30046925296822585,0.37,15.829666486315901,1,0.0,1
846,Bacteroides_816,0.01,0.30046925296822585,0.38,15.803674199608054,1,0.0,1
847,Bacteroides_816,0.01,0.30046925296822585,0.39,15.776621774004727,1,0.0,1
848,Bacteroides_816,0.01,0.30046925296822585,0.4,15.744138964413043,1,0.0,1
849,Bacteroides_816,0.01,0.30046925296822585,0.41000000000000003,15.711351386225875,1,0.0,1
850,Bacteroides_816,0.01,0.30046925296822585,0.42,15.678468824823517,1,0.0,1
851,Bacteroides_816,0.01,0.30046925296822585,0.43,15.6456511859186,1,0.0,1
852,Bacteroides_816,0.01,0.30046925296822585,0.44,15.612431237700331,1,0.0,1
853,Bacteroides_816,0.01,0.30046925296822585,0.45,15.578722785511047,1,0.0,1
854,Bacteroides_816,0.01,0.30046925296822585,0.46,15.544935470251822,1,0.0,1
855,Bacteroides_816,0.01,0.30046925296822585,0.47000000000000003,15.510001551069621,1,0.0,1
856,Bacteroides_816,0.01,0.30046925296822585,0.48,15.472047076122099,1,0.0,1
857,Bacteroides_816,0.01,0.30046925296822585,0.49,15.432723634327,1,0.0,1
858,Bacteroides_816,0.01,0.30046925296822585,0.5,15.389874293860288,1,0.0,1
859,Bacteroides_816,0.01,0.30046925296822585,0.51,15.34390670825589,1,0.0,1
860,Bacteroides_816,0.01,0.30046925296822585,0.52,15.297770019415426,1,0.0,1
861,Bacteroides_816,0.01,0.30046925296822585,0.53,15.251470151150105,1,0.0,1
862,Bacteroides_816,0.01,0.30046925296822585,0.54,15.203423148946579,1,0.0,1
863,Bacteroides_816,0.01,0.30046925296822585,0.55,15.153903732517833,1,0.0,1
864,Bacteroides_816,0.01,0.30046925296822585,0.56,15.104212287655715,1,0.0,1
865,Bacteroides_816,0.01,0.30046925296822585,0.5700000000000001,15.05445457361548,1,0.0,1
866,Bacteroides_816,0.01,0.30046925296822585,0.58,15.003574880415245,1,0.0,1
867,Bacteroides_816,0.01,0.30046925296822585,0.59,14.952104914447006,1,0.0,1
868,Bacteroides_816,0.01,0.30046925296822585,0.6,14.900139631637128,1,0.0,1
869,Bacteroides_816,0.01,0.30046925296822585,0.61,14.847944602641657,1,0.0,1
870,Bacteroides_816,0.01,0.30046925296822585,0.62,14.795748308202873,1,0.0,1
871,Bacteroides_816,0.01,0.30046925296822585,0.63,14.743551089009213,1,0.0,1
872,Bacteroides_816,0.01,0.30046925296822585,0.64,14.69133400207748,1,0.0,1
873,Bacteroides_816,0.01,0.30046925296822585,0.65,14.639015901571865,1,0.0,1
874,Bacteroides_816,0.01,0.30046925296822585,0.66,14.586302131173394,1,0.0,1
875,Bacteroides_816,0.01,0.30046925296822585,0.67,14.533560964084376,1,0.0,1
876,Bacteroides_816,0.01,0.30046925296822585,0.68,14.480800812537899,1,0.0,1
877,Bacteroides_816,0.01,0.30046925296822585,0.6900000000000001,14.428033833183584,1,0.0,1
878,Bacteroides_816,0.01,0.30046925296822585,0.7000000000000001,14.375266853829242,1,0.0,1
879,Bacteroides_816,0.01,0.30046925296822585,0.71,14.322137921486988,1,0.0,1
880,Bacteroides_816,0.01,0.30046925296822585,0.72,14.268394018538984,1,0.0,1
881,Bacteroides_816,0.01,0.30046925296822585,0.73,14.213375540710636,1,0.0,1
882,Bacteroides_816,0.01,0.30046925296822585,0.74,14.158133013426932,1,0.0,1
883,Bacteroides_816,0.01,0.30046925296822585,0.75,14.102413576865919,1,0.0,1
884,Bacteroides_816,0.01,0.30046925296822585,0.76,14.04614590455516,1,0.0,1
885,Bacteroides_816,0.01,0.30046925296822585,0.77,13.989068751717227,1,0.0,1
886,Bacteroides_816,0.01,0.30046925296822585,0.78,13.930327044282441,1,0.0,1
887,Bacteroides_816,0.01,0.30046925296822585,0.79,13.867966475991011,1,0.0,1
888,Bacteroides_816,0.01,0.30046925296822585,0.8,13.793286947626104,1,0.0,1
889,Bacteroides_816,0.01,0.30046925296822585,0.81,13.716270649197998,1,0.0,1
890,Bacteroides_816,0.01,0.30046925296822585,0.8200000000000001,13.637362307376563,1,0.0,1
891,Bacteroides_816,0.01,0.30046925296822585,0.8300000000000001,13.55820934649121,1,0.0,1
892,Bacteroides_816,0.01,0.30046925296822585,0.84,13.477109612287403,1,0.0,1
893,Bacteroides_816,0.01,0.30046925296822585,0.85,13.394785350077202,1,0.0,1
894,Bacteroides_816,0.01,0.30046925296822585,0.86,13.311897569851006,1,0.0,1
895,Bacteroides_816,0.01,0.30046925296822585,0.87,13.226048577703237,1,0.0,1
896,Bacteroides_816,0.01,0.30046925296822585,0.88,13.127280771771495,1,0.18041393325947652,1
897,Bacteroides_816,0.01,0.30046925296822585,0.89,13.018257682184807,1,0.49796359280551816,1
898,Bacteroides_816,0.01,0.30046925296822585,0.9,12.8928062752665,1,0.8179196625901486,1
899,Bacteroides_816,0.01,0.30046925296822585,0.91,12.758053982204519,1,1.1378757323748765,1
900,Bacteroides_816,0.01,0.30046925296822585,0.92,12.592628142577986,1,1.45985301144087,1
901,Bacteroides_816,0.01,0.30046925296822585,0.93,12.342599022930283,1,1.7907772394916268,1
902,Bacteroides_816,0.01,0.30046925296822585,0.9400000000000001,11.930262302055723,1,2.121723816183401,1
903,Bacteroides_816,0.01,0.30046925296822585,0.9500000000000001,11.50600992182473,1,2.4526703928752704,1
904,Bacteroides_816,0.01,0.30046925296822585,0.96,11.035060922568357,1,2.7836169695671744,1
905,Bacteroides_816,0.01,0.30046925296822585,0.97,10.213334854247831,1,3.205514191779808,1
906,Bacteroides_816,0.01,0.30046925296822585,0.98,9.365678643107666,1,3.698469251773774,1
907,Bacteroides_816,0.01,0.30046925296822585,0.99,8.285502377964928,1,4.192862928571894,1
908,Bacteroides_816,0.01,0.30046925296822585,1.0,6.109876777915735,1,6.1098767779541205,1
909,Parabacteroides_375288_clone,0.01,0.19633913022460087,0.0,0.0,1,0.0,1
910,Parabacteroides_375288_clone,0.01,0.19633913022460087,0.01,0.7853565208984035,1,0.0,1
911,Parabacteroides_375288_clone,0.01,0.19633913022460087,0.02,1.570713041796807,1,0.0,1
912,Parabacteroides_375288_clone,0.01,0.19633913022460087,0.03,2.3560695626952106,1,0.0,1
913,Parabacteroides_375288_clone,0.01,0.19633913022460087,0.04,3.141426083593614,1,0.0,1
914,Parabacteroides_375288_clone,0.01,0.19633913022460087,0.05,3.9267826044920175,1,0.0,1
915,Parabacteroides_375288_clone,0.01,0.19633913022460087,0.06,4.71213912539042,1,0.0,1
916,Parabacteroides_375288_clone,0.01,0.19633913022460087,0.07,5.497495646288825,1,0.0,1
917,Parabacteroides_375288_clone,0.01,0.19633913022460087,0.08,6.282852167187228,1,0.0,1
918,Parabacteroides_375288_clone,0.01,0.19633913022460087,0.09,7.068208688085631,1,0.0,1
919,Parabacteroides_375288_clone,0.01,0.19633913022460087,0.1,7.853565208984035,1,0.0,1
920,Parabacteroides_375288_clone,0.01,0.19633913022460087,0.11,8.638921729882439,1,0.0,1
921,Parabacteroides_375288_clone,0.01,0.19633913022460087,0.12,9.424278250780842,1,0.0,1
922,Parabacteroides_375288_clone,0.01,0.19633913022460087,0.13,10.209634771679244,1,0.0,1
923,Parabacteroides_375288_clone,0.01,0.19633913022460087,0.14,10.99499129257765,1,0.0,1
924,Parabacteroides_375288_clone,0.01,0.19633913022460087,0.15,11.780347813476052,1,0.0,1
925,Parabacteroides_375288_clone,0.01,0.19633913022460087,0.16,12.565704334374455,1,0.0,1
926,Parabacteroides_375288_clone,0.01,0.19633913022460087,0.17,12.823492743492377,1,0.0,1
927,Parabacteroides_375288_clone,0.01,0.19633913022460087,0.18,12.793737795913078,1,0.0,1
928,Parabacteroides_375288_clone,0.01,0.19633913022460087,0.19,12.763982848333729,1,0.0,1
929,Parabacteroides_375288_clone,0.01,0.19633913022460087,0.2,12.73422790075439,1,0.0,1
930,Parabacteroides_375288_clone,0.01,0.19633913022460087,0.21,12.704472953175078,1,0.0,1
931,Parabacteroides_375288_clone,0.01,0.19633913022460087,0.22,12.674718005595729,1,0.0,1
932,Parabacteroides_375288_clone,0.01,0.19633913022460087,0.23,12.644963058016419,1,0.0,1
933,Parabacteroides_375288_clone,0.01,0.19633913022460087,0.24,12.615208110437099,1,0.0,1
934,Parabacteroides_375288_clone,0.01,0.19633913022460087,0.25,12.585453162857693,1,0.0,1
935,Parabacteroides_375288_clone,0.01,0.19633913022460087,0.26,12.55569821527844,1,0.0,1
936,Parabacteroides_375288_clone,0.01,0.19633913022460087,0.27,12.52594326769914,1,0.0,1
937,Parabacteroides_375288_clone,0.01,0.19633913022460087,0.28,12.496188320119796,1,0.0,1
938,Parabacteroides_375288_clone,0.01,0.19633913022460087,0.29,12.466433372540477,1,0.0,1
939,Parabacteroides_375288_clone,0.01,0.19633913022460087,0.3,12.436678424961137,1,0.0,1
940,Parabacteroides_375288_clone,0.01,0.19633913022460087,0.31,12.406923477381811,1,0.0,1
941,Parabacteroides_375288_clone,0.01,0.19633913022460087,0.32,12.377168529802486,1,0.0,1
942,Parabacteroides_375288_clone,0.01,0.19633913022460087,0.33,12.347413582223155,1,0.0,1
943,Parabacteroides_375288_clone,0.01,0.19633913022460087,0.34,12.317658634643823,1,0.0,1
944,Parabacteroides_375288_clone,0.01,0.19633913022460087,0.35000000000000003,12.287903687064478,1,0.0,1
945,Parabacteroides_375288_clone,0.01,0.19633913022460087,0.36,12.258148739485176,1,0.0,1
946,Parabacteroides_375288_clone,0.01,0.19633913022460087,0.37,12.228393791905852,1,0.0,1
947,Parabacteroides_375288_clone,0.01,0.19633913022460087,0.38,12.198638844326528,1,0.0,1
948,Parabacteroides_375288_clone,0.01,0.19633913022460087,0.39,12.168883896747197,1,0.0,1
949,Parabacteroides_375288_clone,0.01,0.19633913022460087,0.4,12.139128949167867,1,0.0,1
950,Parabacteroides_375288_clone,0.01,0.19633913022460087,0.41000000000000003,12.109374001588556,1,0.0,1
951,Parabacteroides_375288_clone,0.01,0.19633913022460087,0.42,12.079619054009239,1,0.0,1
952,Parabacteroides_375288_clone,0.01,0.19633913022460087,0.43,12.04986410642989,1,0.0,1
953,Parabacteroides_375288_clone,0.01,0.19633913022460087,0.44,12.020109158850563,1,0.0,1
954,Parabacteroides_375288_clone,0.01,0.19633913022460087,0.45,11.990354211271242,1,0.0,1
955,Parabacteroides_375288_clone,0.01,0.19633913022460087,0.46,11.958691736568694,1,0.0,1
956,Parabacteroides_375288_clone,0.01,0.19633913022460087,0.47000000000000003,11.926659881253176,1,0.0,1
957,Parabacteroides_375288_clone,0.01,0.19633913022460087,0.48,11.894628025937685,1,0.0,1
958,Parabacteroides_375288_clone,0.01,0.19633913022460087,0.49,11.862596170622188,1,0.0,1
959,Parabacteroides_375288_clone,0.01,0.19633913022460087,0.5,11.830564315306704,1,0.0,1
960,Parabacteroides_375288_clone,0.01,0.19633913022460087,0.51,11.798532459991204,1,0.0,1
961,Parabacteroides_375288_clone,0.01,0.19633913022460087,0.52,11.76650060467573,1,0.0,1
962,Parabacteroides_375288_clone,0.01,0.19633913022460087,0.53,11.70380779913697,1,0.0,1
963,Parabacteroides_375288_clone,0.01,0.19633913022460087,0.54,11.639605996481803,1,0.0,1
964,Parabacteroides_375288_clone,0.01,0.19633913022460087,0.55,11.57067735260243,1,0.0,1
965,Parabacteroides_375288_clone,0.01,0.19633913022460087,0.56,11.501512260746956,1,0.0,1
966,Parabacteroides_375288_clone,0.01,0.19633913022460087,0.5700000000000001,11.432347168891585,1,0.0,1
967,Parabacteroides_375288_clone,0.01,0.19633913022460087,0.58,11.363182077036157,1,0.0,1
968,Parabacteroides_375288_clone,0.01,0.19633913022460087,0.59,11.288153939060564,1,0.0,1
969,Parabacteroides_375288_clone,0.01,0.19633913022460087,0.6,11.20828584115536,1,0.0,1
970,Parabacteroides_375288_clone,0.01,0.19633913022460087,0.61,11.128417743250221,1,0.0,1
971,Parabacteroides_375288_clone,0.01,0.19633913022460087,0.62,11.047392475439565,1,0.0,1
972,Parabacteroides_375288_clone,0.01,0.19633913022460087,0.63,10.964561103020497,1,0.0,1
973,Parabacteroides_375288_clone,0.01,0.19633913022460087,0.64,10.881729730601458,1,0.0,1
974,Parabacteroides_375288_clone,0.01,0.19633913022460087,0.65,10.798898358182402,1,0.0,1
975,Parabacteroides_375288_clone,0.01,0.19633913022460087,0.66,10.716066985763362,1,0.0,1
976,Parabacteroides_375288_clone,0.01,0.19633913022460087,0.67,10.633235613344286,1,0.0,1
977,Parabacteroides_375288_clone,0.01,0.19633913022460087,0.68,10.550404240925259,1,0.0,1
978,Parabacteroides_375288_clone,0.01,0.19633913022460087,0.6900000000000001,10.46185945119718,1,0.0,1
979,Parabacteroides_375288_clone,0.01,0.19633913022460087,0.7000000000000001,10.350781022349825,1,0.0,1
980,Parabacteroides_375288_clone,0.01,0.19633913022460087,0.71,10.239702593502388,1,0.0,1
981,Parabacteroides_375288_clone,0.01,0.19633913022460087,0.72,10.12862416465505,1,0.0,1
982,Parabacteroides_375288_clone,0.01,0.19633913022460087,0.73,10.01754573580764,1,0.0,1
983,Parabacteroides_375288_clone,0.01,0.19633913022460087,0.74,9.906467306960232,1,0.0,1
984,Parabacteroides_375288_clone,0.01,0.19633913022460087,0.75,9.79538887811288,1,0.0,1
985,Parabacteroides_375288_clone,0.01,0.19633913022460087,0.76,9.684310449265478,1,0.0,1
986,Parabacteroides_375288_clone,0.01,0.19633913022460087,0.77,9.573232020418095,1,0.0,1
987,Parabacteroides_375288_clone,0.01,0.19633913022460087,0.78,9.462153591570702,1,0.0,1
988,Parabacteroides_375288_clone,0.01,0.19633913022460087,0.79,9.341335223720405,1,0.0,1
989,Parabacteroides_375288_clone,0.01,0.19633913022460087,0.8,9.199081541629578,1,0.0,1
990,Parabacteroides_375288_clone,0.01,0.19633913022460087,0.81,9.050723398399976,1,0.0,1
991,Parabacteroides_375288_clone,0.01,0.19633913022460087,0.8200000000000001,8.902365255170395,1,0.0,1
992,Parabacteroides_375288_clone,0.01,0.19633913022460087,0.8300000000000001,8.75400711194074,1,0.0,1
993,Parabacteroides_375288_clone,0.01,0.19633913022460087,0.84,8.605648968711103,1,0.0,1
994,Parabacteroides_375288_clone,0.01,0.19633913022460087,0.85,8.415769042561019,1,0.0,1
995,Parabacteroides_375288_clone,0.01,0.19633913022460087,0.86,8.205379664489687,1,0.0,1
996,Parabacteroides_375288_clone,0.01,0.19633913022460087,0.87,7.993509048254568,1,0.0,1
997,Parabacteroides_375288_clone,0.01,0.19633913022460087,0.88,7.781638432019349,1,0.0,1
998,Parabacteroides_375288_clone,0.01,0.19633913022460087,0.89,7.551808792580635,1,0.0,1
999,Parabacteroides_375288_clone,0.01,0.19633913022460087,0.9,7.2411742669647365,1,0.0,1
1000,Parabacteroides_375288_clone,0.01,0.19633913022460087,0.91,6.919739363681007,1,0.0,1
1001,Parabacteroides_375288_clone,0.01,0.19633913022460087,0.92,6.598304460397091,1,0.0,1
1002,Parabacteroides_375288_clone,0.01,0.19633913022460087,0.93,6.2768695571135,1,0.0,1
1003,Parabacteroides_375288_clone,0.01,0.19633913022460087,0.9400000000000001,5.955434653829913,1,0.0,1
1004,Parabacteroides_375288_clone,0.01,0.19633913022460087,0.9500000000000001,5.633999750546179,1,0.0,1
1005,Parabacteroides_375288_clone,0.01,0.19633913022460087,0.96,5.312564847262395,1,0.0,1
1006,Parabacteroides_375288_clone,0.01,0.19633913022460087,0.97,4.951611894173192,1,0.03398129893518442,1
1007,Parabacteroides_375288_clone,0.01,0.19633913022460087,0.98,4.578681313185392,1,0.5795981162015186,1
1008,Parabacteroides_375288_clone,0.01,0.19633913022460087,0.99,3.9154568204088185,1,1.200990175210563,1
1009,Parabacteroides_375288_clone,0.01,0.19633913022460087,1.0,2.790452995488928,1,1.8340375827350788,1
