,Variable,pF_ind,P_ind,P_ind_corrected,log10(P_ind_corrected),meanAbsab_inulin,log10(meanAbsab_inulin)
0,A2,5.189425048506742,0.0005,0.0022686567164179106,-2.644231214756054,72762.60544160455,4.861908241637364
1,ASF356,5.609019742696607,7e-06,9.252173913043479e-05,-4.033756212394582,153140.59158529024,5.185090320449776
2,Acetatifactor,4.958343492187494,0.0006,0.0026057142857142854,-2.5840732060218596,189450.67444429308,5.277496155701872
3,Acetatifactor-muris,0.9244159650092368,0.5847,0.6889488372093023,-0.16181302851719254,389.6904381974263,2.5907197496750594
4,Acidovorax,0.8425925925925927,1.0,1.0,0.0,28.4164117479092,1.4535692369810156
5,Acinetobacter,1.0149347829196034,0.5449,0.649606274509804,-0.18734978892109255,191.4842883750498,2.2821331451351954
6,Acinetobacter-sp.-CIP-56.2,1.2098765432098764,0.4412,0.5858031746031745,-0.23224827910558923,147.5190240860215,2.1688480306383937
7,Acutalibacter-muris,4.878878954402147,0.0095,0.02917171717171717,-1.5350380056999484,39945.0044232127,4.601462473585166
8,Adlercreutzia-mucosicola,0.8425925925925918,1.0,1.0,0.0,467.9064600420649,2.670159041219653
9,Adlercreutzia-muris,0.8721824946447271,0.4854,0.5858031746031745,-0.23224827910558923,0.0,
10,Akkermansia,1.6336335897135683,0.0842,0.18414964028776978,-0.7348291251456919,13031.9996894546,4.115011060951454
11,Akkermansia-muciniphila,34.92276688813781,1e-06,1.9e-05,-4.721246399047171,25534357.87944859,7.4071249409885604
12,Akkermansia-sp.-KLE1798,0.8425925925925928,1.0,1.0,0.0,82.75229904749105,1.917780068305993
13,Alistipes,5.555492085681278,3e-05,0.0002464864864864865,-3.608206885738579,918150.7870898091,5.96291401085636
14,Alistipes-finegoldii,0.8721824946447271,0.4854,0.5858031746031745,-0.23224827910558923,0.0,
15,Alistipes-inops,4.846214125500127,0.0029,0.009479569892473118,-2.0232113670462253,3020.493866140437,3.480077958124063
16,Alistipes-obesi,1.0847555829476738,0.4436,0.5858031746031745,-0.23224827910558923,77.82939930465949,1.8911436785320497
17,Alistipes-shahii,5.692473276258769,2e-06,3.576470588235294e-05,-4.446545342105539,39331.437713608815,4.594739821814649
18,Alistipes-sp.-N15.MGS-157,8.911358117875022,0.001,0.003753086419753086,-2.425611435269896,5655.930199055954,3.7525040411085238
19,Alistipes-sp.-cv1,9.085810852273562,1e-06,1.9e-05,-4.721246399047171,9192.959645849733,3.96345535370713
20,Allobaculum,0.8425925925925929,1.0,1.0,0.0,141.8665278935683,2.151879939742938
21,Alloprevotella,8.702559249317744,0.0004,0.0019934426229508196,-2.7003962600740508,9980286.069052411,6.999142989827486
22,Allorhizobium-Neorhizobium-Pararhizobium-Rhizobium,0.8721824946447271,0.4854,0.5858031746031745,-0.23224827910558923,0.0,
23,Alteromonas,1.6898796917725583,0.2174,0.3919621301775148,-0.40675589075866414,42.62851577359618,1.6297002117801715
24,Anaerofilum,2.8506250231006267,0.0505,0.12281600000000002,-0.9107450512806412,0.0,
25,Anaerofustis,1.2098765432098766,0.4516,0.5858031746031745,-0.23224827910558923,92.4104394414576,1.9657210354595265
26,Anaeroplasma,2.4642405715366196,0.0815,0.17953623188405796,-0.7458478940525062,1997.8912084587812,3.300571835815691
27,Anaerostipes,0.7864667549672761,0.8441,0.9539271375464684,-0.02048479612397202,1071.3507446909598,3.0299316758238057
28,Anaerotruncus,7.2547175721160295,0.0003,0.0015457627118644066,-2.810857173313728,570474.9040096585,5.7562365439516885
29,Anaerotruncus-sp.-G3(2012),2.6509634072504156,0.0292,0.07587008547008547,-1.1199294266889896,106.69604723675081,2.0281483304360393
30,Anaerovoracaceae,0.8425925925925923,1.0,1.0,0.0,9.364263014336917,0.9714736032380681
31,Anaerovorax,5.157470102050841,0.0005,0.0022686567164179106,-2.644231214756054,2743.027712484219,3.4382301952524257
32,Anoxybacillus,0.8721824946447271,0.4854,0.5858031746031745,-0.23224827910558923,0.0,
33,Arcobacteraceae,1.1606866569634218,0.3089,0.5301213483146068,-0.27562470611398937,4027.6046224925076,3.605046830625962
34,Asticcacaulis,0.842592592592593,1.0,1.0,0.0,77.23563203724612,1.8878177048308054
35,Atopobiaceae,0.9775541371347708,0.7083,0.8150641509433962,-0.08880820806456555,138.82878461967343,2.142479521633431
36,Bacilli,0.8425925925925929,1.0,1.0,0.0,7.238404829569892,0.8596428686770887
37,Bacillus,0.7351332667770977,0.8702,0.9797807407407406,-0.008871101593535474,576.8076413631022,2.7610310051438405
38,Bacteria,3.8747076222435695,0.00013,0.0008591304347826086,-3.0659408957659835,7688.105067492306,3.8858193098738525
39,Bacteroidales,2.0358942590498397,2e-05,0.00017371428571428572,-3.7601644650775405,10853.584412993672,4.035573188295696
40,Bacteroides,20.754968535229704,1e-06,1.9e-05,-4.721246399047171,10704834.230642898,7.029579946429665
41,Bacteroides-acidifaciens,8.13850369153103,6e-05,0.0004676923076923077,-3.330039773034102,15816987.611145245,7.199123774456836
42,Bacteroides-caccae,1.3135360762117279,0.0861,0.18563404255319146,-0.7313423775929715,42076.239053395366,4.624036913860676
43,Bacteroides-caecimuris,2.721522311798794,0.0169,0.04829906542056075,-1.316061272698182,470463.6226784104,5.6725260484204405
44,Bacteroides-coprocola-DSM-17136,0.8425925925925932,1.0,1.0,0.0,5.9155198328106335,0.7719929147460968
45,Bacteroides-faecichinchillae,0.8425925925925936,1.0,1.0,0.0,20.732828499103945,1.3166585552417662
46,Bacteroides-nordii,2.141208783886067,0.0177,0.0493651376146789,-1.3065796479700633,1921.0008157656912,3.2835275492877547
47,Bacteroides-sartorii,15.087992325671575,1.4e-05,0.000152,-3.8181564120552274,82875.71717900966,4.918427299669707
48,Bacteroides-sp.-Smarlab-3302398,0.8721824946447271,0.4854,0.5858031746031745,-0.23224827910558923,0.0,
49,Bacteroides-stercorirosoris,9.026466061681761,0.0002,0.001125925925925926,-2.9484901805502335,31124.04342158572,4.493096012533966
50,Bacteroides-uniformis,5.355190648499507,1e-06,1.9e-05,-4.721246399047171,16549658.473703044,7.218789035905296
51,Bacteroides-vulgatus-ATCC-8482,4.750467868689544,0.0018,0.00608,-2.216096420727265,1067133.555414585,6.028218776265925
52,Bacteroides-xylanisolvens,1.8381783109171044,0.0626,0.1463876923076923,-0.8344954354876534,3208.5049581031217,3.5063027147430463
53,Bifidobacterium,1.4545489702196603,0.092,0.19558041958041958,-0.7086746265107527,109335.20495848914,5.03876002340836
54,Bifidobacterium-choerinum,5.973643567180817,2e-05,0.00017371428571428572,-3.7601644650775405,629112.2634420095,5.798728151078002
55,Bilophila,5.796502024273589,1e-06,1.9e-05,-4.721246399047171,1025772.9388943387,6.011051237677791
56,Blautia,6.17287489306594,2e-05,0.00017371428571428572,-3.7601644650775405,348691.2303375744,5.54244102490998
57,Bosea,0.8721824946447271,0.4854,0.5858031746031745,-0.23224827910558923,0.0,
58,Brachybacterium,1.2098765432098764,0.4412,0.5858031746031745,-0.23224827910558923,73.54883362903226,1.8665757898780744
59,Bradyrhizobium,0.8721824946447271,0.4854,0.5858031746031745,-0.23224827910558923,0.0,
60,Brevinema,1.5349482254911393,0.1761,0.33251180124223606,-0.478192936455819,8663.201477064864,3.9376784147522326
61,Burkholderia-Caballeronia-Paraburkholderia,0.8721824946447271,0.4854,0.5858031746031745,-0.23224827910558923,0.0,
62,Burkholderiales,0.8721824946447271,0.4854,0.5858031746031745,-0.23224827910558923,0.0,
63,Burkholderiales-bacterium-YL45,2.5803947583916353,0.0009,0.0035532467532467535,-2.449374632124403,70468.66242645297,4.8479960281834655
64,Butyricicoccus,1.6286262783323158,0.0041,0.012983333333333335,-1.886613792711079,7209.306976629119,3.857893518437652
65,Butyricimonas,9.425355035754562,5e-06,6.90909090909091e-05,-4.160579092877434,227092.07014375777,5.356201969301477
66,Butyricimonas-sp.-AT11,1.2320226412561415,0.1272,0.257792,-0.5887305641345324,1450.31460074995,3.1614622191659287
67,Butyricimonas-synergistica,6.067760075491952,0.0005,0.0022686567164179106,-2.644231214756054,1725.8856051725406,3.23701200650737
68,Butyricimonas-virosa,1.5372852781978,0.0649,0.15015757575757574,-0.823452751865176,8061.857852641129,3.9064351363675387
69,Candidatus-Arthromitus,0.8721824946447271,0.4854,0.5858031746031745,-0.23224827910558923,0.0,
70,Candidatus-Gastranaerophilales-bacterium-Zag_111,2.6358830789141168,0.0086,0.026677551020408162,-1.5738540408401733,158840.53527450518,5.200961341917231
71,Candidatus-Saccharimonas,1.8810747477327185,0.0729,0.1653850746268657,-0.7815036864380792,144566.8897562553,5.1600688376147295
72,Candidatus-Soleaferrea,1.2098765432098761,0.1827,0.33866341463414634,-0.4702317170864064,228.6337287546993,2.3591402992505115
73,Candidatus-Stoquefichus,0.8721824946447271,0.4854,0.5858031746031745,-0.23224827910558923,0.0,
74,Caproiciproducens,0.8425925925925921,1.0,1.0,0.0,433.7942628312425,2.6372838039317252
75,Catenibacterium,0.8721824946447271,0.4854,0.5858031746031745,-0.23224827910558923,0.0,
76,Cellulosimicrobium,0.8721824946447271,0.4854,0.5858031746031745,-0.23224827910558923,0.0,
77,Cetobacterium,1.0652359697010323,0.4463,0.5858031746031745,-0.23224827910558923,603.362985411813,2.7805786639356316
78,Chloroplast,3.8055202938778216,0.0254,0.06773333333333333,-1.1691975511077808,294.4170784317503,2.46896299878211
79,Christensenella-minuta,5.4380681926645416,0.0011,0.004078048780487805,-2.389547583616738,55.98767832258065,1.74809245869703
80,Christensenella-sp.-Marseille-P2437,2.559678119691209,0.0101,0.030700990099009902,-1.5128476184119712,1536.0426038783653,3.1864032615110425
81,Christensenellaceae,5.792531837260938,0.001,0.003753086419753086,-2.425611435269896,9376.763042041226,3.972052941193665
82,Christensenellaceae-R-7-group,2.452526496844974,0.0532,0.12835555555555556,-0.891585329213761,210.52571581732622,2.323305152691553
83,Clostridia,2.7006832155056313,0.0104,0.03099607843137255,-1.5086932488543834,21153.668622940128,4.325385696748106
84,Clostridia-UCG-014,1.1684299537193916,0.3292,0.5559822222222223,-0.25493909495432004,8956911.724479258,6.952158294013451
85,Clostridia-vadinBB60-group,5.815888664126521,0.0003,0.0015457627118644066,-2.810857173313728,980104.6620458431,5.991272455000598
86,Clostridiales-bacterium-CIEAF-012,1.3776663805764413,0.2465,0.43315606936416184,-0.36335559590679284,5156.540556801516,3.712358437876616
87,Clostridiales-bacterium-CIEAF-020,0.8752081718844835,0.695,0.8126153846153845,-0.09011495977195039,286736.03693032137,5.457482278424187
88,Clostridiales-bacterium-CIEAF-021,0.8721824946447271,0.4854,0.5858031746031745,-0.23224827910558923,0.0,
89,Clostridiales-bacterium-CIEAF-026,0.9205863154410682,0.7099,0.8150641509433962,-0.08880820806456555,89.15728293369176,1.9501568248947323
90,Clostridium-isatidis,0.8425925925925932,1.0,1.0,0.0,3.356733809289128,0.525916902838564
91,Clostridium-sensu-stricto-1,1.826653571073134,0.0116,0.03423689320388349,-1.4655056518695,53415.14244138423,4.727664390858264
92,Clostridium-sp.-ASF356,1.209876543209878,0.0373,0.09371239669421488,-1.0282029548990086,317.41100081401834,2.501621974435316
93,Clostridium-sp.-Clone-44,1.2463959597758274,0.2321,0.4102232558139535,-0.3869797228428774,29135.648483350757,4.464424688793309
94,Clostridium-sp.-Clone-47,0.8721824946447271,0.4854,0.5858031746031745,-0.23224827910558923,0.0,
95,Clostridium-sp.-Clone-49,0.8429941946230971,0.6603,0.7750239382239382,-0.11068488319948769,99781.53464131786,4.999050179109384
96,Clostridium-sp.-Culture-27,1.1976482582940151,0.2226,0.3980611764705882,-0.40005017777083074,70457.12238462572,4.847924901717795
97,Clostridium-sp.-Culture-41,2.285345218053028,0.015,0.04342857142857143,-1.362224456405503,6900.459554452919,3.838878014696247
98,Clostridium-sp.-Culture-54,2.121152876818487,0.0174,0.04897777777777777,-1.3100009235955963,15223.968577540554,4.182527878890707
99,Clostridium-sp.-ND2,1.2098765432098766,0.4412,0.5858031746031745,-0.23224827910558923,23.410657537634407,1.3694136119433515
100,Colidextribacter,6.353768385835337,1e-06,1.9e-05,-4.721246399047171,1211003.413165976,6.083145367186868
101,Collinsella,1.170614514751113,0.4445,0.5858031746031745,-0.23224827910558923,0.6255281087365591,-0.20375317007144167
102,Coprococcus,0.842592592592593,1.0,1.0,0.0,44.465648878534445,1.6480246342725253
103,Coriobacteriaceae-UCG-002,7.998843805625779,1e-06,1.9e-05,-4.721246399047171,75364.93974412227,4.877169356256511
104,Corynebacterium,0.745721839782095,0.9022,1.0,0.0,162.17198134952574,2.209975822770324
105,Corynebacterium-propinquum,1.1333358909328226,0.447,0.5858031746031745,-0.23224827910558923,115.92102308243726,2.064162205426337
106,Corynebacterium-tuberculostearicum,1.0844216324642197,0.4445,0.5858031746031745,-0.23224827910558923,271.52498863739544,2.4338098041935123
107,DNF00809,0.8721824946447271,0.4854,0.5858031746031745,-0.23224827910558923,0.0,
108,Defluviitaleaceae-UCG-011,1.3540258721366392,0.1674,0.3213987421383648,-0.49295582727222675,2781.7830123855415,3.444323250674405
109,Desmonostoc-PCC-7422,0.9052278249552854,0.7065,0.8150641509433962,-0.08880820806456555,60.315984839187585,1.7804324233752529
110,Desulfovibrio,10.47140534604469,7e-05,0.0005066666666666666,-3.29527766677489,465833.5335633263,5.668230748512349
111,Desulfovibrio-fairfieldensis,6.0198024545902085,1.2e-05,0.00014030769230769232,-3.852918518314439,83046.78372468335,4.919322817549965
112,Desulfovibrionaceae,10.650647554104712,1.4e-05,0.000152,-3.8181564120552274,2032362.913244405,6.3080012612627305
113,Devosia,0.9348812239065791,0.5794,0.6853603112840467,-0.16408104885479777,97.64016876065313,1.9896285213776488
114,Dialister,1.2098765432098773,0.4315,0.5858031746031745,-0.23224827910558923,15.936697576423736,1.2023983313055924
115,Dialister-invisus-DSM-15470,1.089110625632948,0.4412,0.5858031746031745,-0.23224827910558923,599.9038956106132,2.778081682135321
116,Dialister-sp.-Marseille-P5638,1.0565203463980481,0.4924,0.5916584980237154,-0.22792889330778549,449.37869387102245,2.652612477621163
117,Dielma,0.8425925925925929,1.0,1.0,0.0,14.49812587413157,1.1613118660192956
118,Dorea-sp.-5-2,2.650812681583155,0.0003,0.0015457627118644066,-2.810857173313728,51805.662905543366,4.714377235309068
119,Dubosiella,4.731264001791183,0.0002,0.001125925925925926,-2.9484901805502335,148026.87726220384,5.17034057746859
120,Dubosiella-newyorkensis,6.761810593762015,0.0005,0.0022686567164179106,-2.644231214756054,1124889.3968203776,6.051109823147853
121,Dyadobacter-fermentans,0.8721824946447271,0.4854,0.5858031746031745,-0.23224827910558923,0.0,
122,Eggerthella,0.8721824946447271,0.4854,0.5858031746031745,-0.23224827910558923,0.0,
123,Eisenbergiella,3.50551174241525,0.0623,0.1463876923076923,-0.8344954354876534,1523.9027503599764,3.1829572528765224
124,Elizabethkingia,0.8425925925925922,1.0,1.0,0.0,0.019184592096027478,-1.7170474303633814
125,Endozoicomonas,0.842592592592593,1.0,1.0,0.0,115.8534480492433,2.0639089638616483
126,Enterobacterales,1.209876543209876,0.4315,0.5858031746031745,-0.23224827910558923,39.28528688136201,1.594229928934078
127,Enterobacteriaceae,1.2267349031060468,0.0952,0.20022068965517242,-0.6984910470424748,27612.607925864424,4.441107426354033
128,Enterococcus,1.2353103811323973,0.086,0.18563404255319146,-0.7313423775929715,23035.169658302366,4.36239141525999
129,Enterorhabdus,1.2679940031563335,0.1445,0.28340645161290323,-0.5475902674689711,6399.818887137485,3.8061676837604876
130,Erysipelatoclostridium,2.5016809349816156,0.017,0.04829906542056075,-1.316061272698182,17662.006311323534,4.2470400356201266
131,Erysipelatoclostridium-ramosum,1.1522840116563267,0.4315,0.5858031746031745,-0.23224827910558923,68.79901163943649,1.8375821992439116
132,Erysipelotrichaceae,43.62445110224488,0.0003,0.0015457627118644066,-2.810857173313728,115941.41170151801,5.064238584032397
133,Erysipelotrichaceae-UCG-003,0.6669174885840862,0.7926,0.8990686567164179,-0.04620714242186425,565.5885993833483,2.752500646766914
134,Escherichia-Shigella,1.2609336057924023,0.0124,0.036246153846153845,-1.4407380705277915,2998389.0023933104,6.476887976288575
135,Ethanoligenenaceae,1.165527236720565,0.1425,0.28129870129870127,-0.5508322728831804,26.44265996744325,1.422305140339974
136,Eubacterium-plexicaudatum,1.1761928507788908,0.1652,0.3198777070063694,-0.4950160258161166,703.8748558975677,2.847495451437117
137,Eubacterium-sp.-14-2,1.1186370096380225,0.2179,0.3919621301775148,-0.40675589075866414,36949.55713218449,4.567609237420936
138,Faecalibacterium,1.3888889470191703,0.1153,0.23524295302013423,-0.6284833775088212,1001.7644456160544,3.0007656137512124
139,Faecalibaculum,13.527714433320448,1e-06,1.9e-05,-4.721246399047171,18256432.172324058,7.261415907959
140,Faecalibaculum-rodentium,2.4462444761908104,0.0005,0.0022686567164179106,-2.644231214756054,9529.388881473416,3.9790650502800986
141,Faecalitalea,0.8427151160444031,0.7205,0.8234285714285715,-0.0843740678723051,459.10026193105347,2.661907540544672
142,Family-XIII-AD3011-group,6.2576096068910205,8e-05,0.0005527272727272728,-3.2574891058854902,7070.601161418523,3.84945634024493
143,Family-XIII-UCG-001,0.8425925925925934,1.0,1.0,0.0,4.124879161260454,0.615411230372859
144,Firmicutes,1.209876543209877,0.1715,0.32585000000000003,-0.4869822746683817,75.94656177983872,1.8805081174503804
145,Flavobacterium,1.9297307306634728,0.0387,0.0964327868852459,-1.0157752820470831,903.8420627817104,2.9560925485562763
146,Flavonifractor,2.6444005452006345,0.0027,0.00901978021978022,-2.0448040445533526,1216.7140439304062,3.08518852092882
147,Frisingicoccus,2.715948844324975,0.0018,0.00608,-2.216096420727265,13528.370306947627,4.131245482530466
148,Fusicatenibacter,0.8425925925925928,1.0,1.0,0.0,4.291944020609318,0.6326540488719612
149,Fusobacterium,0.8425925925925924,1.0,1.0,0.0,32.73400215422142,1.514999106659558
150,GCA-900066575,8.070275072006295,1.5e-05,0.00015724137931034482,-3.8034331552345213,225732.29464569702,5.353593696353324
151,Gastranaerophilales,3.7530998330437257,3e-06,4.3428571428571424e-05,-4.362224456405503,681797.8664895425,5.833655637882505
152,Harryflintia,4.840285709551942,0.0006,0.0026057142857142854,-2.5840732060218596,10717.628466181695,4.03009869785745
153,Helicobacter,4.77779966228504,0.0002,0.001125925925925926,-2.9484901805502335,56567.279788858126,4.752565294860384
154,Helicobacter-ganmani,5.473575864246954,2e-05,0.00017371428571428572,-3.7601644650775405,1900083.9392702344,6.278772787035277
155,Helicobacter-hepaticus,5.251146479990307,0.0002,0.001125925925925926,-2.9484901805502335,61712.075168738644,4.790370150517114
156,Helicobacter-mastomyrinus,3.2127705611678077,0.0053,0.016610309278350513,-1.7796222810567022,392148.0356429476,5.593450043873548
157,Holdemanella,1.0977875805044945,0.4516,0.5858031746031745,-0.23224827910558923,138.33980085050777,2.140947146146856
158,Incertae-Sedis,3.873782118117006,9e-05,0.000608,-3.216096420727265,402421.45981339074,5.604681132162271
159,Intestinimonas,4.581969879198557,2e-05,0.00017371428571428572,-3.7601644650775405,92202.65133268223,4.964743409585061
160,Klebsiella,1.209876543209877,0.4315,0.5858031746031745,-0.23224827910558923,16886.92019308543,4.2275504509262305
161,Lachnoclostridium,8.77472835139468,0.0002,0.001125925925925926,-2.9484901805502335,1092966.3099682918,6.038606775288801
162,Lachnospiraceae,8.121996209873071,0.0008,0.0033315068493150685,-2.4773592895197587,6721681.4482218865,6.827477926675917
163,Lachnospiraceae-AC2044-group,0.8721824946447271,0.4854,0.5858031746031745,-0.23224827910558923,0.0,
164,Lachnospiraceae-FCS020-group,6.137692301778626,3e-05,0.0002464864864864865,-3.608206885738579,126697.48692527779,5.102768000634755
165,Lachnospiraceae-NC2004-group,0.8721824946447271,0.4854,0.5858031746031745,-0.23224827910558923,0.0,
166,Lachnospiraceae-NK4A136-group,10.067527553135509,7e-05,0.0005066666666666666,-3.29527766677489,6617837.422512088,6.820716093834237
167,Lachnospiraceae-UCG-001,1.7061694063771566,0.0003,0.0015457627118644066,-2.810857173313728,72421.26658094265,4.859866115956057
168,Lachnospiraceae-UCG-006,10.615721615940345,3e-06,4.3428571428571424e-05,-4.362224456405503,374427.48047603597,5.573367715549858
169,Lachnospiraceae-UCG-010,1.209717453780064,0.447,0.5858031746031745,-0.23224827910558923,248.01448648915598,2.3944770486429867
170,Lachnospiraceae-bacterium-10-1,1.403344388682308,5e-05,0.0004,-3.3979400086720375,2220085.8042506217,6.3463697598526405
171,Lachnospiraceae-bacterium-28-4,1.8614566023639587,0.0326,0.0839864406779661,-1.0757908236294327,585564.4767151364,5.767574722362934
172,Lachnospiraceae-bacterium-3-2,0.8721824946447271,0.4854,0.5858031746031745,-0.23224827910558923,0.0,
173,Lachnospiraceae-bacterium-595,5.295459164111697,1e-06,1.9e-05,-4.721246399047171,104239.77625314327,5.018033470508351
174,Lachnospiraceae-bacterium-A4,1.504040467521612,0.1101,0.22615135135135137,-0.6456008128144518,1859.407422785245,3.269374560337156
175,Lachnospiraceae-bacterium-COE1,1.2098765432098768,0.4445,0.5858031746031745,-0.23224827910558923,137.6745681451613,2.1388537228691904
176,Lachnospiraceae-bacterium-DW59,2.9910553439326697,1e-06,1.9e-05,-4.721246399047171,213401.66351928673,5.329197800535644
177,Lactobacillales,0.8864029983272014,0.7727,0.8797782771535582,-0.055626765510792694,84.23092512440262,1.925471570657307
178,Lactobacillus,20.255942997264494,1e-06,1.9e-05,-4.721246399047171,507881.667674172,5.705762536963987
179,Lactobacillus-intestinalis,2.7124018119192765,0.0017,0.0058727272727272725,-2.231160167163141,7349.56343438163,3.8662615426665057
180,Lactobacillus-mucosae-LM1,2.623316181376356,0.0335,0.0855798319327731,-1.0676285707469317,152.37581100180205,2.1829160301123784
181,Lactobacillus-murinus,1.2218791203674155,0.0996,0.20597551020408164,-0.6861844127157236,8845.35171596043,3.946715106354156
182,Lactococcus,1.2098765432098768,0.4315,0.5858031746031745,-0.23224827910558923,592.9681638436382,2.773031376942359
183,Lactococcus-raffinolactis,0.8721824946447271,0.4854,0.5858031746031745,-0.23224827910558923,0.0,
184,Leuconostoc,1.3175564055256666,0.0955,0.20022068965517242,-0.6984910470424748,452.75878758530473,2.655866888279902
185,Lysinibacillus,2.0720237951429747,0.0564,0.13395,-0.8730572820557723,2450.252246714033,3.389210796085711
186,Lysobacter,0.8425925925925932,1.0,1.0,0.0,63.05745495407705,1.7997364383163328
187,Malacoplasma-muris,2.5523453568298065,0.0434,0.1072650406504065,-0.9695417983181335,6592.628811047102,3.8190586240749442
188,Marvinbryantia,8.669552092208,0.0014,0.0048919540229885065,-2.3105176333316266,197630.6157287698,5.2958542237137785
189,Megamonas,1.6345323940585632,0.0981,0.20426301369863015,-0.6898102647957348,1692.368905779769,3.228495037356302
190,Megasphaera,1.2098765432098757,0.4445,0.5858031746031745,-0.23224827910558923,0.0,
191,Methyloprofundus,1.0410809787949624,0.3044,0.5257818181818181,-0.2791944361068609,2439.4231911553165,3.3872871482599023
192,Micrococcaceae,1.1536709640406517,0.1777,0.3334617283950617,-0.47695400312857567,241.2327987824572,2.3824363555487027
193,Monoglobus,3.8971972301829125,0.0185,0.05112727272727272,-1.2913473731464575,5012.777643444629,3.7000784406260667
194,Morganella,0.8721824946447271,0.4854,0.5858031746031745,-0.23224827910558923,0.0,
195,Mucilaginibacter,1.2098765432098766,0.4412,0.5858031746031745,-0.23224827910558923,42.14829258781361,1.6247799862037022
196,Mucispirillum,0.8721824946447271,0.4854,0.5858031746031745,-0.23224827910558923,0.0,
197,Mucispirillum-schaedleri,4.678664751044332,1.1e-05,0.00013376,-3.8736737399050587,2816156.195396796,6.449656738864143
198,Muribaculaceae,10.125249811644307,7e-05,0.0005066666666666666,-3.29527766677489,121304937.17104213,8.083878477226873
199,Muribaculum,23.47323782815817,1e-06,1.9e-05,-4.721246399047171,1367002.209052508,6.135769216380945
200,Muribaculum-intestinale,0.8425925925925922,1.0,1.0,0.0,45.25905642548785,1.655705495410235
201,NK4A214-group,2.8970852198159176,8e-05,0.0005527272727272728,-3.2574891058854902,26535.7443182851,4.423831273943561
202,Negativibacillus,5.047735853036068,0.0002,0.001125925925925926,-2.9484901805502335,18192.910749111878,4.259902188956082
203,Nostoc-PCC-73102,0.8425925925925929,1.0,1.0,0.0,67.9858153823178,1.8324183105917098
204,Nostocaceae,1.2098765432098764,0.4412,0.5858031746031745,-0.23224827910558923,118.01717562104243,2.071945216921574
205,Odoribacter,3.875966192440143,0.0031,0.010025531914893616,-1.9988925761566723,488246.525972713,5.688639161829327
206,Oscillibacter,4.7455061692047575,0.0012,0.0042917647058823526,-2.3673640960579143,1025577.2504940642,6.010968378697292
207,Oscillospiraceae,7.017672643147913,0.0004,0.0019934426229508196,-2.7003962600740508,2367472.0644596554,6.37428486314623
208,Oscillospirales,2.908714984122759,0.0013,0.004595348837209302,-2.337681515327977,9834.2516238751,3.9927413161630536
209,Oxalobacter-formigenes,1.1221897711250155,0.3104,0.5301213483146068,-0.27562470611398937,156.0030538867732,2.1931331001056944
210,Paenarthrobacter,0.930610223032386,0.5595,0.6644062500000001,-0.1775662908387269,3152.5056825094985,3.498655878077885
211,Paludicola,2.2167578138891426,0.0712,0.16274285714285713,-0.7884980637214757,2834.5631849956194,3.4524861422545223
212,Parabacteroides,3.6397387310660516,0.0005,0.0022686567164179106,-2.644231214756054,530034.5107446356,5.724304147597052
213,Parabacteroides-distasonis,3.5500983806609865,0.0012,0.0042917647058823526,-2.3673640960579143,281642.12627285474,5.449697614388875
214,Parabacteroides-goldsteinii,8.842817372871828,2e-05,0.00017371428571428572,-3.7601644650775405,3066927.163764825,6.486703462076182
215,Parabacteroides-merdae,31.32651848239005,1e-06,1.9e-05,-4.721246399047171,42316.02569587839,4.626504872179295
216,Parabacteroides-sp.,1.0909858556082102,0.439,0.5858031746031745,-0.23224827910558923,20918.8076996405,4.3205369276033005
217,Parabacteroides-sp.-CT06,1.2098765432098768,0.4426,0.5858031746031745,-0.23224827910558923,80.90438177419355,1.9079720436001544
218,Paraprevotella,1.2182500212710987,0.0753,0.16797664233576642,-0.7747511040475803,1870.0219287868376,3.271846699314723
219,Parasutterella,10.294892786837288,8e-06,0.00010133333333333333,-3.9942476711109087,18136708.108610243,7.258558463539864
220,Parasutterella-excrementihominis,1.156125235400589,0.3246,0.5512759776536313,-0.2586309318809263,4844.141273070209,3.6852168002885555
221,Parvibacter,1.1620528781809776,0.269,0.4672914285714286,-0.3304121850751327,2541.384498276444,3.405070376521092
222,Pasteurellaceae-bacterium,0.9790550194711953,0.5269,0.6306204724409449,-0.20023193443839607,606.0097850112504,2.782479636611968
223,Pedobacter,0.9656194366438728,0.7105,0.8150641509433962,-0.08880820806456555,198.00656928489647,2.2966795991345252
224,Peptococcaceae,2.2664376012900282,0.021,0.05751351351351352,-1.2402301004439844,435361.6886581648,5.638850208957688
225,Peptococcus,5.7413769613713095,0.0002,0.001125925925925926,-2.9484901805502335,9315.015163937547,3.9691835662219597
226,Peptoniphilus,0.842592592592592,1.0,1.0,0.0,15.98475235268817,1.2037059122564953
227,Peptostreptococcaceae,1.2098765432098764,0.1827,0.33866341463414634,-0.4702317170864064,2395.4186914193547,3.3793814340264743
228,Porphyromonas,0.8721824946447271,0.4854,0.5858031746031745,-0.23224827910558923,0.0,
229,Prevotella,0.8425925925925932,1.0,1.0,0.0,94.58618242562724,1.975827697346814
230,Prevotellaceae,3.445715292846083,0.0007,0.002955555555555556,-2.5293608728082577,10921.582401546495,4.038285566800218
231,Prevotellaceae-UCG-001,4.623781326768492,0.0002,0.001125925925925926,-2.9484901805502335,24525.716306159993,4.389621700385105
232,Proteus,1.2051134466222684,0.2111,0.38628023952095814,-0.41309750797350764,9789.202272561899,3.990747302350616
233,Providencia,1.148054186244971,0.447,0.5858031746031745,-0.23224827910558923,38.685661523894865,1.5875500276824592
234,Providencia-alcalifaciens,0.8721824946447271,0.4854,0.5858031746031745,-0.23224827910558923,0.0,
235,Pseudarthrobacter,0.8721824946447271,0.4854,0.5858031746031745,-0.23224827910558923,0.0,
236,Pseudomonas,1.2098765432098755,0.4315,0.5858031746031745,-0.23224827910558923,0.0,
237,RF39,1.1878486224644298,0.1846,0.3401115151515151,-0.46837866391525934,5177.918474393578,3.714155208246452
238,Rhizobiaceae,1.2098765432098766,0.4516,0.5858031746031745,-0.23224827910558923,26.1372313172043,1.4172595814333684
239,Rhodococcus,0.8425925925925918,1.0,1.0,0.0,0.0,
240,Rhodospirillales,1.5066171956964292,0.0278,0.07348869565217392,-1.1337794608267817,24071.05830383862,4.381495184808202
241,Rickettsia,1.209876543209878,0.4436,0.5858031746031745,-0.23224827910558923,445.9746627377538,2.649310185739595
242,Rikenella,6.612026082520339,3e-06,4.3428571428571424e-05,-4.362224456405503,168204.72082807345,5.225838180527358
243,Rikenella-sp.-Marseille-P3215,1.03000526564479,0.4824,0.5858031746031745,-0.23224827910558923,14.368887794354837,1.1574231534182955
244,Rikenellaceae,1.6003642749850477,0.0543,0.1299779527559055,-0.8861303077583562,8829.77840409329,3.945949804473707
245,Rikenellaceae-RC9-gut-group,37.998992884151626,1e-06,1.9e-05,-4.721246399047171,1206624.9343279947,6.081572295561167
246,Rikenellaceae-bacterium-DTU002,0.8425925925925922,1.0,1.0,0.0,110.89275190188172,2.0449031610104105
247,Romboutsia,0.8425925925925932,1.0,1.0,0.0,3.356733809289128,0.525916902838564
248,Roseburia,3.5343954487591116,0.0028,0.009252173913043478,-2.0337562123945823,1109527.7503484413,6.0451381688235335
249,Ruminiclostridium,1.2003972272266794,0.0886,0.1896788732394366,-0.721981038887252,280.88599773134206,2.4485300900040614
250,Ruminococcaceae,7.487708379038031,0.001,0.003753086419753086,-2.425611435269896,593099.3122537521,5.7731274204343235
251,Ruminococcus,3.2402319051830193,0.0372,0.09371239669421488,-1.0282029548990086,6469.796378494623,3.810890612494395
252,Ruminococcus-sp.-N15.MGS-57,3.589003201488972,1e-06,1.9e-05,-4.721246399047171,1559345.5318903301,6.192942360195928
253,Shewanella,1.209876543209876,0.4463,0.5858031746031745,-0.23224827910558923,103.22711529370768,2.013793791047562
254,Sphingobium,0.9757612971807368,0.4856,0.5858031746031745,-0.23224827910558923,4135.320051036021,3.6165091271944796
255,Sphingomonas,0.8425925925925923,1.0,1.0,0.0,69.61841637092792,1.8427241400458036
256,Sphingopyxis,0.8721824946447271,0.4854,0.5858031746031745,-0.23224827910558923,0.0,
257,Streptococcus,1.4631266954632403,0.2122,0.38628023952095814,-0.41309750797350764,22958.95748913179,4.360952163909014
258,Streptococcus-danieliae,0.842592592592593,1.0,1.0,0.0,63.939009392274,1.8057659034589444
259,Streptococcus-respiraculi,1.2098765432098775,0.4315,0.5858031746031745,-0.23224827910558923,353.12025562524894,2.5479226302053086
260,Streptomyces-sp.-Q1,0.8721824946447271,0.4854,0.5858031746031745,-0.23224827910558923,0.0,
261,Subdoligranulum,0.409444282482043,0.9343,1.0,0.0,1763.901862184323,3.2464744187224266
262,Subgroup-2,0.842592592592593,1.0,1.0,0.0,154.47126404798883,2.1888477004202724
263,Tannerellaceae,21.2849601445274,3e-06,4.3428571428571424e-05,-4.362224456405503,100358.20466277382,5.0015528834912715
264,Turicibacter,1.2148303263261917,0.0757,0.16797664233576642,-0.7747511040475803,21771.589407117855,4.337890135313212
265,Turicimonas-muris,0.8721824946447271,0.4854,0.5858031746031745,-0.23224827910558923,0.0,
266,Tuzzerella,6.77841508173991,0.001,0.003753086419753086,-2.425611435269896,359038.76907372667,5.555141346310112
267,Tyzzerella,1.2098765432098773,0.4436,0.5858031746031745,-0.23224827910558923,1472.1774464083035,3.1679601601043226
268,UBA1819,1.9239123882943092,0.1344,0.2705801324503311,-0.5677040949666093,19465.653835337216,4.289268995894409
269,UCG-003,1.3928511576333054,0.1421,0.28129870129870127,-0.5508322728831804,6549.677130134508,3.816219891738802
270,UCG-005,3.038833500919361,0.0229,0.06214513274336283,-1.2065928799825216,2737.8346084165405,3.4374072090201855
271,UCG-007,1.587027147024995,0.1501,0.2925025641025641,-0.5338703225024375,529.327577422043,2.7237245208762584
272,UCG-009,3.5430969791680518,1e-06,1.9e-05,-4.721246399047171,168972.21843673912,5.227815305966141
273,UCG-010,5.032334455529842,0.0012,0.0042917647058823526,-2.3673640960579143,16661.950680161553,4.221725844612032
274,Vagococcus,0.8721824946447271,0.4854,0.5858031746031745,-0.23224827910558923,0.0,
275,Vagococcus-fluvialis,1.0056841297944408,0.7065,0.8150641509433962,-0.08880820806456555,70.23159354540024,1.846532522611395
276,Veillonella,2.3339074219445166,0.0456,0.11179354838709678,-0.9515832588890464,48.378326104017326,1.684650837643783
277,Verrucomicrobiaceae-bacterium-CHC8,0.8425925925925923,1.0,1.0,0.0,69.61841637092792,1.8427241400458036
278,Vibrio,0.8721824946447271,0.4854,0.5858031746031745,-0.23224827910558923,0.0,
279,Victivallis-vadensis,0.8721824946447271,0.4854,0.5858031746031745,-0.23224827910558923,0.0,
280,Wolbachia,0.8721824946447271,0.4854,0.5858031746031745,-0.23224827910558923,0.0,
281,Xanthobacteraceae,0.8721824946447271,0.4854,0.5858031746031745,-0.23224827910558923,0.0,
282,[Acetivibrio]-ethanolgignens-group,1.645202431704299,0.0752,0.16797664233576642,-0.7747511040475803,209.01579955463262,2.3201791157763636
283,[Clostridium]-aldenense,2.8930666894034736,0.0009,0.0035532467532467535,-2.449374632124403,10163.736889372361,4.007053413858386
284,[Clostridium]-cocleatum,0.8425925925925924,1.0,1.0,0.0,17.340755781959377,1.2390680219049852
285,[Clostridium]-innocuum-group,2.355506592796709,0.0102,0.030700990099009902,-1.5128476184119712,6625.076467608123,3.8211908953286335
286,[Clostridium]-leptum,7.286996227051197,0.0007,0.002955555555555556,-2.5293608728082577,6778.980190432784,3.831164364813956
287,[Clostridium]-methylpentosum-group,1.209876543209877,0.4463,0.5858031746031745,-0.23224827910558923,575.4219169892472,2.759986399518534
288,[Eubacterium]-brachy-group,1.4981737989054358,0.1418,0.28129870129870127,-0.5508322728831804,907.0249900582587,2.9576192527656002
289,[Eubacterium]-coprostanoligenes-group,2.71489565487791,0.0652,0.15015757575757574,-0.823452751865176,49176.354419705836,4.691756330134923
290,[Eubacterium]-fissicatena-group,1.2863814130547981,0.2266,0.40284444444444445,-0.3948626212560217,2672.5851333438277,3.426931548250346
291,[Eubacterium]-hallii-group,1.0820061047130598,0.4445,0.5858031746031745,-0.23224827910558923,108.63858087455196,2.0359840838659493
292,[Eubacterium]-nodatum-group,1.1149847926935652,0.3635,0.5858031746031745,-0.23224827910558923,5657.975869847834,3.7526610909445353
293,[Eubacterium]-oxidoreducens-group,1.2098765432098764,0.4445,0.5858031746031745,-0.23224827910558923,1113.5960747670251,3.0467276914564785
294,[Eubacterium]-ventriosum-group,2.5440731784054664,0.0231,0.06214513274336283,-1.2065928799825216,495.45269185495323,2.6950021923284386
295,[Eubacterium]-xylanophilum-group,3.5127589433311077,0.0006,0.0026057142857142854,-2.5840732060218596,15491.428071430722,4.190091454877
296,[Ruminococcus]-gnavus-group,0.8425925925925923,1.0,1.0,0.0,17.996314476528273,1.2551835736370953
297,[Ruminococcus]-torques-group,3.659088061807933,0.0009,0.0035532467532467535,-2.449374632124403,1569.9552052822582,3.19588726108677
298,bacterium-enrichment-culture-clone-M153,0.8721824946447271,0.4854,0.5858031746031745,-0.23224827910558923,0.0,
299,gut-metagenome,2.4435293866687493,0.0035,0.0112,-1.9507819773298183,170352.37971501553,5.23134820476554
300,human-gut-metagenome,1.2950951250510148,0.1681,0.3213987421383648,-0.49295582727222675,60.36192297013141,1.7807630667896721
301,marine-metagenome,2.259910340544249,0.0291,0.07587008547008547,-1.1199294266889896,137.15873211230584,2.137223461867416
302,metagenome,1.1845056175885091,0.2512,0.43887816091954024,-0.3576560296086875,353.19582082656314,2.5480155561662885
303,mouse-gut-metagenome,4.858031816745176,0.0009,0.0035532467532467535,-2.449374632124403,492152.27605795115,5.692099497929228
