SampleID,Muribaculaceae,Bacteroides,Akkermansia_dash_muciniphila,Parasutterella,Bacteroides_dash_acidifaciens,Faecalibaculum,Lachnospiraceae_dash_NK4A136_dash_group,Parabacteroides_dash_goldsteinii,Bacteroides_dash_uniformis,Clostridia_dash_UCG_dash_014,Lachnospiraceae,Alloprevotella,Escherichia_dash_Shigella,Desulfovibrionaceae,Helicobacter_dash_ganmani,Bacteroides_dash_vulgatus_dash_ATCC_dash_8482,Oscillospiraceae,Lachnospiraceae_dash_bacterium_dash_28_dash_4,Clostridia_dash_vadinBB60_dash_group,Mucispirillum_dash_schaedleri,Colidextribacter,Muribaculum,Lachnospiraceae_dash_bacterium_dash_10_dash_1,Roseburia,Oscillibacter,Desulfovibrio,Peptococcaceae,Parabacteroides,Ruminococcaceae,Ruminococcus_dash_sp_dot__dash_N15_dot_MGS_dash_57,Anaerotruncus,Rikenellaceae_dash_RC9_dash_gut_dash_group,Lactobacillus,Alistipes,Lachnoclostridium,Helicobacter_dash_mastomyrinus,Gastranaerophilales,Lachnospiraceae_dash_UCG_dash_006,Blautia,Bilophila
sample411,0.2146377286039125,0.0383373295700875,0.005184785397662423,0.005945692469674314,0.004963591481379897,0.07610840271449174,0.01824407421498279,0.002088070569707051,0.003034780531396264,0.001574900683931589,0.04693734903515213,0.1328225228493315,0.05689107526786583,0.08185059678118613,0.03762066128133212,0.0,0.02228749900462738,0.001238685931182149,0.01318315741043858,0.004043424789644585,0.0100068127726215,0.001601443953885492,0.000566256425683268,0.005556391177017068,0.009847553152898082,0.001274076957787353,0.0008316891252222999,0.0333029560354972,0.00691009794466613,0.0,0.009803314369641578,0.02066835953743928,0.002194243649522663,0.02753421869884891,0.003769144333454252,0.003724905550197747,0.002610088212133814,0.003636427983684737,0.0009201666917353106,0.0002123461596312255
sample412,0.1331630223784931,0.00727941984397319,0.007087133282056917,0.002536351316705124,0.003104054499505549,0.03991319635204923,0.04043511702010769,0.0025729773284987,0.00217924770171776,0.003653444676409186,0.04727502472255798,0.09168406402226863,0.003909826758964216,0.1999413983811303,0.1332179613961836,0.0,0.02845841116360839,0.001327692927517123,0.001822144086730396,0.01261766106288686,0.01993370691865363,0.0009522763066329707,0.001300223418671941,0.006418708566824157,0.008662051789180676,0.001996117642749881,0.001593231513020547,0.03781635717686701,0.01149141120023441,0.0,0.01665567886312859,0.01986961139801487,0.00243562978427279,0.01342343332234553,0.00491704208328755,0.005264989195326521,0.0004395121415229096,0.006830751199501886,0.003149837014247518,0.0002930080943486064
sample413,0.1777783956109135,0.00518053084223013,0.02034215599051008,0.001334519572953737,0.003975756227758007,0.02967452550415184,0.01824770166073547,0.001927639383155397,0.001621811981020166,0.007182310201660736,0.03893275504151838,0.0273391162514828,0.001992511862396204,0.2028284400948992,0.1514865065243179,0.0,0.03010083036773428,0.000926749703440095,0.00185349940688019,0.03063834519572953,0.01327105575326216,0.0008155397390272836,0.0008526097271648873,0.01899836892052194,0.009944024317912217,0.001788626927639383,0.0007970047449584815,0.01786773428232503,0.01334519572953737,3.70699881376038e-05,0.01477239027283511,0.0195266162514828,0.0007784697508896797,0.01901690391459075,0.005745848161328589,0.003530916370106761,0.0008340747330960854,0.004902505931198102,0.001315984578884935,0.0003428973902728351
sample414,0.2233322748479444,0.002247245902440216,0.01259190502943404,0.006070006595178192,0.002784630792154181,0.1023351816116662,0.05132025696768363,0.001306822345440778,0.001184689415960331,0.001624367962089939,0.06129851730623612,0.02526930310950438,0.002051833215271501,0.1857886123256552,0.04310071081364958,0.0,0.02951952905542393,0.001245755880700554,0.005202862795867022,0.01217665306920052,0.01337355577810889,0.002479298468453065,0.008353892376462542,0.008231759446982095,0.008024133466865336,0.001893060406946921,0.0008060773345709471,0.01055228510711058,0.01703754366252229,0.0,0.01293387723197929,0.01246977209995359,0.002161752851803904,0.01278731771660275,0.008317252497618407,0.008964557023864774,0.0003297589095972056,0.00367620117736144,0.003309802388920101,0.0003297589095972056
sample426,0.1610536940420511,0.1162660108326344,0.007157784001251013,0.08991655175355046,0.3388610096242696,0.08332740997682785,0.006120011941486714,0.0002629970288443768,0.003781470793113743,0.0004335896962028915,0.009233328120779608,0.01564476920233712,0.00453492174061385,0.06456221656739122,0.01346971269351606,0.0,0.002210596647854086,0.0006823706694340588,0.000483345890849125,0.0009595837538916453,0.000710802780660478,0.002402513398632415,0.0003198612512972151,0.003354989124717456,0.0003411853347170294,8.529633367925735e-05,0.0002772130844575864,0.01194859474290263,0.0003482933625236342,4.264816683962868e-05,0.001222580782736022,0.002665510427476792,0.0004975619464623346,0.001450037672547375,0.001471361755967189,0.001144392476863369,5.686422245283824e-05,0.0005757502523349872,0.0001563766117453051,0.0001421605561320956
sample427,0.2231632614947895,0.08220035109998879,0.01101856347813095,0.08311545213461322,0.2861184775706869,0.09096851305419638,0.001680797818697942,0.0003174840324207224,0.003081462667612893,0.0003641728607178874,0.001372651551936653,0.063982370298435,0.06341276659320957,0.01115862996302245,0.008123856123706719,0.0,0.0002707952041235573,0.0003454973293990214,0.0002894707354424233,0.0001213909535726291,0.0001960930788480932,0.003333582340417585,0.0002054308445075262,0.002623912150300676,0.0,4.668882829716505e-05,3.735106263773205e-05,0.006807231165726665,0.0001213909535726291,0.0,0.000859074440667837,0.002530534493706346,0.001316624957980055,0.001251260598364024,0.0002427819071452583,0.0002801329697829903,5.602659395659807e-05,0.0003361595637395884,3.735106263773205e-05,7.470212527546409e-05
sample428,0.2719877427328287,0.09716931620024717,0.002878087595442464,0.03964988910897795,0.2546091726344659,0.06748268914960977,0.00476577445951208,0.0003216686136082754,0.003098176646858652,0.0006856620447965869,0.02995750588314964,0.007381448185958318,0.001354394162561159,0.05244891394518089,0.03648399275399123,0.0,0.004283271539099666,0.0007449167894086376,0.0004063182487683478,0.002564883945350195,0.001125840147628964,0.003284405844210812,0.000448643066348384,0.02038363214654545,0.001379789053109181,0.000482502920412413,0.0008634262786327391,0.01152928030880187,0.001100445257080942,0.0001354394162561159,0.004875818985220173,0.00209084598845379,0.003521424822659014,0.001946941608681666,0.006924340156093927,0.001523693432881304,2.539489054802174e-05,0.002277075185805949,0.0007364518258926304,0.0002793437960282391
sample429,0.556779552987167,0.01248194102150081,0.01077164952834197,0.0487379960907623,0.07849281890031443,0.1151206764680887,0.008519588680207359,0.0002443273561655477,0.001465964136993286,0.0004992776408600323,0.005268972550352681,0.01720914421687771,0.000892325996430696,0.0541556896405201,0.01025112603042407,0.0,0.002453896490184414,0.0005311464264468428,0.000520523497917906,0.001423472422877539,0.0002018356420498003,0.005523922835047166,0.002507011132829098,0.008710801393728224,0.0002655732132234214,0.0001805897849919266,0.0003611795699838531,0.00520523497917906,0.0003505566414549163,0.0,0.001625308064927339,0.001720914421687771,0.0007011132829098326,0.001391603637290728,0.001072915781422623,0.004822809552137333,0.0,0.0009135718534885697,0.0002018356420498003,0.0002018356420498003
sample441,0.5614003702378546,0.03316584478011294,0.1043044039637229,0.008431467106388936,0.05597903022572065,0.005374671375013611,0.01822410279545136,0.0001166715928005849,0.02086088079274458,0.024866605478898,0.01237496694304871,0.04869094472877743,0.002411212917878755,0.03633931210428885,0.01450616803820606,0.0,0.004153508703700823,0.0005444674330693963,0.0006533609196832755,0.0002800118227214038,0.001812298741502419,0.005545789711121137,0.000505576902135868,0.00105782244139197,0.002411212917878755,5.444674330693963e-05,0.001680070936328423,0.002068976245663706,0.000941150848591385,0.0,0.001532286918781015,0.003290138916976494,7.000295568035095e-05,0.002076754351850411,0.0002488993979745811,0.004083505748020472,1.555621237341132e-05,0.0004433520526422227,0.000458908265015634,0.0001866745484809359
sample442,0.4892534655983721,0.009810868261841174,0.1126069657164659,0.02155665776421213,0.03832597518213696,0.01977616685743355,0.008475500081757233,0.0002271034319870642,0.01092821714721753,0.03221235079304519,0.03032285023891282,0.03540088297814357,0.0006631420214022275,0.02374593484856743,0.06422485056594175,0.0,0.01136425573663269,0.001081012336258426,0.001244526807289112,0.002816082556639596,0.006658672625860722,0.007794189785796043,0.0007176468450791228,0.006894860195127269,0.005441398230410058,0.0,0.0004542068639741284,0.001744154357660653,0.002361875692665468,0.0,0.004923602405479552,0.0005177958249305063,0.0001725986083101688,0.0009447502770661871,0.001871332279573409,0.001507966788394106,7.267309823586054e-05,0.001180937846332734,0.001244526807289112,0.0001544303337512036
sample443,0.3772741689011907,0.02808292246922123,0.1368105411873252,0.02529337139232477,0.1381007986621688,0.02816942017703198,0.00345990831242972,0.0002018279848917337,0.02193437707234092,0.08499120606637259,0.009550788570769544,0.02465905486837932,0.0004901536775942105,0.01921690741862007,0.007712712279791252,0.0,0.003200415188997492,0.0004973618199117724,0.000446904823688839,0.0002450768387971052,0.001023556209093792,0.01248450249401724,0.0002306605541619814,0.002248940403079318,0.001254216763255774,0.0,0.001383963324971888,0.002357062537842747,0.0005982758123576392,0.0,0.001924573998789032,0.001650664590721679,0.0006271083816278868,0.00244356024565349,0.0008649770781074301,0.006249459389326183,0.03040394429547617,0.0003676152581956578,0.0006415246662630107,0.0001009139924458668
sample444,0.5599414231511686,0.004632896225787126,0.09135325833721626,0.06194501763961925,0.03236370897956466,0.04068428409771684,0.01308660054582973,0.0002662584037808693,0.0008919656526659123,0.0006390201690740865,0.02658590161751981,0.01208813153165147,0.0007455235305864342,0.04242827664248153,0.02332423617120415,0.0,0.002249883511948346,0.0004792651268055648,0.0007322106103973907,0.005591426479398256,0.0005325168075617386,0.01104972375690608,0.004766025427677561,0.003927311455767822,0.001783931305331825,0.000199693802835652,0.00130466617852626,0.001823870065898955,0.001837182986087998,0.0,0.00360780137123078,0.0004792651268055648,0.0001464421220794781,0.000798775211342608,0.0007055847700193037,0.001770618385142781,0.0,0.001104972375690608,0.002609332357052519,0.0001730679624575651
sample456,0.5726147356430262,0.02124289159628717,0.005713421200174428,0.02310286827983305,0.05409061379230556,0.009468972207142667,0.004387409114775691,0.0002402840691662143,0.04220100207356253,0.03286552101595664,0.01893794441428533,0.03096104728256516,0.003684355727215286,0.02293377949041979,0.04495981916398942,0.0,0.004138225635640357,0.0006674557476839285,0.0006496569277456905,0.000578461647992738,0.001094627426201643,0.03914850445415469,0.0003559763987647619,0.0007030533875604047,0.001495100874812,9.789350966030953e-05,0.0016819884841635,0.002821112960210738,0.001023432146448691,0.0,0.003052497619407833,0.001005633326510452,9.789350966030953e-05,0.002171456032465048,0.0007920474872515952,0.0007386510274368809,0.01704237009086297,0.000756449847375119,0.001539597924657595,5.339645981471429e-05
sample457,0.4460210435304042,0.009176039102756299,0.0207367327443748,0.05203706673546372,0.05331306609397769,0.02391627212952439,0.009936060578592497,0.0001045901113536052,0.01230676976927421,0.02975240034305557,0.04592900423241317,0.07084934143093218,0.0006484586903923524,0.03961873418074567,0.0592747024411332,0.0,0.008283536819205534,0.000899474957641005,0.002440435931584122,0.002586862087479169,0.005843100887621412,0.04149438351102031,0.0008367208908288418,0.006017417739877419,0.002928523117900946,0.000139453481804807,0.001652523759386963,0.002273091753418353,0.002321900472050035,0.0,0.006198707266223669,0.0004462511417753823,0.0003346883563315367,0.001568851670304078,0.002747233591554697,0.002287037101598834,0.001373616795777349,0.0008576389130995628,0.002370709190681718,0.0002789069636096139
sample458,0.470733752620545,0.0110020964360587,0.008821802935010482,0.02181132075471698,0.2268511530398323,0.01346750524109015,0.0100377358490566,0.0001844863731656185,0.002473794549266248,0.0610985324947589,0.008243186582809224,0.04877987421383648,0.0005618448637316562,0.01178197064989518,0.01490985324947589,0.0,0.001392033542976939,0.000259958071278826,0.0009140461215932914,0.000259958071278826,0.0007631027253668763,0.02189517819706499,0.0002935010482180293,0.00140041928721174,0.0003438155136268343,3.354297693920335e-05,0.0008050314465408804,0.001467505241090147,0.0005953878406708595,0.0,0.0009140461215932914,0.002138364779874214,0.0001593291404612159,0.002566037735849057,0.0005115303983228511,0.000519916142557652,0.03323270440251572,0.0001425576519916143,0.000469601677148847,3.354297693920335e-05
sample459,0.473711123142634,0.004316308728869638,0.02248390783853697,0.0994856524093124,0.0298983336341214,0.05068278890693617,0.07067015580821753,0.0,0.003428983937917344,0.04371954520844613,0.0185586235938158,0.0120014437827107,0.0004361426938579077,0.01511460025266197,0.02424351801720508,0.0,0.002210792275762498,0.0005865367262227035,0.0007068519521145401,0.001458822113938519,0.0005113397100403056,0.0815887625579017,0.001127955242735968,0.001398664500992601,0.001804728388377549,0.0001353546291283162,0.0007970883715334176,0.002376225711363773,0.001007640016844132,0.0,0.00246646213078265,0.0003158274679660711,0.0003308668712025507,0.0008121277747698972,0.0009625218071346929,0.001022679420080611,0.0,0.0007218913553510197,0.001534019130120917,9.023641941887746e-05
sample471,0.7020417192390263,0.001695970635948023,0.02679142019106297,0.0116587739852852,0.00888950792272273,0.02179363232667508,0.001278122798105756,0.000229406656070264,0.001237157323807495,0.04322676847952546,0.007881757254985498,0.07559768627001164,0.0005899028298949645,0.04087535025480525,0.01115080210398676,0.0,0.004284988611598145,0.0001228964228947843,0.000401461648122962,0.0007373785373687056,0.0009749782882986218,0.005448408081668769,0.0003031445098071345,0.0004997787864387894,0.0009176266242810559,0.0001392826126140888,0.0004424271224212234,0.003457486030773264,0.0008848542448424468,0.0,0.001106067806053059,0.003998230291510315,0.0003113376046667868,0.004653677880282497,0.00028675832008783,0.000401461648122962,0.001712356825667328,0.0001228964228947843,0.001106067806053059,6.554475887721828e-05
sample472,0.7479193364408334,0.0006900339384039093,0.01085747278590641,0.01577924546901184,0.003992339215051189,0.04088099026911324,0.0006196223120361634,0.0001830702285561392,0.0001549055780090409,0.04279618650631592,0.002520736223965301,0.09869597667966933,0.0007041162636774584,0.009329540493726324,0.002908000168987903,0.0,0.0003872639450226022,0.0,0.000457675571390348,0.0001619467406458155,0.0003943051076593767,0.003281181788736956,0.0002746053428342088,0.0,0.0003098111560180817,4.224697582064751e-05,0.00016898790328259,0.002915041331624678,0.0001196997648251679,0.0,0.0007463632394981059,0.0005492106856684176,0.0006618692878568109,0.00330230527664728,0.0001830702285561392,0.0003238934812916309,0.0004295109208432497,8.449395164129501e-05,0.0001267409274619425,0.0
sample473,0.6953998370583145,0.003611594056828012,0.01426999605244371,0.009146571925315594,0.02426487262831658,0.02360134720857375,0.002435726224372381,0.0002855679021677963,0.001579022517868991,0.04763104627039921,0.006593258917697651,0.09565684817026567,0.0001847792308144565,0.02459243581021493,0.01432878944406649,0.0,0.001629416853545662,0.0001343848951377865,0.0005207414686589228,0.0002519716783833497,0.001763801748683448,0.002124961154366249,0.0003611594056828013,0.0004283518532516946,0.001007886713533399,0.0001259858391916748,0.0009406942659645056,0.004224725140894163,0.0009742904897489523,0.0,0.00152022912624621,0.001150670664617297,0.0002099763986527914,0.003737579896019688,0.001562224405976768,0.0004703471329822528,0.001940181923551793,0.0002015773427066798,0.0007979103148806075,9.238961540722823e-05
sample474,0.5826310077991084,0.002180505268709242,0.03147026906420827,0.1046439691281022,0.01460431435786655,0.04248435614243264,0.001348870701108508,0.0002129795843855539,0.00106489792192777,0.06596281984969729,0.005902577052971065,0.04638898185616779,0.0003752497439174045,0.01836695368201134,0.009421811137818075,0.0,0.001318445046196286,0.0,0.001348870701108508,0.0008620602225129563,0.0002535471242685166,0.03876228435817081,0.0003448240890051825,0.001430005780874433,0.0007910670277177717,0.0003042565491222198,0.0006693644080688837,0.002890437216661088,0.0006389387531566617,0.0,0.001592275940406284,0.0003853916288881451,0.0001825539294733319,0.001815397409762579,0.0007809251427470309,0.003103416801046643,0.0006186549832151803,0.0001419863895903693,0.0007707832577762903,0.0
sample486,0.6287933727546584,0.003598125627580051,0.03052828294097958,0.009595001673546804,0.02652571683588084,0.01375097623563539,0.00103202052884079,0.0003207631373424077,0.001924578824054446,0.04727769719959834,0.008758228271784,0.1141219457770836,0.0002928706906169809,0.0346145263862546,0.008437465134441593,0.0,0.0005717951578712485,0.0001952471270779873,0.001101751645654357,0.0008228271784000892,0.0006554724980475287,0.01356967533192011,0.0002510320205288408,0.0002928706906169809,0.0006833649447729555,0.0004323329242441147,0.0005578489345085351,0.003402878500502064,0.0006694187214102421,0.0,0.001492245899810331,0.004420952805980141,0.0003347093607051211,0.004797500836773402,0.0004044404775186879,0.0004044404775186879,0.02125404440477519,0.0,0.0006694187214102422,9.762356353899364e-05
sample487,0.6067879917798364,0.001433585446636018,0.01842475088804616,0.02634831182955163,0.008763938617119695,0.01374264669533837,0.00171606533759878,0.0003036658827849693,0.0003813478527997288,0.04961759284760917,0.0233893349717167,0.05045090852594931,0.0006991377301328362,0.02786664124347648,0.102271844523068,0.0,0.002429327062279754,9.180596456289767e-05,0.001228787525688015,0.001377089468443465,0.005084638037329717,0.008537954704349484,0.0006002697682958695,0.0002259839127702097,0.001560701397569261,0.0003813478527997288,0.0008262536810660791,0.001680755351228434,0.001398275460265672,0.0,0.002295149114072442,0.0009745556238215292,0.0003672238582515907,0.001843181288532023,0.0004872778119107646,0.001511267416650777,0.01791628708431318,0.0002754178936886931,0.000939245637451184,0.0
sample488,0.6010341492448482,0.005338144483297374,0.02369615356000298,0.01632133025816531,0.04264935644669296,0.01196897552265457,0.0005207945837363291,0.0002975969049921881,0.002306376013689458,0.09683059296183319,0.004082657540361581,0.09894167100662152,0.000678892939513429,0.004594152220816904,0.008993006472732684,0.0,0.002138977754631352,8.36991295290529e-05,0.0008555911018525408,0.0002882970017111822,0.000613793616546388,0.01221077300796072,0.0002696971951491704,0.0,0.0009392902313815935,0.0001115988393720705,0.0001859980656201175,0.003059668179450934,0.0005672941001413585,0.0,0.000762592069042482,0.002185477271036381,0.0002231976787441411,0.005003347965181162,0.0002045978721821293,0.006779629491853284,0.03199166728666022,0.0001115988393720705,0.0001859980656201175,0.0
sample489,0.3477046929895993,0.005374717885478955,0.06237930151934666,0.07074772951131172,0.04229972777402918,0.05310345362463838,0.01932726835586372,0.000341251929236759,0.00168299246919038,0.04161722391555566,0.01522448947935814,0.01777612322296936,0.0007833282921116514,0.08738376106160374,0.1103949991080915,0.0,0.005196336195196103,0.0002094045929407385,0.003652946787966216,0.008740702823859716,0.002388763504657313,0.01937380270985055,0.003265160504742626,0.0009539542567300309,0.002349984876334955,0.00190015278779559,0.001496855053243057,0.003994198717202975,0.001605435212545662,0.0,0.002629191000255939,0.001271939008973375,0.0007833282921116514,0.002148336009058687,0.003141068894111078,0.002109557380736329,0.02000201648867276,0.000721282486795877,0.001776061177164041,3.877862832235898e-05
sample501,0.616115460004745,0.002097456833589273,0.0512878135260996,0.02651784711037867,0.01615541156347928,0.01483201618038129,0.0005618187947114124,0.0001498183452563767,0.0002621821041986591,0.04711786958313045,0.01398304555726182,0.07011498557998427,0.0004244853115597338,0.02776633332084847,0.04033858946027941,0.0,0.0006117582431302046,0.0,0.0009987889683758442,0.001435759142040276,0.001161092175736919,0.01621783587400277,0.0006117582431302047,0.0001747880694657728,0.0003495761389315455,0.001460728866249672,0.0005992733810255066,0.002347154075683234,0.0006242431052349026,0.0,0.002784124249347666,0.001285940796783899,0.0004244853115597338,0.003520731113524851,0.001036243554689939,0.0008364857610147696,0.00801528147121615,0.000237212379989263,0.0007490917262818832,0.0001123637589422825
sample502,0.6267546183359431,0.002194910369641537,0.04296668044550276,0.02646700939095604,0.0139205058191324,0.01192936696921886,0.001152764597318367,0.0002037715197279941,0.0005414500381343844,0.08482135059763277,0.007388173100994985,0.1037721019323362,0.0006695349933919807,0.01319857243495322,0.0103224829850781,0.0,0.001193518901263966,0.000104796781574397,0.001298315682838363,0.0003085683013023911,0.001653460331507152,0.01425236229411799,0.0004133650828767881,0.000139729042099196,0.0007917979052287773,0.001205162988105565,0.0003260344315647906,0.002986708274870314,0.001199340944684765,0.0,0.001315781813100762,0.001630172157823953,0.0004017209960351885,0.004087074481401482,0.001146942553897567,0.0009082387736447738,0.001164408684159966,0.0002561699105151926,0.0005822043420799833,2.911021710399916e-05
sample503,0.6297749455796646,0.004660838424267959,0.03592619900287901,0.01048030334948388,0.03184467382908505,0.00493294010252089,0.002080261217611123,0.0002457692577768415,0.0003159890457130819,0.01931921915595815,0.03230110245067061,0.07698721999859562,0.0009040797696790955,0.03184467382908504,0.04433501860824381,0.0,0.005766800084263745,0.0001053296819043606,0.000491538515553683,0.001430728179200899,0.00493294010252089,0.01313110034407696,0.0007021978793624043,0.0003862088336493223,0.003107225616178639,0.00158872270205744,0.001176181447932027,0.002712239309037287,0.002685906888561196,0.0,0.004142967488238185,0.001764272171898041,0.0002282143107927814,0.00492416262902886,0.0008514149287269152,0.0007021978793624043,0.002852678884909767,0.0002018818903166912,0.001070851766027667,0.000166771996348571
sample504,0.5146591487267603,0.001901727402390505,0.0501955943315178,0.09698809752191574,0.0134955918292449,0.06529264081540731,0.0007590227790242805,0.0002001818318305794,0.0003002727477458692,0.1081565755561301,0.001634818293283065,0.06107214052764594,0.000700636411407028,0.010709728002936,0.01141036441434303,0.0,0.001943431950688542,0.0001417954642133271,0.002243704698434411,0.0006839545920878131,0.001267818268260336,0.02123595599336063,0.0003169545670650841,0.0004837727602572337,0.0006005454954917383,0.001059295526770149,0.000542159127874486,0.003061113845075944,0.0004837727602572336,0.0,0.0008841364239183926,0.003369727502481421,0.0003586591153631215,0.002769182006989683,0.001434636461452486,0.001209431900643084,0.0,0.0001501363738729346,0.0002752500187670467,0.0
sample516,0.1500522223511663,0.003210707516150246,0.000502881900119918,0.0008897141309813934,0.01380991064175467,0.02245561100150865,0.070268074735987,0.001547328923445902,0.0007736644617229508,0.001199179915670574,0.07831418513790571,0.002959266566090287,0.0003674906193184016,0.01512514022668369,0.0008510309078952459,0.0,0.06792773973927507,0.01133418436424123,0.04524002939924954,0.1156821786391242,0.03684576998955553,0.002611117558314959,0.00738849560945418,0.02125643108583807,0.0362848632548064,0.0,0.001992185988936598,0.0006189315693783606,0.01201114076824881,0.0007930060732660245,0.006015241189895942,0.03744535994739082,0.005512359289776024,0.02756179644888012,0.0193222699315307,0.0,0.0001547328923445902,0.003230049127693319,0.003713589416270164,0.05148736992766238
sample517,0.07169484376246876,0.002120407209384512,0.0005016017054457985,0.0006612022480876435,0.008550029070098839,0.01096683728724678,0.07834106635962561,0.0008664029457700156,0.000478801627925535,0.001003203410891597,0.09723093058516397,0.0007068024031281707,0.0005130017442059303,0.01588025399286358,0.0007980027132092249,0.0,0.1134531857408315,0.005665819263785497,0.0446539518234362,0.06217581139775875,0.04295534604817657,0.0006612022480876435,0.01002063407015584,0.03246731038885532,0.0372667267068708,0.00031920108528369,0.002644808992350574,0.0003078010465235582,0.0203718692643555,0.001299604418655023,0.01512785143469488,0.02172847387681118,0.0003534012015640853,0.04463115174591594,0.01440964899280657,0.0,0.0004902016666856667,0.00881222996158187,0.005802619728907079,0.06813803166930768
sample518,0.2695158633531476,0.003151185275370622,0.0008594141660101698,0.01163790016472105,0.01435937835708659,0.02429635465157917,0.06520804984602163,0.002614051421614266,0.0009847453985533194,0.002112726491441667,0.03639977082288906,0.0001969490797106639,0.000501324930172599,0.001790446179187854,0.0006266561627157487,0.0,0.01688390746974146,0.001700923870228461,0.003115376351786865,0.01138723769963475,0.006338179474325002,0.000465516006588842,0.2778414380863711,0.006767886557330087,0.003222803122538137,0.0,0.000966840936761441,0.002488720189071117,0.003849459285253886,0.1287867936689823,0.004189644059299578,0.04733939697772685,0.001092172169304591,0.002649860345198023,0.003330229893289408,0.0,0.001432356943350283,0.001879968488147246,0.002112726491441667,0.005836854544152403
sample519,0.3833624050892673,0.00187256310281141,0.0006669402831931049,0.04676277447157808,0.004694233531705315,0.03216704288939052,0.01539092961214857,0.003232095218551201,0.0008721526780217525,0.001898214652164991,0.07741637594910734,0.0002308639441822286,0.0002821670428893905,0.003257746767904782,0.0003078185922429715,0.0,0.02426636568848759,0.003052534373076134,0.003847732403037143,0.01541658116150215,0.008362405089267392,0.001256925918325467,0.035014364867638,0.007285040016416991,0.003411656064026267,0.0001795608454750667,0.001282577467679048,0.001308229017032629,0.003129489021136877,0.1793043299815309,0.005335522265544838,0.06266673507079827,0.005976810999384363,0.004309460291401601,0.005258567617484096,0.0,0.0016160476092756,0.0009234557767289145,0.0006412887338395239,0.0123896983377796
sample531,0.2672246540638477,0.007904821460067022,0.06500232494748825,0.01047028075745186,0.08132505972709925,0.01898439880064778,0.04013340388346402,0.01627463241778505,0.003527506533904148,0.001827889749386695,0.07879166867093178,0.03493834880625972,0.003944393669729184,0.001667548543300143,0.0009941154777366235,0.0008498083922587266,0.05220709670178138,0.01667548543300143,0.02437186332515593,0.03907515192329277,0.02060384498212196,0.0004810236182596565,0.004986611509291773,0.008097230907370885,0.02228742764603075,0.009460131159106579,0.002405118091298283,0.02102073211794699,0.01864768226786602,0.0007856719098241058,0.006766398896852502,0.0003848188946077252,0.003976461910946494,0.001523241457822246,0.007568104927285262,0.00181185562877804,0.0,0.01064665608414707,0.004810236182596565,0.0004810236182596565
sample532,0.3036287997363868,0.006013674932037235,0.1150012356866299,0.01933849575747591,0.04223988796441222,0.01981217563225966,0.1012439245407365,0.009761924375978252,0.003315759123486284,0.0070640085674273,0.05888046791333718,0.01295411483647747,0.0236016146305297,0.001215091852706154,0.0009061701952384875,0.0,0.03904769750391301,0.006487354806820991,0.01863827333388253,0.01361314770574182,0.01851470467089546,0.0003295164346321773,0.005869511491885658,0.006528544361150013,0.01023560425076201,0.01435455968366422,0.001894719499135019,0.008031963094159322,0.01266578795617431,0.0008855754180739765,0.003789438998270039,0.000267732103138644,0.0135719581514128,0.0005766537606063102,0.007661257105198121,0.0006384380920998434,0.0,0.009679545267320207,0.00572534805173408,0.0003295164346321773
sample533,0.2720050113825611,0.009197720432078959,0.121984385265313,0.01214649126827703,0.1004721089058991,0.02264289315671265,0.1159187789338589,0.02151227635941391,0.003697422499274266,0.001955661487219447,0.03666865288536462,0.08339062810346672,0.0005041939771737636,0.0005805870040182732,0.00198621869795725,0.0005653083986493713,0.02736398221570334,0.004293288108661441,0.01753983896349941,0.004384959740874854,0.00840323295289606,0.0002444576859024308,0.007180944523383906,0.003040442468411483,0.008601854822691784,0.01135200378909413,0.001420910299307879,0.002261233594597485,0.009793586041466136,0.0004736367664359597,0.006814257994530259,0.0003972437395914501,0.001313960061725566,0.003819651342225481,0.005103054193213243,0.01792180409772196,0.0,0.00579059143481383,0.001802875433530427,0.000198621869795725
sample534,0.3296257112629743,0.007863208761044235,0.06239098733308553,0.002501930060332256,0.08792497069167643,0.01556915334686758,0.1634117747977011,0.01421096274268721,0.002616304005947445,0.0004860892688645527,0.06999685471649558,0.03151002201698453,0.0008435078489120178,0.001158036199353787,0.0009149915649215109,0.0006433534440854373,0.03243931032510795,0.00225888542589998,0.01100849226546193,0.008335001286706887,0.01148028479112458,0.000471792525662654,0.008921167757984731,0.005075343836674006,0.007877505504246133,0.02024418837388843,0.001687015697824036,0.002001544048265805,0.003145283504417694,0.0006147599576816401,0.007076887884939811,0.0,0.0005003860120664513,0.00521831126869299,0.008163440368284104,0.003073799788408201,0.0,0.00883538729877334,0.002044434277871501,0.000471792525662654
sample276,0.2236440639373377,0.003825310806503028,0.08634272963249692,0.08159145073394355,0.03051140762329796,0.05510269137938886,0.02079633255916329,0.07823671387585956,0.008606949314631813,0.001275103602167676,0.07073789031073059,0.04585819026367321,0.0008956084824749154,1.517980478771043e-05,0.0,0.0,0.02283042640071649,0.01244743992592255,0.0189140367654872,0.0008197094585363632,0.02070525373043703,0.0,0.001730497745798989,0.03155881415364999,0.005798685428905385,0.01297873309349242,0.00209481306070404,0.02281524659592878,0.009806153892860938,0.0008348892633240736,0.02029539900116884,4.553941436313129e-05,0.007331845712464138,0.0002732364861787878,0.01431455591481093,0.001214384383016834,0.0,0.01296355328870471,0.00634515840126296,0.0001214384383016834
sample277,0.3562542804280941,0.003485673982152532,0.0126342904455734,0.09958192356049843,0.04266628504840078,0.07419067965531692,0.01286939455580656,0.1446810250539206,0.003087019186539779,0.02178290690899427,0.005898046591501496,0.04221652066360691,0.05220333438959818,0.0,8.177534268979545e-05,0.0,0.004262539737705589,0.007390446595590265,0.01350315346165248,0.000306657535086733,0.003260791789755594,0.0002146602745607131,0.0004804301383025483,0.00161506301812346,0.001206186304674483,0.007574441116642305,0.0002351041102331619,0.002391928773676517,0.004180764395015793,0.0002044383567244886,0.0005928712345010172,0.0002453260280693864,0.02409306033998099,0.0001635506853795909,0.002218156170460702,0.003219904118410696,0.0,0.001512843839761216,0.0007768657555530568,0.0
sample279,0.1990141543206477,0.004314222246700079,0.01592590552771199,0.07087257439738576,0.08043729691028254,0.03452295716987021,0.01915698261460227,0.1367424868278534,0.004516164564630721,0.008013438343338656,0.01465917644251069,0.0214609608782655,0.2554203153971838,0.0001652255328523435,0.0,0.0,0.004663031704943915,0.0007526940941051201,0.04164601347506013,0.0002661966918176644,0.004249967872813057,0.0,0.000679260523948523,0.001817480861375778,0.0009087404306878889,0.004103100732499862,0.0002294799067393659,0.008555010923243562,0.004066383947421564,0.0004681390097483064,0.000807769271722568,0.0001744047291219181,0.01779846156670522,0.000302913476895963,0.001083145159809807,0.0007435148978355455,0.0,0.001597180150905987,0.0012667290852013,0.0001285087477740449
sample280,0.3925962381384475,0.004121745282293413,0.006336414389197336,0.07640608418818536,0.06087264114670645,0.03385060211316344,0.02752956737054182,0.07231509819904339,0.003891050583657588,0.01288814383045478,0.02256194152658373,0.01341105181402931,0.05993448270558743,9.227787945433015e-05,0.0,0.0,0.01797880684701866,0.02422294335676166,0.00875101890158564,0.01015056673997632,0.009104750772827241,0.0,0.001061195613724797,0.004844588671352332,0.003829531997354701,0.009043232186524353,0.0003075929315144338,0.002522262038418357,0.002983651435690008,0.0004613893972716507,0.002860614263084235,0.0002153150520601037,0.04661570877101245,0.0001845557589086603,0.005136801956291044,0.002860614263084234,0.0,0.004260162101474908,0.005751987819319912,0.0
sample291,0.4097994214540153,0.001362690956035286,0.1142986922948194,0.06280331827201224,0.2605967151975902,0.05790241220206077,0.01084176050108776,0.008355447177795308,0.000585718042506395,0.0002032083004614024,0.0150732745224605,0.005032393793779435,0.0004303234598006168,0.0,0.0,0.0,0.002235291305075426,0.001183389514451696,0.002450453034975735,8.367400607234216e-05,0.002761242200387291,0.0001195342943890602,0.0005020440364340529,0.02076310693537976,0.000549857754189677,0.001637619833130125,0.001625666403691219,0.001804967845274809,0.0008845537784790457,0.0002390685887781204,0.0003825097420449927,0.0001434411532668723,0.004315188027445074,0.0,0.001518085538741065,0.0005020440364340529,0.0,0.002892729924215257,0.0001075808649501542,0.0
sample292,0.285949989829206,0.00376696074073516,0.01000504772739258,0.07026888565767367,0.3854956943638733,0.0754672914798882,0.02744607595699638,0.01226522417183368,0.002056760564441398,0.0002034158799996987,0.0242667610918159,0.007059284428137689,0.01872932880293522,1.506784296294064e-05,0.0,0.0,0.002689609968884904,0.003420400352587525,0.0009040705777764384,7.533921481470321e-05,0.001604725275553178,0.0,0.001115020379257607,0.001386241552590539,0.001536919982219945,0.006720257961471526,0.003277255844439589,0.0002787550948144018,0.001582123511108767,0.0003842299955549864,0.001310902337775836,0.0001356105866664658,0.005107998764436877,0.0001205427437035251,0.001612259197034649,0.001845810762960228,0.0,0.001032147242961434,0.0007157225407396805,0.0
sample294,0.1156751135679493,0.002189261671501286,0.01797931147720431,0.03903271121814168,0.5306952730191742,0.05682046229908964,0.01007060368890592,0.01127469760823162,0.001724043566307263,0.01562585518034043,0.008009048948242205,0.020433108934012,0.1436246875741157,8.209731268129824e-05,0.000100341159943809,0.0,0.0006932661959754072,0.0003101454034626822,0.001495995475525879,8.209731268129824e-05,0.0005929250360315984,0.0,0.0004652181051940233,0.0003375111743564483,0.0001641946253625965,0.0007479977377629394,0.000228048090781384,0.0005199496469815555,0.0003010234798314269,0.0002645357853064054,0.0003648769452502143,0.0001641946253625965,0.00292813748563297,0.0,0.0003739988688814697,0.0002827796325689161,0.0,0.0004378523343002573,0.0004378523343002573,8.209731268129824e-05
sample295,0.2391585726462449,0.003704132422734113,0.009091961401256458,0.04536509907501921,0.4591335276599775,0.1179639899399131,0.003756747940102495,0.01462711382841028,0.002546591040629702,0.001715265866209262,0.009197192435993224,0.006671647602310873,0.05195256184954066,0.0001262772416841175,0.0001473234486314704,0.0,0.001399572761998969,0.001168064485578087,0.000231508276420882,0.0007576634501047049,0.0007576634501047048,0.0,0.0,0.0002209851729472056,0.0003893548285260289,0.00202043586694588,0.0004419703458944112,0.0009365562091572046,0.0005261551736838229,7.36617243157352e-05,0.001683696555788233,0.0001473234486314704,0.01080722726746572,0.0,0.001399572761998969,0.005408875185469699,0.0,0.0006734786223152932,0.0004630165528417641,0.0
sample306,0.3976199831602583,0.001223687903452147,0.08696042660679203,0.07387033398821219,0.1755262419309571,0.1460230143137805,0.00404153802975021,0.006444007858546169,0.001201234914397979,0.01147347740667976,0.01413415660959865,0.01771540836373842,0.0005725512208812799,0.0,0.0,0.0,0.004737580690429413,0.002368790345214707,0.002840303115352231,0.003188324445691833,0.001987089531293854,0.0,0.0,0.004400785854616896,0.001212461408925063,0.001560482739264665,0.0005388717373000281,0.002290204883525119,0.0009879315183833847,0.0,0.0008083076059500421,6.735896716250351e-05,0.00871175975301712,0.0,0.002189166432781364,0.01133875947235476,0.0,0.000134717934325007,0.0002582093741229301,0.0
sample307,0.1980051186103412,0.008835547434750235,0.153739776858625,0.06884468334073801,0.3721129598458159,0.06540307492068657,0.02799592012965477,0.00188975589610097,0.008760457796494566,0.01665738475304895,0.02700723989262182,0.01118209863023985,0.004061097935660695,0.0,0.0,0.0,0.001689516860752523,0.0004880826486618401,0.0003504183118597826,0.0001752091559298913,0.001451733006276242,0.0,0.0,0.001933558185083443,0.002021162763048389,0.002490473002146312,0.001996132883629833,0.0002064965052030862,0.0003879631309876164,0.0,0.000982422767178319,0.0001063769875288626,0.003898403719440082,2.50298794185559e-05,0.000769668792120594,0.002296491436652504,0.0,0.0006194895156092585,0.0005819446964814247,0.0
sample309,0.08193697372497115,0.005590132079191192,0.1340505224027711,0.03903235799374807,0.5985383987158186,0.01581289250612521,0.004632628347742826,0.002576811512574277,0.004773437720014644,0.02162831958095131,0.01593962094116985,0.002182545270213185,0.03635697992058352,0.0,0.0,0.0,0.001548903094990003,0.0002534568700892731,0.003393505871750824,0.0001830521839533639,0.002281111830803459,0.0,0.0,0.0,0.003970824298065279,0.00336534399729646,0.00367512461629446,0.0001408093722718184,0.0007322087358134558,8.448562336309105e-05,0.002421921203075277,0.0,0.002323354642485004,0.0,0.0007603706102678195,0.004224281168154553,0.0,0.0004928328029513645,0.0009434227942211834,0.0
sample310,0.1983770300281021,0.03579585521676439,0.1247329256612392,0.04736293692309312,0.3837871404363705,0.04214248876445885,0.01018829398701203,0.00272600014735136,0.05224658197471872,0.04033217206428729,0.01752428666154445,0.008651629811285009,0.01316689646461989,0.0,0.0,0.0,0.002083969224616097,0.0004946795634189725,0.0008841081558977383,0.001157760680342276,0.0008314826704276348,0.0,0.0,0.0005999305343591794,0.001263011651282483,0.0005683552430771173,0.001052509709402069,0.0003473282041026828,0.0006525560198292828,0.0,0.001789266505983518,4.210038837608277e-05,0.001652440243761249,3.157529128206208e-05,0.0009683089326499037,0.001252486554188462,0.0,0.000820957573333614,0.0003368031070086622,0.0
sample321,0.4384455104908658,0.00157968697000533,0.1440616368658235,0.06161748316131221,0.169491689683578,0.03143867810243738,0.02318166400155061,0.003750545137374619,0.001666908949944275,0.03138053011581141,0.02355962591461937,0.01316082763967631,0.0007656151572418471,0.0,6.783931773029025e-05,0.0,0.006221834568978049,0.002626350729272666,0.002529437418229394,0.0002616659398168338,0.001288947036875515,0.0,0.0,0.001792896254300528,0.001695982943257256,0.001705674274361583,0.001211416388040897,0.00144400833454475,0.001007898434850027,0.0,0.0009594417793283908,7.753064883461743e-05,0.01036003295052576,0.0,0.0006299365217812666,0.001560304307796676,0.0,0.0004942578863206861,0.0006977758395115569,0.0
sample322,0.3644172937400545,0.02649890767861477,0.2286727620897052,0.04899263694473663,0.1188877201499582,0.0464438870458775,0.01449685789033633,0.002885886128866953,0.08439194109555789,0.01434851794913289,0.002103730075248806,0.0289397739838714,0.0008495832996197103,9.439814440219003e-05,0.0,0.0,0.0007012433584162688,0.0,0.0007956415028184589,6.742724600156431e-05,0.0005663888664131403,0.0,0.0,6.742724600156431e-05,0.0004719907220109501,0.0005663888664131403,0.0,0.0004989616204115759,0.0001348544920031286,0.0,0.0005933597648137659,0.0,0.00485476171211263,0.0,0.0,0.001726137497640046,0.0,9.439814440219003e-05,5.394179680125145e-05,0.0
sample324,0.001076046064628477,0.0001149972893496082,0.0003942764206272281,0.1702206305137093,0.000772124657061655,0.08422730035649159,0.0008789078543148626,0.000435346881109231,8.214092096400585e-05,0.000197138210313614,0.0002382086707956169,9.856910515680702e-05,0.6736212646416193,0.0001149972893496082,0.0,0.0,0.0002710650391812193,0.0002546368549884182,0.0001889241182172135,0.0001724959340244123,0.0,0.0,0.0,8.214092096400585e-05,0.0,0.0002710650391812193,0.0,0.0,7.392682886760526e-05,0.0,0.0001067831972532076,0.0,0.01307683461746973,0.0,0.0,0.01793957713853888,0.0,0.0,0.0001724959340244123,0.0
sample325,0.3010435297861367,0.02576454193321848,0.1496055216002985,0.02565481219755742,0.1099821140530872,0.03298475853971668,0.09695719443011859,0.002194594713221336,0.1032008163892333,0.003028540704245443,0.0537127056060922,0.01316756827932802,0.005804703016470433,0.0,0.0,0.0,0.004806162421954726,0.0005157297576070139,0.0006474054404002941,0.006100973302755314,0.002512810946638429,0.0,0.0,0.002062919030428056,0.009162432927699077,0.007417730130688116,0.002161675792523016,0.0004060000219459472,0.001909297400502562,9.875676209496011e-05,0.005146324602504033,0.0,0.004400162400008779,0.0,0.0002414054184543469,0.003840540748137338,0.0,0.002040973083295842,0.0002304324448882403,0.0
sample336,0.3260793436390015,0.001510830957026364,0.2211816499074491,0.05171844514482966,0.1702936615138327,0.03190754915203362,0.09590274651058082,0.003982190204612537,0.001340737405573065,0.00373205262894592,0.02046125368952924,0.01823002651458302,0.0007904347391065085,0.0001600880484266347,0.00015008254539997,0.0,0.004372404822652459,0.0003501926059332633,0.002501375756666166,0.00225123818099955,0.002561408774826154,0.0,0.0,0.0003401871029065986,0.004732602931612387,0.004212316774225825,0.0007103907148931913,0.002071139126519586,0.001240682375306418,0.0,0.001760968532692981,7.003852118665266e-05,0.007734253839611787,0.0,0.0,0.00510280654359898,0.0,0.0005703136725198859,0.0004902696483065686,0.0
sample337,0.3357609491724035,0.01714369415555881,0.292679068404863,0.03689468287681266,0.08483960744104292,0.04052145891313901,0.01972755236560715,0.006005566134466091,0.09631170353010107,0.003474439724622821,0.006228211513109712,0.03438699282261608,0.008853083345539768,7.030906694009082e-05,0.0,0.0,0.0004394316683755676,0.0004394316683755676,0.002197158341877838,0.0006679361359308628,0.0003808407792588252,0.0,0.0,0.0007968360919876959,0.0004218544016405449,0.001511644939211952,8.788633367511352e-05,0.001054636004101362,0.0003046726234070602,0.0,0.000275377178848689,4.101362238171964e-05,0.0022967628533763,0.0001406181338801816,0.000175772667350227,0.001247985938186612,0.0,0.0004628680240222646,0.0002343635564669694,0.0
sample339,0.2132521494281227,0.02018567208360658,0.2569867695103095,0.02767031472801988,0.04263358342308085,0.05037693959941519,0.003038379851630797,0.00617904179727689,0.2663967221597165,0.0003970951885299657,0.01191887224966458,0.03032363257865192,0.01492716913246734,0.0,0.000156431437905744,0.0,0.0008543563147159867,0.0009566384087312809,0.0002587135319210382,0.0006317423453885817,0.0009506218149656754,0.0,0.0,0.02321803534147178,0.0006317423453885817,0.007899787614240074,0.0005775930014981319,0.001365766784792458,0.000367012219701938,1.804978129681662e-05,0.0009145222523720422,6.01659376560554e-05,0.009169288898782843,0.0001263484690777163,0.0003248960633426992,0.0007520742207006925,0.0,0.0006197091578573706,0.0005174270638420765,0.0
sample340,0.2080237970469469,0.02707479218684175,0.1369768708321774,0.01575680979830051,0.0810342878867277,0.04250793748651398,0.04805647174871305,0.002373539656607379,0.3037257380064322,0.007685747459490563,0.0321558110621333,0.03175508358764115,0.021870472550168,5.651284896684237e-05,6.165038069110076e-05,0.0,0.002419777442125705,0.001366583438652734,0.0006524665289808164,0.004474790131829064,0.001587497302795845,0.0,0.0,0.002476290291092548,0.003786360880778439,0.003560309484911069,0.001818686230387472,0.0009298932420907698,0.001623460024865654,5.651284896684237e-05,0.001356308375204217,0.0,0.002317026807640537,0.0,0.0001644010151762687,0.001417958755895318,0.0,0.001402546160722542,0.0007654922269145012,0.0
sample351,0.4435124266900182,0.001278963923999585,0.1813709110601574,0.08352440977543236,0.1005426955028863,0.1028010462155342,0.01982970192075032,0.003848413969512265,0.002661627625620759,0.02176543110301997,0.001152219751350978,0.008987314060537627,0.0003917547154593324,0.0,0.0,0.0001267441726486075,0.0003226215303782737,0.0002995771353512542,0.002523361255458641,0.0001152219751350978,0.0001958773577296662,0.0,0.0,0.0,0.0001152219751350978,0.0004954544930809204,0.0001382663701621173,0.002200739725080367,0.0002650105428107248,0.0,0.0001613107651891369,0.0,0.006429386212538455,0.0,0.0,0.002223784120107387,0.0,0.000207399555243176,0.0,0.0
sample352,0.3336679748106237,0.01947874157420566,0.1955827324997718,0.02170171710191789,0.03878798941316053,0.03391830401960912,0.0009452535235139962,0.01556734768380292,0.2353876843244371,0.03427032946974536,0.006297344163548417,0.03775798902202115,0.005502027405833192,0.0,0.0,0.0,0.00108867129949543,0.0003324684806842332,0.0005736711039257356,0.00112126624858212,0.0006323420122817769,0.0,0.0,0.002196899568442874,0.0006649369613684664,0.003037849254879464,0.0,0.002477216130588404,0.000208607674154813,0.0,0.000208607674154813,4.563292872136533e-05,0.0002020886843374751,2.607595926935162e-05,0.0,0.002959621377071409,0.0,0.0001238608065294202,0.0001955696945201372,0.0
sample354,0.2848459705351715,0.0200677285839709,0.1405126918735347,0.01370973188356858,0.02464085519397196,0.0518384161931133,0.001003386429198545,0.008567376433926039,0.3623189804050208,0.002788256519599803,0.01017858348850447,0.02575036903395112,0.01984582581597507,0.0,0.0,0.0,0.0008007795540719158,0.0004920452681646711,0.0001833109822574265,0.005817711700064641,0.001331416607974992,0.0,0.0,0.004544182770697257,0.0001543671429536223,0.004852917056604501,0.0007428918754643074,0.001427896072321007,0.0002508466072996362,4.823973217300697e-05,0.001746278304662853,0.0,0.000318382232341846,2.894383930380418e-05,0.0007621877683335102,0.003068046966203244,0.0,0.0001736630358228251,0.0002508466072996362,0.0
sample355,0.3287427051957833,0.01861939947289156,0.168898249246988,0.02419639495481928,0.03707996046686747,0.03342667545180723,0.002453172063253012,0.01294827748493976,0.2353574454066265,0.006141754518072289,0.02976162462349398,0.04415709713855422,0.007924275225903615,0.0,0.0,0.0,0.002329631024096385,0.0006647684487951807,0.0003470914909638554,0.01020096009036145,0.001306005271084338,0.0,0.0,0.01049510542168675,0.001811935240963855,0.004859280873493976,0.00183546686746988,0.002464937876506024,0.0005824077560240965,0.0,0.003429734563253012,0.0,0.0006765342620481928,7.059487951807229e-05,0.0004529838102409639,0.0003706231174698795,0.0,0.00048828125,0.00051769578313253,0.0
sample366,0.4313795855405168,0.001247984745662852,0.217829577774088,0.02466510623938811,0.05625572439354904,0.0681249698716129,0.00338509167063915,0.001140861591528701,0.002367421706364723,0.1632771115312719,0.003261900043384878,0.005956047369858758,0.0003695748817628186,0.0,0.0,0.0,0.001226560114836021,0.0002678078853353758,0.0007391497635256372,9.105468101402778e-05,0.0005731088746177042,0.0,0.0,8.034236560061274e-05,0.0005141911398439216,0.0002517394122152533,0.0002249586236817157,0.001585422681185425,0.0003374379355225735,0.0,9.64108387207353e-05,0.0,0.00556504785726911,6.963005018719771e-05,0.0002303147813884232,0.001794312831747018,0.0,0.0002785202007487908,0.0001285477849609804,0.0
sample367,0.3250570930698213,0.01440044159189549,0.2873107270031279,0.02787548840280108,0.03153377420367345,0.02937993138008291,0.0006764581732382324,0.01121297067959694,0.2054538763759159,0.01999610360092215,0.00352840583161062,0.03025120950721375,0.0008388081348154081,3.788165770134101e-05,0.0,0.0,0.0008279848040435964,0.0001839966231207992,0.0001028216423322113,0.0002218782808221402,0.0004870498847315273,0.0,0.0,0.0006656348424664206,0.0007522214886409144,0.0006602231770805148,0.0001461149654194582,0.001834554565822086,0.0001515266308053641,0.0,0.0003517582500838808,0.0,0.0002272899462080461,7.035165001677617e-05,0.0004545798924160922,0.0005032848808892449,0.0,8.658664617449374e-05,8.658664617449374e-05,0.0
sample369,0.3125080324691684,0.01781280362733455,0.259645388977139,0.01524241349352005,0.04502295358389496,0.04238059252633364,0.001531952519753448,0.01467178688381322,0.218807030531094,0.00462156146059849,0.01568452059653614,0.02599692581339996,0.004672969263274779,0.0,0.0,0.0,0.001038437614061062,0.0003752769595369185,0.0001028156053525804,0.000498655685960015,0.001675894367247061,0.0,0.0,0.00304848269870401,9.253404481732237e-05,0.001495967057880045,0.0003598546187340315,0.001938074160896141,0.0002210535515080479,3.084468160577413e-05,0.0004215439819455797,2.056312107051608e-05,0.0001285195066907255,0.0001233787264230965,0.0006785829953270307,0.000992170591652401,0.0,0.000246757452846193,0.0005757673899744503,0.0
sample370,0.2966361032177905,0.02140975345995881,0.1512948241547117,0.02830091000080531,0.05765447580042106,0.04520092495657076,0.002364161384213614,0.01032523037631007,0.2694108578857149,0.01820001610620894,0.01718762582975737,0.03226994006189386,0.002318143644374907,0.0,0.0,0.0,0.00396903006108855,0.0008053104471773869,0.0002358409166733776,0.008743370569354486,0.003888499016370811,0.0,0.0,0.002335400296814422,0.003002657524475686,0.002059293857782175,0.001265487845564465,0.00211681603258056,0.0008168148821370638,0.0,0.001156195713447534,0.0,0.0004026552235886934,6.902660975806174e-05,0.001075664668729795,0.006827882148568273,0.0,0.0002933630914717623,0.0004831862683064321,0.0
sample381,0.2541550249872209,0.01730495327612988,0.2673756718262259,0.07842066867490807,0.09527401577147734,0.08506076832602988,0.003478856394197605,0.002550830508726917,0.04205892716237475,0.1206681786375389,0.002784077656412063,0.0006253008640069876,0.0006898160325156449,0.0003126504320034938,0.001057056222488003,0.0,0.002084336213356625,0.000253097968764733,0.002059522687007141,0.0002233217371453527,0.0004664942953702923,0.0001588065686366952,0.0001488811580969018,0.0004913078217197758,0.0006997414430554384,0.0006451516850865744,0.0003473893688927709,0.001875902592020962,0.0007047041483253351,0.0,0.0001786573897162821,0.0001935455055259723,0.0004416807690208086,0.0006501143903564711,0.0003027250214637003,0.005915544681716897,0.0,0.0007741820221038892,0.0001736946844463854,0.0
sample382,0.2931909406651,0.02424973483351704,0.1703668656281846,0.02435372168957844,0.03629661210822951,0.01681987396793045,0.001965351579560343,0.007091903583387059,0.3185689328868831,0.03277665703055133,0.01943514339787451,0.01328952020464613,0.003114406339038746,0.0002911631969719028,0.0003951500530332966,0.0,0.003925503816317616,0.0002651664829565543,0.0006863132500051993,0.002610070087140985,0.001419420585238026,0.0001975750265166483,0.0002547677973504149,0.004523428238670631,0.004403843354200029,0.0004783395378824117,0.001310234386373562,0.002552877316307219,0.001097061331447705,0.0001039868560613938,0.002438491774639685,0.0002079737121227877,0.0001143855416675332,0.0004003493958363662,0.0,0.001398623214025747,0.0,0.0003171599109872512,0.0002963625397749724,0.0
sample384,0.314502407239119,0.02688083682979176,0.2783648175718788,0.0216458168178039,0.04938223863570448,0.01652197451613527,0.0006477310079467894,0.004007231384984242,0.2105995862255651,0.02118660453605058,0.002789110384964907,0.008497844119182507,0.02806512113536611,0.0002223554206384501,0.0002948626230205534,0.0,0.000594559059533247,0.0002126877936541697,0.0008700864285852396,0.0001401805912720664,0.0004447108412769002,0.0001836849127013283,0.0001063438968270848,0.000995765579380885,0.0006477310079467894,0.0006815677023917709,4.833813492140219e-05,0.0021993851389238,0.0001788510992091881,5.317194841354241e-05,0.0002610259285755719,0.0002996964365126936,0.0001063438968270848,0.0004447108412769002,0.0001788510992091881,0.0008314159206481177,0.0,0.000111177710319225,0.0004398770277847599,0.0
sample385,0.1995336461270502,0.03562898202098026,0.1871939907296566,0.01363319168732732,0.05074293235599479,0.009973845603962306,0.004850761087251292,0.004935862158957455,0.3985623592286439,0.001667981005440795,0.02263688507383937,0.0249005735812233,0.0005106064302369781,0.0002836702390205434,0.0004935862158957455,0.0,0.003721753535949529,0.0003404042868246521,0.001021212860473956,0.006450661235327157,0.002672173651573519,0.0001418351195102717,0.0003744447155071173,0.001531819290710934,0.004595457872132802,0.0006184011210647846,0.001475085242906826,0.00189491719665723,0.0008680309314028628,6.808085736493042e-05,0.002950170485813651,0.0003290574772638303,5.106064302369781e-05,0.0003914649298483499,0.0003914649298483499,0.002411197031674619,0.0,0.0009701522174502584,0.0009758256222306694,0.0
sample396,0.4438405136249227,0.00892520580259974,0.2591106409367818,0.03475236809786111,0.04895487542406889,0.0191636571456365,0.008730650907720182,0.001398363306946826,0.0203066671530539,0.05402546237186735,0.01341212806575955,0.01648852734104257,0.0006201437274285923,0.0003769501088291443,0.001994187672515473,0.0,0.007636279624022665,0.0009119760697479299,0.004596359391529566,0.0001702355330196136,0.002091465119955253,0.0001580758520896412,0.0006079840464986198,0.003866778535731223,0.005034107905008573,0.002772407252033707,0.0008633373460280403,0.001483481073456633,0.001094371283697516,7.295808557983439e-05,0.0005350259609187855,0.0001580758520896412,0.001106530964627488,0.0005350259609187855,0.0,0.01468889456340666,0.0,0.003319592893882465,0.0002918323423193375,0.0
sample397,0.2612597911227154,0.02710835509138382,0.1973694516971279,0.01877937336814621,0.03005874673629243,0.02138381201044386,0.0008093994778067885,0.002415143603133159,0.3825261096605744,0.01367493472584857,0.00964099216710183,0.01385770234986945,0.0008289817232375979,0.0001827676240208877,0.0003067885117493473,0.0,0.003054830287206266,9.7911227154047e-05,0.0005026109660574413,0.0001044386422976501,0.0008093994778067886,0.0001762402088772846,0.0002219321148825065,0.0003524804177545692,0.0003655352480417754,0.0005026109660574413,0.001677545691906005,0.001546997389033942,0.000443864229765013,0.0,0.0002349869451697128,0.0002806788511749347,0.001481723237597911,0.0005939947780678851,0.0,0.0009921671018276762,0.0,0.0002284595300261096,0.0002284595300261096,0.0
sample399,0.2122068960950382,0.02641494440875951,0.2808433711005013,0.03165952600107275,0.03389774390284279,0.009959407468231212,0.002251461794679928,0.003065961208637667,0.304543317462735,0.002165376490765696,0.01606484209968678,0.02601762762146306,0.01064146795309013,0.0004767801447557495,0.0003575851085668121,0.0,0.001251547879983842,0.0003112314833822254,0.0003443412156569302,0.0007085482706786833,0.0008144994139577387,0.0,0.0002119022865581109,0.01619065908233066,0.001609132988550654,0.003509631621118712,0.001331011237443134,0.001582645202730891,0.0003178534298371663,0.0,0.0008144994139577387,0.0001589267149185832,0.0003575851085668121,0.000582731288034805,0.0003443412156569302,0.0007946335745929159,0.0,0.000384072894386576,0.0007151702171336242,0.0
sample400,0.2526931383950822,0.02205017444758265,0.3192955640471839,0.03655092208007975,0.02482139890347234,0.0279315500913773,0.0005781691310848978,0.001548429971756106,0.2725901312510384,0.01186908124273135,0.002831035055657086,0.01144376142216315,0.00520352217976408,0.0002325967768732347,0.0002126599102841003,0.0,8.639308855291577e-05,0.0001860774214985878,0.0005715235088885196,3.987373317826882e-05,0.0003389267320152849,0.0001661405549094534,0.0001129755773384283,3.987373317826882e-05,9.968433294567204e-05,0.0009370327296893172,0.0001727861771058315,0.001402226283435787,0.0001993686658913441,0.0,0.0001661405549094534,0.0002259511546768566,0.0006313341086559229,0.0005648778866921416,0.0,0.0002060142880877222,0.0,8.639308855291577e-05,5.981059976740322e-05,0.0
sample31,0.000365059555646113,0.308916791890584,0.000246202956133425,0.03137814227134962,0.0002122439277012285,0.02619939043543964,0.02004431653210402,0.2683017938856769,0.0,0.001256484051991272,0.05090458361986264,2.546927132414742e-05,0.0008659552250210122,4.24487855402457e-05,0.0,0.01928872814948764,0.02001035750367183,0.09186766166619972,0.01245447367750809,0.0507602577490258,0.006944621314384195,0.0,0.0,0.002249785633633022,0.006817274957763459,0.0,0.01842277292446663,0.001027260610073946,0.00966134358895992,0.0,0.01616449753372556,7.640781397244225e-05,0.0002122439277012285,0.0,0.001519666522340796,0.0,0.0,0.0006791805686439311,0.00937269184728625,0.0
sample32,0.001986859632882527,0.1815718769050146,0.0001919125781761532,0.07227201914610192,0.0004064031067259714,0.0719559278408706,0.0492312207897767,0.1896773610891603,0.0,0.006795963062473188,0.04016617371475018,0.0003048023300444786,0.003973719265765054,9.031180149466031e-05,0.0,0.03299767447111152,0.03910501004718792,0.1073694430019643,0.06522769862951842,0.001761080129145876,0.006604050484297035,0.0,0.0,0.001196631369804249,0.01371610485200154,0.0,0.03580862929263282,6.773385112099524e-05,0.01066808155155675,4.515590074733016e-05,0.008455442414937573,0.0,0.0004628479826601342,0.0,0.002032015533629857,0.0001016007766814929,0.0,0.005825111196405591,0.004763947528843331,0.0
sample33,0.0005356225695208745,0.4371413896837625,0.0001981069777679947,0.08323427984444935,0.0001247340230391078,0.05509575170592119,0.009626531660429965,0.1968596375376036,7.337295472888693e-05,0.006566879448235381,0.01813045711350796,0.0001027221366204417,0.0003668647736444347,0.0,0.0,0.01253210066769389,0.009817301342725073,0.04436128842908504,0.03204930662557781,0.001548169344779514,0.002707462029495928,0.0,0.0,0.0005576344559395407,0.01578252256218358,0.0,0.03610683102208526,0.0003742020691173234,0.0099933964340744,3.668647736444347e-05,0.002912906302736811,2.201188641866608e-05,0.0,0.0,0.0007924279110719789,0.0,0.0,0.001269352116809744,0.002428644801526157,0.0
sample34,0.0006666124705308513,0.2679456954719129,0.0003495650760100805,0.0335501178765954,0.0002845297130314609,0.1152670514592309,0.02831477115681652,0.2063734655719047,0.0,0.0004877652223396472,0.04015120721892531,8.129420372327454e-05,0.0002276237704251687,8.129420372327454e-06,3.251768148930982e-05,0.01830745467848142,0.01364116738476547,0.1483456629542314,0.01629135842614422,0.00686123079424437,0.005877570929192748,0.0,0.0,0.001154377692870498,0.005259734980895863,0.0,0.04071213722461588,9.755304446792944e-05,0.01087716445817413,0.0,0.003877733517600195,0.0,5.690594260629217e-05,0.0,0.002113649296805138,0.0,0.0,0.001024306966913259,0.006682383546053166,0.0
sample35,0.000414524954402255,0.2478942132316365,0.0001741004808489471,0.05177416680484165,0.0,0.04522467252528602,0.01327308903996021,0.1862792240092853,0.0001326479854087216,0.001367932349527442,0.04878129663405736,0.0001409384844967667,0.0003730724589620295,6.632399270436081e-05,6.632399270436081e-05,0.05160835682308075,0.04260487481346378,0.077391808986901,0.07982092521969823,0.02227657104957718,0.00695572873486984,0.0,0.0,0.002503730724589621,0.009028353506881115,0.0,0.03194329298623777,0.0008539214060686453,0.01270933510197314,5.80334936163157e-05,0.02114906317360305,0.0,0.0001823909799369922,0.0,0.001500580334936163,0.0,0.0,0.001061183883269773,0.006350522301442548,0.0
sample46,0.0006501263683128408,0.2981642056674766,0.0002356708085134048,0.05202636262423509,4.875947762346306e-05,0.1030450293775853,0.1183636319309566,0.2528585243756755,0.0002194176493055838,0.00143840458989216,0.02794730725784825,0.0001869113308899417,0.0003250631841564204,0.0002031644900977628,8.12657960391051e-05,0.01619627315059365,0.0182441712107791,0.01691953873534168,0.001137721144547471,0.04557385841873014,0.001649695659593833,0.0,0.0002031644900977628,0.005306656481353564,0.001958505684542433,0.0,0.0105889332238954,0.0009670629728653506,0.00222668281147148,0.0001300252736625682,0.002056024639789359,6.501263683128408e-05,0.0,0.0,0.001015822450488814,0.0,0.0,0.001349012214249145,0.003957644267104418,0.0
sample47,0.0004564609603612562,0.2358028414694782,0.0,0.1926509785381838,0.0002608348344921464,0.1442742678284685,0.06635801211251761,0.1595738610891484,0.0,0.0003749500745824605,0.04839301288687105,9.781306293455491e-05,0.0004727631375170154,8.966197435667533e-05,7.335979720091619e-05,0.04783873886357523,0.005501984790068713,0.01617175973851308,0.0003994033403160992,0.02183676630013938,0.0006846914405418844,0.0,0.0003341946316930626,0.002249700447494763,0.00172803077851047,0.0,0.004295623680542537,0.0003912522517382197,0.003928824694537956,0.0001222663286681936,0.001825843841445025,4.890653146727746e-05,0.0,0.0,0.01979899415566949,0.0,0.0,0.001948110170113219,0.003456061557020941,0.0
sample48,0.000917630745388056,0.3872197827594174,0.000231107002542177,0.1816025231446866,0.0002786878560067429,0.1395070623581071,0.02064329313884093,0.136557049443304,8.836444214847945e-05,0.0004690112698650063,0.07544963906524019,0.0001631343547356544,0.0003194714446906565,5.437811824521812e-05,0.0,0.006579752307671393,0.002324664554983075,0.01330224717573648,0.0008088745088976196,0.006389428893813129,0.0006049565654780516,0.0,0.0001155535012710885,0.000666131948503922,0.0008768471567041423,0.0,0.002487798909718729,0.000435024945961745,0.001916828668143939,6.797264780652265e-05,0.000435024945961745,2.03917943419568e-05,8.836444214847945e-05,0.0,0.002317867290202423,0.0,0.0,0.0004690112698650063,0.002712108647480254,0.0
sample49,0.001041995791681512,0.22846598051804,7.394808844191378e-05,0.1810652558267732,0.0001680638373679859,0.198658178322454,0.1381014164420213,0.1598824897649123,8.067064193663322e-05,0.0002554570327993385,0.01911894213898207,0.0001142834094102304,0.0002689021397887773,0.0,0.0,0.01447365767413094,0.004524278501946179,0.00890738338050325,0.001835257104058406,0.01187202947167452,0.001109221326628707,0.0,0.0001747863908627053,0.001203337075554779,0.0007865387588821737,0.0,0.00273607927235081,0.0003159600142518134,0.001794921783090089,6.050298145247491e-05,0.0005915847075353102,0.0,3.361276747359717e-05,0.0,0.008100676961136918,0.0,0.0,0.000463856191135641,0.001492406875827714,0.0
sample50,0.0007833297634711301,0.2382546433707659,9.179645665677305e-05,0.2512958599798047,5.507787399406383e-05,0.2235121324316881,0.02118662219638322,0.1628713931642239,0.0,0.0008567669287965485,0.02813255408341238,7.343716532541844e-05,0.0005079403935008108,4.283834643982742e-05,0.0,0.02805299715430985,0.001939965117346471,0.007790459288271472,0.0006058566139347021,0.003151678345215875,0.000483461338392338,0.0,0.0001468743306508369,0.000722132125699948,0.0005446589761635201,0.0,0.006584865824179187,0.001015880787001622,0.0007282518894770662,0.0001713533857593097,0.001138276062543986,4.895811021694562e-05,7.955692910253664e-05,0.0,0.0002815091337474373,0.0,0.0,0.0006854135430372387,0.002582540313943882,0.0
sample61,0.0006246359807206949,0.2788324371776582,0.0001519384817969258,0.08044298508470571,0.0,0.1056816551165284,0.287898099924875,0.1337902742489596,0.000202584642395901,0.02801576783799982,0.02377837240121889,0.0001603795085634216,0.0004389333918577856,0.0,6.752821413196701e-05,0.003367969679831855,0.007225518912120471,0.002253754146654399,0.001679764326532679,0.0004473744186242815,0.001510943791202762,0.0,0.0001603795085634216,0.01900075125138222,0.001941436156294051,0.0,0.003224472224801424,0.000405169284791802,0.003714051777258186,3.37641070659835e-05,0.002279077226953887,0.0,0.0003798462044923144,3.37641070659835e-05,0.0001097333479644464,0.0,0.0,0.0007850154892841165,0.001477179684136778,0.0
sample62,0.0007701669645913362,0.3326170463621496,4.754117065378618e-05,0.1135663484577644,0.0,0.1043718860533222,0.08035408663902936,0.1049138553987753,0.0,0.0008081999011143651,0.1081561632373636,5.704940478454342e-05,0.0004088540676225611,0.0001045905754383296,7.606587304605789e-05,0.06443730270414179,0.008937740082911802,0.01276005020347621,0.004925265279732249,0.0001711482143536302,0.003185258433803674,0.0,0.0001521317460921158,0.003793785418172137,0.004516411212109687,0.0,0.003033126687711558,0.0004468870041455901,0.005590841668885255,7.606587304605789e-05,0.002842962005096413,0.0,0.0,0.0,0.003242307838588217,0.0,0.0,0.0009983645837295097,0.003518046628380178,0.0
sample63,0.000946790380609733,0.3334019413319283,0.0001152614376394458,0.1814873665231387,7.409663848250084e-05,0.0966961132196636,0.2191696236714061,0.09736298296600612,0.0,0.0006174719873541738,0.02565390283460806,0.0002058239957847246,0.0002552217547730585,0.0002222899154475025,0.0,0.002206433234812247,0.003606036406148374,0.00363896824547393,0.00266747898537003,0.002329927632283082,0.003984752558392268,0.0,0.0001399603171336127,0.0005763071881972288,0.002782740423009476,0.0,0.001317273573022237,0.0003128524735927813,0.002552217547730584,0.0,0.001193779175551402,1.646591966277796e-05,0.0001399603171336127,0.0,0.0005598412685344508,0.0,0.0,0.0007903641438133423,0.001646591966277796,0.0
sample64,0.0008421877295206384,0.3087597316750723,0.0001468932086373207,0.2056211134505215,5.875728345492826e-05,0.2174117416638104,0.05733731577143417,0.1252117710424522,0.0001958576115164275,0.0007834304460657102,0.02864417568427754,0.0001273074474856779,0.0003329579395779268,0.0,0.0,0.006541644224648681,0.00333937227635509,0.001341624638887529,0.0214855799833521,0.0008715663712481026,0.0006561229985800323,0.0,0.0001175145669098565,0.0004113009841844979,0.0005386084316701758,2.937864172746413e-05,0.005317534152671008,0.0,0.001322038877735886,0.0,0.0001860647309406062,0.0,0.0002252362532438917,0.0,0.0008911521323997453,0.0,0.0,0.0004015081036086765,0.000803016207217353,0.0
sample65,0.0007558771572224488,0.2831821579018888,0.0,0.2318334692213616,9.342301943198804e-05,0.204256692485392,0.02288014675907053,0.122520043484169,0.0,0.01756352765321375,0.02090977034923223,0.0001019160211985324,0.0003057480635955972,0.0,4.246500883272184e-05,0.04888571816822938,0.003074466639489061,0.005647846174752004,0.01343592879467319,9.342301943198804e-05,0.002301603478733523,0.0,0.0001273950264981655,0.0007898491642886261,0.001273950264981655,0.0,0.004874983013996467,0.0006284821307242833,0.001681614349775785,0.0,0.0007134121483897269,7.64370158988993e-05,0.0001358880282647099,0.0,0.0003057480635955972,0.0,0.0,0.000577524120125017,0.001129569234950401,0.0
sample76,0.0009207117315804124,0.3263708969445218,0.0004175320643213498,0.0707020962250819,0.0002355309080787101,0.003115431556859302,0.2475965141425604,0.1208487677451127,0.0,0.06364687493308782,0.08991927713423119,0.0001498833051409974,0.0005352975183607048,6.423570220328458e-05,0.0,0.003597199323383937,0.005802625099030041,0.00195918891720018,0.00498897287112177,0.0001284714044065692,0.005534976339849689,0.0,0.0001712952058754256,0.01257949168147656,0.005684859644990685,0.0,0.01612316125302443,0.0004817677665246344,0.003051195854656018,0.0,0.004046849238806929,4.282380146885639e-05,0.0,0.0,0.0,0.0,0.0,0.0006851808235017022,0.001873541314262467,0.0
sample77,0.0009624464298685262,0.3281306748020629,0.0001997530326142224,0.1565155807365439,0.0002088327159148689,0.02836493063121958,0.09763383453185151,0.167865184862352,0.0003087092322219801,0.03876116801045978,0.0185043945667175,0.0002088327159148689,0.005620323963100167,7.263746640517178e-05,0.0001180358829084042,0.06314919735599622,0.03576487252124646,0.001470908694704729,0.01391915449989104,7.263746640517178e-05,0.001915813176436406,0.0,0.0001815936660129295,0.002315319241664851,0.00424929178470255,0.0,0.002669426890390063,0.0007082152974504249,0.002905498656206872,0.0,0.001661582044018305,6.355778310452532e-05,7.263746640517178e-05,0.0,0.0005447809980387885,0.0,0.0,0.00110772136267887,0.00159802426091378,0.0
sample78,0.0009079463464239019,0.419773860829984,0.0002663309282843446,0.1451140380611108,8.474165899956418e-05,0.01542298193792068,0.1709481381046923,0.1482857972979517,0.0001815892692847804,0.01633092828434458,0.0319476054428357,8.474165899956418e-05,0.0003510725872839087,0.0,0.0,0.0152171807660646,0.003413878262553871,0.0006658273207108614,0.002772262844414314,0.01129485254951334,0.003958646070408213,0.0,0.0,0.0,0.002421190257130405,0.0,0.0005084499539973851,0.001053217761851726,0.001815892692847804,0.0,0.0002421190257130405,4.842380514260811e-05,7.263570771391216e-05,0.0,4.842380514260811e-05,0.0,0.0,0.0005931916129969493,0.0009684761028521621,0.0
sample79,0.0008232276857803248,0.3085283221986512,0.000174144318145838,0.1597378336446823,0.000213722572269892,0.03651489725485229,0.2283506949941424,0.1173336921761707,0.0,0.07850742488047366,0.0226862552639078,0.0001187347623721622,0.0003403729854668651,0.0,9.498780989772979e-05,0.005366811259221733,0.004931450463857139,0.0006728303201089193,0.005976316372732166,0.0005382642560871354,0.001860177943830542,0.0,0.0001187347623721622,0.0007994807333058926,0.004131969730551245,0.0,0.006997435329132761,0.00038786689041573,0.002010575309501947,0.0,0.000601589462685622,3.957825412405408e-05,0.0,0.0,0.0002533008263939461,0.0,0.0,0.0008390589874299465,0.0005857581610360003,0.0
sample80,0.0008881415342348957,0.3466001942069488,0.0,0.1446486512090567,0.0002605215167089027,0.01789309144305237,0.1615707079080122,0.1328659735215404,0.0,0.04197948985150273,0.01766809558771286,0.0001657864197238472,0.0004263079364327499,0.0,0.000201312081093243,0.06404092556189754,0.02824290078866968,0.002309167989010729,0.009153778746180992,0.0004263079364327499,0.005174904672808659,0.0,0.0001184188712313194,0.0006039362432797291,0.005210430334178054,0.0,0.001468394003268361,0.0008407739857423679,0.004274921251450631,0.0,0.0005328849205409374,0.0001065769841081875,0.0,0.0,0.0001184188712313194,0.0,0.0,0.0005684105819103333,0.002392061198872652,0.0
sample81,0.0008959426596697812,0.3246725542898587,8.532787234950297e-05,0.2113429184976606,0.0002986475532232604,0.1052661518551702,0.08603893795241549,0.100885987741229,0.0,0.04417139525292603,0.08566918383890097,0.0,0.0003413114893980119,7.110656029125247e-05,0.0,0.01129172177425089,0.004721475603339164,0.001621229574640556,0.005233442837436182,0.0001279918085242545,0.003270901773397614,0.0,0.0002559836170485089,0.0003128688652815109,0.001393688581708548,0.0,0.001820327943456063,0.0,0.001308360709359045,0.0,0.0007395082270290257,0.0,0.000113770496466004,0.0,0.0001706557446990059,0.0,0.0,0.0003413114893980119,0.0008106147873202782,0.0
sample82,0.0010221093992175,0.3069511817092686,0.0001005353507427049,0.1608816950260135,0.0003602516734946925,0.1480299260227378,0.06626955203123298,0.1476361625656621,0.0,0.01735910389490705,0.02676753713524518,0.0001005353507427049,0.0004775429160278483,3.351178358090163e-05,5.026767537135245e-05,0.06026256482435637,0.01218991127755297,0.0009215740484747949,0.005671869371067602,0.0001340471343236065,0.005688625262858051,0.0,0.0002094486473806352,0.0001508030261140574,0.01014569247911797,7.540151305702868e-05,0.001248313938388586,0.001298581613759938,0.007757977898978727,0.0001508030261140574,0.0005780782667705532,6.702356716180327e-05,0.0,0.0,0.0005026767537135245,0.0,0.0,0.0008545504813129917,0.002789855983110061,0.0
sample83,0.0003427894753243515,0.2812224080441263,6.23253591498821e-05,0.2181387570245873,0.0,0.1644662352366806,0.04745037343277691,0.09905577080887928,0.0,0.1410734504357581,0.01492692351639676,9.348803872482315e-05,0.000560928232348939,7.271291900819579e-05,0.0001038755985831368,0.01684862209018479,0.002534564605428539,0.000851779908381722,0.003230531115935556,5.193779929156842e-05,0.001225732063281015,0.0,0.0001662009577330189,0.0,0.001038755985831368,0.0,0.0005193779929156841,0.0005713157922072526,0.0008102296689484673,0.0,0.0001038755985831368,5.193779929156842e-05,0.0,0.0,3.116267957494105e-05,0.0,0.0,0.0003116267957494105,0.000425889954190861,0.0
sample84,0.0005589499450687123,0.3427423240753233,0.0002216525644237997,0.1905537459283388,0.0004433051288475994,0.104224890619278,0.128539213229767,0.1278742555364956,0.0,0.05400612917525972,0.01228726172349324,3.85482720737043e-05,0.000395119788755469,0.0,0.000134918952257965,0.008239693155754294,0.00542566929437388,0.000790239577510938,0.005599136518705548,0.000125281884239539,0.002245436848293275,0.0,0.000125281884239539,6.745947612898252e-05,0.004105390975849508,0.0,0.001599753291058728,0.0006842318293082513,0.000780602509492512,0.0,0.0004433051288475994,9.637068018426074e-05,0.0,0.0,0.0,0.0,0.0,0.0006360464892161209,0.0002409267004606519,0.0
sample85,0.001345082214719043,0.3021310860395107,0.0003202576701712006,0.18947358789243,0.0002470559169892119,0.09405510261970774,0.1287618838471181,0.1044131506949591,0.0,0.04220996092856425,0.01756842076367729,3.660087659099435e-05,0.0004117598616486865,9.150219147748589e-05,0.0,0.06701620503811066,0.02088080009516228,0.001216979146650562,0.00634110186938977,0.000311107451023452,0.004675761984499529,0.0,0.002049649089095684,0.0002287554786937147,0.004565959354726546,0.0,0.0005490131488649153,0.000466661176535178,0.003010422099609286,0.0,0.0003202576701712006,0.0,3.660087659099435e-05,9.150219147748589e-05,1.830043829549718e-05,0.0,0.0,0.0004849616148306752,0.001308481338128048,0.0
sample96,0.4209209253622739,0.1154839339432608,0.2004064210984018,0.1357517459246967,0.0,0.05977407246363951,0.01036462539155745,0.01568004543397432,0.0,0.002653273109653832,0.01862615470623209,6.211676176447099e-05,0.000124233523528942,0.0,0.0,0.007569371112156251,0.0005058079172249781,0.0004170696861328766,0.0003638267474776158,6.211676176447099e-05,0.0008873823109210141,0.0,0.0006034199714262896,0.0,0.0003194576319315651,0.0,0.0006211676176447098,8.87382310921014e-06,0.0005058079172249781,0.0,0.000186350285293413,9.761205420131156e-05,0.0,9.761205420131156e-05,0.0,0.0,0.0,0.0005413032096618186,0.0002750885163855144,0.0
sample97,0.2681456878251962,0.1469132743599874,0.2314491773419137,0.1127145373092351,0.0002276790796408028,0.09508280152411054,0.02835274185879879,0.02491746633363021,0.0,0.0004084830546496755,0.03255810838863479,8.705376574501282e-05,0.0002343755231596499,0.0,0.0,0.03040855001908486,0.001868307741758352,0.000669644351884714,0.000381697280574287,0.002370541005671888,0.00547769079841696,0.0,0.001058038075977848,5.357154815077712e-05,0.004359384730769487,0.0,0.001546878452853689,0.0001473217574146371,0.002658488076982314,0.0,0.0001004466527827071,5.357154815077712e-05,4.017866111308284e-05,0.0001607146444523314,0.0003415186194612041,0.0,0.0,0.0008705376574501282,0.0002812506277915799,0.0
sample98,0.3887623806154935,0.1318203926423771,0.193137601697913,0.11836752741422,9.948708878669968e-05,0.08327069331446763,0.008511673151750972,0.01734391581181464,0.0,0.0317916519278387,0.007384152812168377,5.527060488149983e-05,0.0004200565970993987,0.0,3.31623629288999e-05,0.007627343473646976,0.0002431906614785992,0.0004200565970993987,0.0002431906614785992,0.0002431906614785992,0.0007737884683409976,0.0,0.0005416519278386982,0.0,0.0001658118146444995,0.0,0.0005305978068623983,3.31623629288999e-05,0.0007074637424831978,0.0,0.0,9.948708878669968e-05,0.0001215953307392996,0.0001547576936681995,0.000320569508312699,0.0,0.0,0.0004090024761230987,0.0001326494517155996,0.0
sample99,0.4836542905561547,0.1173470959790479,0.073393930057002,0.07912494222769989,0.0,0.04138037282391003,0.002033584963796025,0.0109690340471422,0.0,0.1352488060391311,0.02796179325219535,3.081189339084887e-05,0.0003235248806039131,0.0,0.0,0.003235248806039131,0.002773070405176398,0.0005083962409490063,0.0006316438145124018,7.702973347712218e-05,0.000462178400862733,0.0,0.0008319211215529194,0.0,0.0008627330149437683,0.0,0.005592358650439069,0.0,0.002156832537359421,4.62178400862733e-05,0.001047604375288862,0.0,0.0,0.0001540594669542444,0.0008627330149437683,0.0,0.0,0.0007086735479895239,0.0008473270682483439,0.0
sample100,0.3014714723046899,0.08802937395373787,0.2489109625149136,0.1065360746557162,0.0001479796158079225,0.1063788463139203,0.03608852880515709,0.01902462935730603,7.398980790396123e-05,0.002839358878314512,0.03227805369810309,6.474108191596607e-05,0.0002774617796398546,0.0,0.0,0.03541337180803344,0.002127206977238885,0.0006104159152076802,0.0003052079576038401,0.0,0.002922597412206468,0.0,0.001082100940595433,0.0,0.001304070364307317,2.774617796398546e-05,0.001572283417959176,2.774617796398546e-05,0.001711014307779104,5.549235592797092e-05,0.0002867105056278498,7.398980790396123e-05,0.0,0.000120233437843937,0.0009341213247875105,0.0,0.0,0.0008878776948475348,0.0004716850253877528,0.0
sample111,0.3303116629766679,0.07684745080431651,0.2263775565498769,0.1012788555326758,0.0,0.06545232160274969,0.1098174611775999,0.004451222344362043,0.0,0.004528634906872687,0.03191719952313862,0.0,0.0002941677375404481,0.0001083775875149019,6.193005000851538e-05,0.0348356531297899,0.0007586431126043133,0.0006657480375915403,0.00040254532505535,9.289507501277308e-05,0.0007973493938596355,0.0,0.001687593862732044,0.0,0.0002941677375404481,0.001215377231417114,0.0004257690938085433,3.870628125532211e-05,0.0003173915062936413,0.0,0.0001857901500255462,6.193005000851538e-05,0.0003638390438000279,0.0001161188437659663,0.000642524268838347,0.0,0.0,0.00187338401275759,0.0004180278375574788,0.0
sample112,0.428917506056356,0.1221343873517787,0.1366568914956012,0.0825576947596583,0.0001275022312890476,0.0458370521484126,0.06800969016957797,0.002065536146882571,0.0,0.008325895703174805,0.02880275404819584,7.650133877342853e-05,0.0004462578095116664,0.0,0.0,0.04601555527221726,0.002142037485655999,0.0009180160652811424,0.0008032640571209997,0.0009307662884100472,0.006872370266479663,0.0,0.00128777253601938,0.0,0.002983552212163713,0.001402524544179523,0.002078286370011475,0.0,0.002027285477495856,0.0,0.0003060053550937141,0.0,0.0001657529006757618,0.0,0.0006630116027030473,0.0,0.0,0.00158102766798419,0.0008542649496366187,0.0
sample113,0.3378094222813383,0.0777431122673526,0.2237914070828484,0.090457421733645,0.0001075826185609358,0.08551840151789294,0.04814811192504426,0.002689565464023394,0.0,0.05501383903684216,0.02129157823701429,3.912095220397664e-05,0.0001956047610198832,0.0,4.890119025497081e-05,0.0227781744207654,0.001564838088159066,0.0005281328547536847,0.0005183526167026906,0.004929239977701057,0.004166381409723512,0.0,0.001330112374935206,0.0,0.002709125940125383,0.009604193766076265,0.001369233327139183,0.0,0.001232309994425264,0.0,0.0001858245229688891,6.846166635695913e-05,0.0001467035707649124,0.0001564838088159066,0.0002249454751728657,0.0,0.0,0.001281211184680235,0.0005379130928046789,0.0
sample114,0.5359165263735967,0.05597018284613376,0.09270145934801985,0.07352557235071167,0.0001260386938790209,0.03120357949890617,0.002223682670579868,0.001710525131215283,0.0,0.08758788948207098,0.07083374596000971,7.202211078801193e-05,0.0005131575393645849,0.0001080331661820179,7.202211078801193e-05,0.01537672065324054,0.005077558810554841,0.002691826390701945,0.0006031851778495999,9.903040233351639e-05,0.001980608046670328,0.0,0.0009452902040926564,0.0,0.001494458798851247,0.0007922432186681311,0.007805396256650792,0.0,0.00162950025657877,0.0,0.0012063703556992,4.501381924250745e-05,9.903040233351639e-05,0.0001980608046670328,0.001035317842577671,0.0,0.0,0.001431439451911737,0.0009993067871836654,0.0
sample115,0.3736112794408758,0.08856300246434773,0.1960651234193835,0.1152506766856543,6.463862966105119e-05,0.04973942552417888,0.0907607158728235,0.001551327111865228,0.0001131176019068396,0.009283723185068475,0.02821476184704885,5.655880095341979e-05,0.0004120712640892013,4.847897224578839e-05,4.039914353815699e-05,0.03015392073688038,0.0005413485234113038,0.0006383064679028804,0.0003716721205510443,0.0002747141760594675,0.001026138245869188,0.0,0.001527087625742334,0.0,0.0003716721205510443,0.003854078293540177,0.0004201510927968327,2.423948612289419e-05,0.0002989536621823618,0.0,0.0,0.0,0.0002504746899365734,0.0001454369167373652,0.000791823213347877,0.0,0.0,0.001317012079343918,0.0005171090372884095,0.0
sample126,0.2606557110050653,0.1216876496359876,0.1589113829215459,0.04926790338604864,0.0002443036531539601,0.09103568462027069,0.08659750158797375,0.01035033143862278,0.0,0.01453606736266063,0.06211013208684178,0.0,0.0003013078388898842,0.0001547256469975081,0.0001302952816821121,0.03464225801723155,0.0008632062411439926,0.0007736282349875405,0.0003664554797309403,0.0003257382042052802,0.0005944722226746364,0.0,0.001905568494600889,0.0,0.0001791560123129041,0.08577501262235541,0.0005700418573592403,0.0,0.0006677633186208244,0.0,0.0004071727552566002,4.886073063079203e-05,0.0005618984022541084,0.0001302952816821121,0.001758986302708513,0.0,0.0,0.00276063128063975,0.0008632062411439926,0.0
sample127,0.2942383102715945,0.1044048041866297,0.200133369091713,0.03678522502410066,0.004305502199865181,0.1046729920340961,0.009328588099707892,0.004675166530156636,0.0001449664040358647,0.1747642483854367,0.007212078600784269,0.0002971811282735226,0.0003479193696860752,0.0001377180838340715,0.0001449664040358647,0.04169233780071468,0.001014764828251053,0.0003044294484753159,0.0004348992121075941,0.0001812080050448308,0.001384429158542508,0.0003769126504932482,0.0001304697636322782,0.0001087248030268985,0.001543892202981959,0.001507650601972993,0.0003044294484753159,0.0002536912070627632,0.0002536912070627632,3.624160100896617e-05,0.0001667113646412444,0.0002029529656502106,0.0006088588969506317,7.973152221972558e-05,0.0007973152221972559,0.0,0.0,0.0005798656161434588,9.422816262331205e-05,7.248320201793235e-05
sample128,0.3691267623727399,0.08530044641423389,0.142603654815814,0.0499967883868067,0.003693355172303048,0.1313549796062562,0.06280309599511835,0.0005620323088287247,8.029032983267496e-05,0.07572181006519574,0.01652374987956451,0.0003131322863474323,0.0003613064842470373,0.0005379452098789221,0.0001204354947490124,0.01702154992452709,0.0002729871214310948,0.0005218871439123872,0.0002649580884478273,0.0006664097376112021,0.0004094806821466422,0.0004255387481131772,0.0004255387481131772,0.0002890451873976298,0.000586119407778527,0.02690528952692938,0.0005540032758454572,0.0002167838905482224,0.0002890451873976298,0.0,0.0003211613193306998,0.0002729871214310948,0.001541574332787359,0.0001043774287824774,0.0005058290779458522,0.0,0.0,0.001485371101904487,0.0005058290779458522,0.0004656839130295147
sample129,0.3990609325125399,0.05541068171454627,0.08201521887824897,0.0383108185134519,0.002693228454172367,0.1223423962608299,0.003120725034199726,0.004331965344277246,0.0001424988600091199,0.1137710898312814,0.0828345873233014,0.0002137482900136799,9.974920200638395e-05,0.0005129958960328317,0.0001852485180118559,0.02693228454172367,0.004759461924304606,0.0008264933880528956,0.0001852485180118559,0.0006127450980392157,0.001845360237118103,0.0003562471500227998,0.0003348723210214318,0.0004346215230278158,0.003085100319197447,0.02390418376652987,0.002315606475148199,0.0003918718650250798,0.001574612403100775,0.0,0.004759461924304606,0.0003206224350205198,0.001888109895120839,0.0001923734610123119,0.005386456908344732,0.0,0.0,0.0008977428180574555,0.001531862745098039,0.0003776219790241678
sample130,0.2553291102825457,0.08507961936135289,0.2448542144956312,0.05359288361414929,0.003017807886913995,0.1615119499551559,0.01437266260907824,0.002481935458396557,0.0001353782977307213,0.1273740558773924,0.006633536588805343,0.0002707565954614426,0.0001353782977307213,0.0002933196450832295,0.0001071744857034877,0.02575572114326972,0.0005809985277610122,0.000282038120272336,3.384457443268032e-05,8.46114360817008e-05,0.0004681832796520778,0.0002651158330559958,0.000282038120272336,8.46114360817008e-05,0.0004343387052193975,0.005353083522768937,0.0001523005849470615,0.000180504396974295,0.0001974266841906352,7.897067367625409e-05,0.0001297375353252746,0.0001071744857034877,0.001161997055522024,5.64076240544672e-05,0.000643046914220926,0.0,0.0,0.0003610087939485901,0.0002143489714069754,0.0001466598225416147
